ply
format ascii 1.0
element vertex 7768
property float x
property float y
property float z
property float nx
property float ny
property float nz
element face 15000
property list uchar int vertex_indices
end_header
-7.460089 77.539738 -142.626841 0.069467 0.135211 -0.988379
-10.239709 73.208128 -143.077352 0.040132 0.110146 -0.993105
-3.817446 73.327397 -143.315188 -0.005970 0.159113 -0.987242
-6.426131 75.080210 -142.915210 -0.008550 0.133638 -0.990993
-8.421417 83.736566 -142.227316 0.091366 0.192670 -0.977001
-7.308995 81.308736 -142.427632 0.049465 0.003521 -0.998770
-5.651299 78.909098 -142.013132 0.126118 0.027231 -0.991641
-9.426074 80.377893 -142.156993 0.044111 0.087075 -0.995225
-5.944449 82.871385 -141.845962 0.017392 0.056088 -0.998274
-12.708548 79.775176 -142.708609 0.036855 0.175190 -0.983845
-15.727353 67.232817 -144.170901 -0.017656 0.073297 -0.997154
-17.212983 62.967792 -144.367896 -0.018575 0.119640 -0.992644
-13.693286 77.114272 -142.962867 0.020375 0.097845 -0.994993
-18.874879 70.561765 -143.787713 -0.036420 0.124215 -0.991587
-7.777735 70.202011 -143.386303 -0.023307 0.133750 -0.990741
-10.514436 65.870450 -144.143957 0.017873 0.127677 -0.991655
-13.292324 81.718387 -142.181939 -0.039422 0.096692 -0.994533
-15.174646 73.672835 -143.306458 0.010249 0.125547 -0.992035
-4.761893 67.625429 -143.918820 -0.008006 0.131037 -0.991345
-24.132903 58.453030 -144.773632 -0.040329 0.129483 -0.990761
-22.269378 64.085838 -143.982569 -0.033318 0.099583 -0.994471
-1.962695 69.579074 -143.789881 0.021575 0.113312 -0.993325
-14.952443 79.814032 -142.444830 -0.066272 0.250100 -0.965949
-11.338100 83.218102 -142.281983 -0.033007 0.100587 -0.994381
-8.168774 85.576428 -141.666425 -0.036166 0.090312 -0.995257
-21.020727 74.081579 -142.953278 -0.069160 0.126970 -0.989493
-1.980979 81.356359 -142.179623 0.072438 0.112112 -0.991052
-2.301263 79.640315 -141.361799 -0.186283 -0.174382 -0.966897
-1.239331 78.371862 -141.980074 -0.548535 0.141866 -0.824004
-3.933022 82.940289 -142.228886 0.065017 0.065684 -0.995720
-0.530763 88.500960 -140.769082 0.196424 0.234457 -0.952076
-5.588982 84.404316 -142.266369 0.065934 0.130412 -0.989265
-1.944151 77.547720 -141.452733 0.047899 0.003383 -0.998846
0.671866 86.474687 -140.969975 0.177393 0.204780 -0.962599
-3.961466 80.764371 -142.001285 0.090342 -0.061254 -0.994025
0.922096 89.819520 -139.684788 0.421543 0.422629 -0.802301
-11.148230 87.392540 -141.741113 -0.005165 0.044620 -0.998991
-0.310987 78.829019 -142.319325 -0.151728 -0.013965 -0.988324
-12.237884 85.299223 -141.731823 -0.044405 0.094005 -0.994581
3.359245 85.375789 -140.527155 0.457552 0.364825 -0.810894
-7.744151 87.226864 -141.786197 0.014292 0.216156 -0.976254
14.351787 75.026120 -136.435370 0.591577 0.416299 -0.690458
14.010508 73.073433 -138.235520 0.678236 0.361049 -0.640031
13.465526 76.715816 -136.242687 0.683937 0.391475 -0.615612
13.705892 85.685903 -127.868093 0.707132 0.619004 -0.341758
14.631380 82.243683 -131.378457 0.707219 0.546401 -0.448651
12.726259 72.863287 -139.809983 0.638545 0.273019 -0.719528
11.293522 86.888926 -130.308414 0.693168 0.625527 -0.358097
17.208955 80.572825 -128.753900 0.733130 0.577693 -0.358876
8.377167 87.926746 -133.802904 0.680838 0.561365 -0.470455
11.398955 76.562017 -139.377281 0.641671 0.443111 -0.626029
10.262909 85.130011 -134.128383 0.656663 0.472647 -0.587706
10.705738 80.097029 -137.241055 0.621222 0.430458 -0.654819
6.830341 81.723532 -139.229747 0.575328 0.418492 -0.702753
8.939666 84.136345 -136.294437 0.606503 0.419091 -0.675660
5.126544 85.316594 -139.150559 0.630157 0.380109 -0.677067
13.154177 81.345846 -134.170022 0.647970 0.435287 -0.625028
15.147934 79.000152 -133.687580 0.661765 0.428091 -0.615471
5.155201 82.670868 -140.427678 0.564392 0.325796 -0.758497
5.865779 90.849244 -133.817832 0.671263 0.614359 -0.414691
-3.518699 77.332774 -141.580759 0.218151 0.309922 -0.925396
3.632120 76.489984 -142.416491 0.036143 0.102741 -0.994051
-2.222895 76.851013 -141.894193 -0.042159 0.258562 -0.965074
-0.918984 75.415666 -142.082055 0.078489 0.278573 -0.957202
-4.938735 76.713370 -142.438101 0.146185 0.297863 -0.943349
0.322464 74.752659 -142.368334 -0.093475 0.018898 -0.995442
-1.921640 74.286778 -142.792577 0.132654 0.272383 -0.953001
4.103853 89.332154 -137.785574 0.618019 0.483876 -0.619610
5.097308 77.800025 -142.025976 0.181709 0.201285 -0.962531
3.058670 83.275997 -141.287170 0.193473 0.211504 -0.958037
5.709371 79.753334 -141.297389 0.468562 0.325903 -0.821119
4.304495 72.310036 -142.868019 0.026357 0.178771 -0.983538
6.764444 73.796232 -142.443179 0.179252 0.147501 -0.972683
7.805530 76.092774 -141.712310 0.374736 0.246686 -0.893711
1.717719 69.632610 -143.677607 0.061573 0.193429 -0.979180
10.689078 76.020936 -140.217722 0.493904 0.296257 -0.817490
5.097343 62.690800 -144.227978 0.052861 0.076513 -0.995666
4.416333 68.457919 -143.607208 0.157062 0.147087 -0.976574
7.669116 78.653721 -140.666773 0.458953 0.409357 -0.788536
9.138471 71.153774 -142.159094 0.264529 0.158609 -0.951245
-0.019053 65.131459 -144.047099 0.031402 0.103638 -0.994119
11.787393 70.489294 -141.189678 0.467634 0.223087 -0.855307
11.287772 59.200038 -142.950946 0.299177 0.088052 -0.950126
-2.857303 54.967021 -145.150750 0.011543 0.169457 -0.985470
2.281868 55.403096 -144.913264 0.077181 0.127966 -0.988771
-11.156472 93.333093 -140.170334 -0.007928 0.250955 -0.967966
-21.606527 96.636263 -138.300381 -0.197825 0.665728 -0.719494
-20.390407 100.393510 -134.588219 -0.284980 0.768087 -0.573435
-10.861972 99.335458 -136.784779 0.108584 0.751267 -0.651005
-9.470827 101.974586 -132.453758 0.267842 0.896771 -0.352226
-19.909281 91.131947 -140.861888 -0.042137 0.260946 -0.964433
-14.518192 89.962824 -141.401030 0.010107 0.264831 -0.964242
-10.849708 97.603714 -138.596184 -0.000694 0.659154 -0.752007
-16.326799 95.778844 -139.415933 -0.020083 0.344407 -0.938605
-21.711776 94.082529 -139.912407 -0.094674 0.351415 -0.931420
-15.662424 86.876891 -141.731620 -0.027919 -0.008885 -0.999571
-15.477887 88.339939 -141.683257 -0.050377 0.151498 -0.987173
-14.614978 85.175963 -141.278204 -0.047259 0.076207 -0.995971
-20.625411 88.446348 -141.322098 -0.037555 0.118013 -0.992302
-19.693471 95.898731 -139.082009 -0.095467 0.518052 -0.850005
-25.098881 96.928360 -136.504350 -0.326933 0.715271 -0.617658
-24.375938 89.022234 -141.049355 -0.098191 0.245982 -0.964288
-23.523088 94.462882 -139.329443 -0.282067 0.543513 -0.790590
-17.506464 100.037458 -135.825430 -0.111453 0.764962 -0.634359
-25.553776 91.634230 -140.060741 -0.209710 0.363340 -0.907748
-5.817310 100.695566 -131.941621 0.355847 0.891051 -0.281782
-27.338784 91.695267 -139.578109 -0.305683 0.438699 -0.845045
-8.702968 95.905867 -140.148113 0.137235 0.527701 -0.838271
-15.008229 97.818007 -138.388647 -0.082598 0.614821 -0.784330
-6.307895 99.620437 -134.833710 0.336320 0.812817 -0.475624
-7.246798 99.062763 -136.216130 0.229005 0.768227 -0.597816
-11.953837 101.349102 -134.452186 0.064878 0.843716 -0.532855
-14.513554 99.699392 -136.630053 -0.012110 0.744747 -0.667237
-11.841401 96.297542 -139.384103 -0.078971 0.375211 -0.923569
-6.924156 92.750455 -140.479796 0.020440 0.168554 -0.985481
-5.685847 94.135323 -139.919656 0.271044 0.465141 -0.842721
-5.296052 97.055306 -137.311523 0.364583 0.657711 -0.659162
-14.235382 104.093008 -129.309436 0.051325 0.927200 -0.371033
-15.931717 102.797832 -132.010553 -0.039342 0.863409 -0.502968
-3.069880 96.217190 -136.692124 0.457610 0.673841 -0.580113
-4.221791 89.970342 -141.070363 0.073277 0.234448 -0.969363
-2.587254 91.556379 -140.198326 0.265759 0.378398 -0.886672
-2.788240 94.563345 -138.420081 0.387130 0.665145 -0.638524
-12.302841 104.007113 -128.457446 0.222165 0.958648 -0.177868
-1.865729 99.918799 -126.818310 0.488305 0.859162 -0.152966
-3.822026 101.476790 -122.266167 0.474020 0.869858 -0.136572
-1.464352 101.267152 -118.330893 0.479337 0.818068 -0.317805
-5.921165 104.154036 -117.392722 0.385131 0.834187 -0.394723
-5.162107 101.260859 -128.781650 0.436048 0.876634 -0.203411
-4.252471 99.665452 -133.093272 0.501646 0.820156 -0.275128
-3.214354 106.480881 -108.714055 0.586848 0.793027 -0.163453
-0.357978 97.514788 -131.275137 0.585362 0.753007 -0.300551
4.780584 93.475016 -130.679724 0.637763 0.720987 -0.270992
-1.817349 102.621612 -115.755605 0.525661 0.775098 -0.350576
-3.755827 105.826846 -111.839674 0.469297 0.802270 -0.368948
-1.672816 104.161118 -112.365458 0.604933 0.737832 -0.299433
-7.856919 103.159742 -125.760818 0.371757 0.912426 -0.171099
-12.262351 104.169833 -125.645559 0.149002 0.987125 -0.058152
-13.476919 104.225662 -124.524792 0.032171 0.999123 0.026805
-16.784817 104.511489 -127.150763 -0.058144 0.995767 -0.071190
-12.398874 104.231105 -121.738887 0.032147 0.993739 -0.107005
-13.966550 104.593656 -119.994451 0.026479 0.959820 -0.279365
-21.560249 103.747056 -125.858825 -0.256020 0.955763 -0.144812
-18.248235 103.448237 -130.073912 -0.217713 0.917630 -0.332501
1.540360 95.170569 -133.339192 0.585815 0.736900 -0.337341
3.607465 93.081002 -133.889082 0.643925 0.682773 -0.345228
6.575747 93.056264 -127.003560 0.650788 0.723753 -0.229471
1.091279 99.908457 -117.514231 0.564961 0.795302 -0.219803
1.321578 100.621086 -114.109174 0.621697 0.738163 -0.261934
-7.932519 107.496619 -111.760492 0.245572 0.873088 -0.421203
-5.611357 106.856013 -111.570370 0.370829 0.848551 -0.377423
-10.036578 108.438648 -110.704960 0.121605 0.883906 -0.451577
-8.129430 104.121869 -119.080974 0.232218 0.903626 -0.359908
-6.421751 102.965787 -121.994419 0.391479 0.908734 -0.144730
-9.316043 103.975359 -121.266356 0.171419 0.979512 -0.105694
-10.971445 104.733464 -118.839098 0.083953 0.929531 -0.359060
0.701606 98.252187 -126.601406 0.602237 0.769523 -0.212473
-12.172254 107.437203 -112.955383 0.020287 0.907472 -0.419623
-14.530777 106.040333 -116.108799 -0.008726 0.924015 -0.382256
-5.350728 102.938903 -119.715874 0.442495 0.858635 -0.258735
0.218003 103.194849 -110.456568 0.670161 0.717786 -0.188858
-18.388461 102.275152 -132.473966 -0.164252 0.844178 -0.510279
-21.230774 101.563131 -132.183624 -0.333169 0.833908 -0.439996
0.656446 98.982029 -122.565370 0.495189 0.860035 -0.122996
5.486290 95.411252 -122.161360 0.593691 0.776422 -0.211422
-17.177640 104.164128 -123.854856 -0.008640 0.999794 0.018342
-8.408466 103.601471 -123.585058 0.255688 0.962406 -0.091640
-21.208317 104.011941 -121.970630 -0.156948 0.984924 -0.072743
-22.922844 101.683990 -130.298701 -0.380712 0.854468 -0.353472
-18.254677 104.318222 -121.390678 -0.030705 0.986570 -0.160430
13.087541 91.942350 -114.407807 0.574891 0.775242 -0.261725
11.842414 90.682006 -120.792949 0.617396 0.731792 -0.288623
15.484610 89.292523 -116.941738 0.606923 0.728260 -0.318249
0.758535 93.112767 -137.573718 0.482346 0.602499 -0.635875
10.042785 89.665889 -126.888116 0.660363 0.690938 -0.294152
7.627877 90.940473 -130.160435 0.685405 0.667613 -0.290712
-1.595005 93.296339 -138.912660 0.366606 0.500398 -0.784348
6.895123 93.944490 -123.484869 0.625132 0.733748 -0.266125
1.175494 99.124315 -120.129526 0.538614 0.820087 -0.193267
-1.484677 96.502250 -134.947415 0.504720 0.725893 -0.467265
1.734782 93.633006 -136.048339 0.600327 0.644858 -0.473039
9.037469 94.611953 -116.294292 0.578281 0.786705 -0.216071
10.330590 94.642421 -112.096559 0.572433 0.804461 -0.158628
14.348473 86.722323 -124.375185 0.703240 0.618565 -0.350471
13.638763 88.476809 -122.376411 0.642213 0.692765 -0.328083
-4.117064 98.714191 -134.646803 0.490567 0.721040 -0.489331
12.330834 96.551116 -103.785142 0.245503 0.828963 -0.502542
10.218192 95.705915 -106.282010 0.287916 0.906723 -0.308153
12.240021 94.084080 -109.255855 0.469312 0.846851 -0.250180
15.643737 96.135304 -101.049558 0.599136 0.755367 -0.265436
9.509454 95.668565 -108.810855 0.457082 0.885283 -0.085733
18.597995 94.893783 -97.006167 0.598572 0.761315 -0.249223
16.398388 96.920740 -95.798631 0.576773 0.797840 -0.175453
12.249109 99.035995 -99.669198 0.509616 0.811224 -0.286718
14.171703 96.431828 -102.611256 0.451391 0.783706 -0.426675
9.738679 100.810588 -98.332090 0.520487 0.797238 -0.305785
13.012210 99.134576 -96.861696 0.550065 0.825338 -0.127456
8.589050 96.879280 -104.441231 0.189915 0.810894 -0.553519
7.304369 98.431949 -102.827352 0.242529 0.674773 -0.697037
-1.904879 105.483662 -107.929753 0.685301 0.725774 0.060116
-3.151868 106.126895 -105.864051 0.681563 0.674382 0.284045
14.667624 98.406958 -92.925465 0.527565 0.843815 -0.098239
4.044254 98.772213 -106.886136 0.674693 0.655368 0.339532
2.153368 101.467519 -108.348437 0.707792 0.701002 0.087333
6.384886 97.095821 -105.047103 0.308978 0.923852 -0.225899
19.258786 92.291045 -102.869273 0.607580 0.746852 -0.270296
7.604522 96.855384 -108.779731 0.536102 0.843363 0.036527
3.301074 98.578570 -105.472025 0.660099 0.719170 0.216944
16.502130 93.620821 -104.936581 0.540418 0.763311 -0.353985
13.396882 94.690473 -106.361607 0.388607 0.826049 -0.408200
4.739240 97.601597 -105.222691 0.482867 0.860338 0.163274
3.849454 98.220731 -104.027598 0.329082 0.759571 -0.561032
15.200030 92.716215 -108.465229 0.498312 0.806562 -0.318029
18.741026 90.040478 -109.186221 0.552901 0.768091 -0.323012
5.093409 98.612097 -111.252250 0.581960 0.797680 -0.158205
0.045245 103.064671 -106.539015 0.693174 0.647386 0.316862
11.243928 98.492082 -101.492723 0.286138 0.790375 -0.541694
9.084712 99.810068 -100.748180 0.364069 0.729818 -0.578636
-0.806018 102.320952 -104.097517 0.673376 0.703831 0.226246
-2.508355 103.816359 -103.048456 0.711594 0.696795 -0.090061
5.540231 98.251091 -108.734316 0.634051 0.763801 0.120778
7.174308 103.135987 -95.925113 0.588472 0.799711 -0.119011
18.312604 88.656930 -113.149533 0.574492 0.728970 -0.372238
16.353025 90.341040 -113.008407 0.550616 0.777739 -0.303225
23.201931 88.919626 -104.273594 0.554175 0.767863 -0.321367
2.393834 100.901751 -110.711797 0.663246 0.731270 -0.159210
0.939635 101.019074 -104.763401 0.710484 0.676128 0.195097
18.940320 86.073162 -116.848145 0.649262 0.657565 -0.382187
2.653693 99.165395 -104.205713 0.609107 0.665688 -0.431101
-1.293834 103.108369 -102.427183 0.352951 0.665124 -0.658054
1.122913 101.601132 -102.891914 0.437496 0.669429 -0.600385
-4.068632 105.804582 -103.491157 0.683281 0.694155 0.226442
20.412522 92.242141 -100.327642 0.533096 0.789319 -0.304605
22.334501 86.295485 -112.420860 0.578296 0.733728 -0.356674
24.684436 84.017373 -112.182020 0.631454 0.667088 -0.395298
20.579850 85.432500 -115.587133 0.585382 0.666060 -0.462269
24.814966 86.664695 -106.481763 0.607539 0.722273 -0.330481
27.249644 79.955556 -114.871464 0.634702 0.616328 -0.466147
35.276137 72.005224 -112.042309 0.696102 0.557975 -0.451780
27.905017 81.538169 -111.247393 0.647895 0.675658 -0.351737
27.038803 76.607240 -118.865364 0.673340 0.573334 -0.466799
22.581959 79.517277 -121.853344 0.655332 0.619140 -0.432673
23.935711 80.392067 -118.354408 0.622681 0.636080 -0.455709
30.126406 73.810507 -117.672514 0.691744 0.537330 -0.482459
30.598986 77.221584 -113.484395 0.707095 0.546309 -0.448957
27.951582 84.000347 -106.006878 0.668605 0.657777 -0.346838
26.649663 72.531725 -124.535707 0.685407 0.542094 -0.486160
25.840641 90.104617 -97.062070 0.509298 0.783955 -0.355006
17.576271 83.848901 -122.756056 0.670056 0.626149 -0.398701
30.350731 79.220209 -110.850640 0.702422 0.625307 -0.339993
31.199292 81.504206 -104.164618 0.681645 0.617549 -0.392420
30.744046 84.187499 -101.079379 0.647683 0.618385 -0.445091
29.590853 70.646281 -121.890232 0.712396 0.484920 -0.507292
17.525600 81.715920 -126.068662 0.678607 0.615742 -0.400442
27.228268 86.620114 -102.667663 0.601251 0.710036 -0.366533
22.415030 77.639133 -124.316633 0.667520 0.554970 -0.496412
34.325843 75.144575 -109.261146 0.714199 0.588644 -0.378705
20.240354 78.758409 -126.193046 0.698730 0.554082 -0.452515
32.661409 81.636067 -101.546430 0.614362 0.648123 -0.449995
2.087872 103.158154 -101.486604 0.282389 0.558235 -0.780147
-8.668925 109.135612 -103.767751 0.383250 0.893350 0.234618
-10.247622 110.116936 -104.994904 0.309550 0.933317 0.181928
-12.827714 110.714734 -107.682367 0.069645 0.866226 -0.494775
-14.373271 108.225707 -111.451279 -0.036709 0.874956 -0.482810
-11.777786 109.900088 -100.750759 0.223266 0.842411 -0.490404
-9.263039 109.001240 -101.712940 0.325292 0.939135 -0.110502
-8.081122 109.569716 -99.591769 0.299886 0.751583 -0.587529
-10.713152 110.296861 -107.303258 0.250288 0.928838 -0.273159
-8.582243 109.779375 -107.598028 0.285339 0.917402 -0.277407
-12.182124 109.980333 -102.812622 0.241831 0.952227 0.186499
-12.651246 111.110182 -106.287300 0.088791 0.994765 -0.050578
-6.839738 108.953461 -105.841711 0.412817 0.896332 0.161777
-5.848640 108.572686 -107.724675 0.485789 0.853067 -0.190490
-14.523842 110.880742 -100.186933 -0.019559 0.806099 -0.591457
-14.121375 112.597467 -98.305583 0.098433 0.805284 -0.584661
-15.430293 110.256705 -108.206379 -0.119638 0.877785 -0.463875
-6.996083 107.880894 -101.834581 0.551479 0.831010 0.072755
-13.513083 110.818083 -104.382913 0.044379 0.975399 0.215932
-14.540957 110.112359 -101.962110 0.035784 0.999343 -0.005819
-22.797370 105.307915 -115.177241 -0.269659 0.892426 -0.361745
-20.494261 108.806145 -108.990281 -0.221957 0.895318 -0.386187
-20.485090 105.861555 -115.050449 -0.154178 0.907732 -0.390194
-19.986053 109.081548 -102.191239 -0.280283 0.954912 0.097899
-22.805432 108.661623 -104.119483 -0.321351 0.933138 0.161206
-18.643386 108.451375 -110.212939 -0.123352 0.882485 -0.453878
-19.555920 109.826515 -104.784497 -0.269290 0.953773 0.133418
-15.998787 110.733756 -106.599936 -0.191898 0.958968 -0.208698
-23.451230 107.047142 -110.638642 -0.366911 0.859563 -0.355708
-23.344632 107.960585 -101.853578 -0.363868 0.930764 0.035755
-24.615396 108.151675 -105.629312 -0.503700 0.863125 -0.036086
-21.160549 109.423140 -106.387957 -0.297352 0.945829 -0.130341
-18.195910 106.216513 -114.962891 -0.091009 0.920424 -0.380180
-23.769649 107.978645 -108.472554 -0.399590 0.869463 -0.290451
-16.437212 110.187732 -103.055145 -0.182638 0.965723 0.184454
-25.686773 106.857615 -101.454673 -0.565576 0.824265 -0.026688
-5.515883 106.877506 -101.057037 0.388715 0.736425 -0.553696
-4.064840 109.661831 -97.899338 0.310003 0.721272 -0.619407
-6.937552 110.866393 -97.821440 0.268825 0.762623 -0.588336
-25.128561 104.583107 -114.957794 -0.367284 0.864675 -0.342694
-27.571230 105.340188 -108.192008 -0.601914 0.782994 -0.156911
-27.107204 104.390735 -113.066040 -0.493652 0.820622 -0.287901
-30.297287 102.851195 -109.449783 -0.670474 0.728043 -0.142892
-4.992201 107.837238 -105.862736 0.587500 0.780418 0.213988
-25.562318 106.398511 -109.155051 -0.521737 0.813004 -0.258486
-3.751102 105.644534 -101.653049 0.526972 0.711975 -0.464104
-1.569365 105.780696 -100.542303 0.248559 0.622425 -0.742163
57.210230 24.200900 -83.982126 0.958900 0.089892 -0.269128
57.048763 25.496722 -84.467821 0.990179 0.032282 -0.136027
56.979316 22.599141 -87.450051 0.985207 0.083245 -0.149789
57.357515 26.992088 -83.500742 0.942912 -0.085266 -0.321942
55.723841 37.398892 -92.741580 0.975249 0.033227 -0.218601
57.401061 35.842506 -86.434243 0.952521 -0.045512 -0.301053
59.805108 41.660016 -76.087496 0.976946 0.101968 -0.187558
58.386812 38.596781 -83.954840 0.951378 0.044781 -0.304755
59.298186 36.824472 -80.656853 0.973067 0.054698 -0.223941
56.618006 35.030204 -89.299198 0.977214 0.007876 -0.212110
56.213605 27.411892 -90.778034 0.984931 0.005948 -0.172847
56.921423 19.783871 -89.292237 0.969076 0.129038 -0.210334
58.736350 34.177054 -82.221708 0.933362 -0.087961 -0.347992
60.686515 34.334939 -75.286943 0.977348 0.055750 -0.204165
59.226798 24.327560 -78.309054 0.935868 -0.068872 -0.345554
59.716385 34.434666 -79.578658 0.961067 -0.005635 -0.276258
56.128127 23.656984 -91.599900 0.968766 0.012908 -0.247641
56.705988 29.138394 -87.226676 0.982047 -0.049715 -0.181970
55.691543 33.760068 -93.707144 0.970688 0.004670 -0.240298
54.989488 35.214852 -95.592978 0.947749 -0.002313 -0.319009
55.209090 29.118221 -95.171350 0.959167 0.006772 -0.282759
58.703060 43.841716 -81.059738 0.972739 0.123813 -0.196086
45.793930 1.415211 -126.662659 0.971933 -0.137196 -0.191113
47.386645 8.152454 -120.052721 0.975062 -0.036126 -0.218973
47.003719 1.454268 -121.008379 0.976709 -0.116697 -0.180060
44.258252 21.493857 -125.072031 0.896124 0.232120 -0.378261
47.922947 12.934503 -118.961879 0.964986 -0.013227 -0.261966
46.213337 10.474874 -125.482836 0.949539 0.080873 -0.303043
46.889004 11.366414 -122.838721 0.968876 0.013291 -0.247191
47.735106 5.089097 -118.022055 0.970271 -0.109324 -0.215923
46.191057 3.891538 -126.232478 0.978033 -0.023398 -0.207133
44.397921 17.754023 -127.248373 0.907409 0.255898 -0.333354
46.066063 16.654478 -124.329916 0.921558 0.163709 -0.352038
45.553629 -2.540872 -123.731582 0.985301 -0.089029 -0.145791
47.607006 0.007188 -115.447664 0.975803 -0.145653 -0.163074
46.084560 20.078683 -121.694427 0.911255 0.213482 -0.352192
45.150231 22.799433 -122.488956 0.901573 0.135366 -0.410903
47.240609 15.413108 -121.242738 0.952397 0.097596 -0.288817
49.607786 13.865079 -112.586067 0.957335 0.027152 -0.287701
48.935798 8.632456 -114.993602 0.962863 -0.047325 -0.265809
46.418645 22.819401 -119.328985 0.919577 0.103547 -0.379020
48.563975 18.755160 -115.343509 0.946713 0.023834 -0.321195
47.788101 20.587393 -117.102329 0.908088 0.120628 -0.401029
42.446081 22.271437 -129.171006 0.901851 0.256535 -0.347640
44.617643 16.053762 -127.761448 0.937676 0.146233 -0.315244
43.683082 24.953966 -124.705010 0.875073 0.176286 -0.450744
45.198295 4.135388 -130.220724 0.977008 0.016167 -0.212588
40.183817 33.062350 -126.692835 0.796890 0.143426 -0.586853
37.141951 33.224601 -130.870954 0.769340 0.201782 -0.606135
40.953329 29.498377 -127.174788 0.808733 0.316196 -0.495954
38.936113 27.722189 -132.110666 0.824229 0.398903 -0.401899
44.801113 7.067098 -130.900136 0.966228 0.096417 -0.238971
42.446572 27.232694 -126.042436 0.859349 0.267521 -0.435834
37.225413 31.506994 -131.690769 0.778563 0.386242 -0.494629
44.055066 8.213063 -134.449438 0.981608 0.112356 -0.154344
44.371284 11.555370 -130.385530 0.959642 0.119614 -0.254520
42.926853 18.397439 -131.739530 0.910808 0.285427 -0.298262
41.185061 24.299952 -130.621831 0.860954 0.336487 -0.381491
46.584382 29.665562 -117.969902 0.892689 0.063616 -0.446161
45.792805 26.752480 -120.436414 0.890723 0.108042 -0.441519
43.379331 28.497673 -123.898438 0.809761 0.220149 -0.543894
44.498529 31.315348 -121.340490 0.826176 0.115815 -0.551380
48.240967 31.599423 -114.637940 0.894341 0.037380 -0.445821
47.232547 26.079351 -116.829580 0.896762 0.061935 -0.438158
45.822375 35.160966 -118.704896 0.866785 0.045007 -0.496647
48.890269 27.048892 -113.464400 0.911581 0.063430 -0.406197
50.465375 28.697094 -109.083905 0.949201 0.006700 -0.314600
50.440923 25.606948 -109.884663 0.953972 0.097904 -0.283466
49.562116 44.293811 -109.755356 0.912137 0.103174 -0.396688
51.340940 40.918166 -105.963045 0.938552 0.060952 -0.339714
53.161386 43.925778 -99.890307 0.939246 0.067134 -0.336614
54.846919 48.807051 -93.430445 0.927298 0.188909 -0.323159
54.060440 45.814015 -96.839740 0.928604 0.156258 -0.336568
55.256840 42.582714 -94.502757 0.972649 0.075572 -0.219644
54.782602 41.111674 -96.588371 0.947787 0.038918 -0.316519
52.885319 49.749185 -97.817825 0.918738 0.207984 -0.335652
51.590955 44.753961 -104.186384 0.922947 0.170808 -0.344954
55.381149 50.655648 -90.074666 0.967089 0.112707 -0.228113
56.113873 43.323926 -89.477555 0.962065 0.065412 -0.264864
49.993142 37.034407 -109.941610 0.928187 0.055988 -0.367879
53.740901 37.764917 -99.350722 0.946186 0.017690 -0.323141
51.268738 50.860014 -101.694503 0.915796 0.185070 -0.356465
49.712401 54.112804 -104.196447 0.909158 0.245494 -0.336399
51.168137 55.659614 -98.618565 0.903710 0.265194 -0.336126
49.052639 47.060752 -109.740144 0.895348 0.236326 -0.377495
48.839306 50.311520 -107.732826 0.904481 0.196711 -0.378442
56.191622 53.942539 -84.879827 0.954272 0.183860 -0.235712
56.593730 50.193528 -85.700599 0.956689 0.120082 -0.265192
50.470133 61.257669 -95.745635 0.883139 0.326064 -0.337264
52.884553 60.187670 -89.881900 0.893141 0.287215 -0.346131
54.689534 53.253862 -90.830729 0.924463 0.239694 -0.296505
52.559007 56.221484 -94.526035 0.906902 0.264490 -0.327983
47.208498 51.151347 -110.778955 0.834529 0.232923 -0.499308
57.566171 46.325270 -84.245220 0.951394 0.109521 -0.287844
54.052746 31.696448 -98.016630 0.953801 0.019366 -0.299815
51.817286 65.124915 -88.139107 0.873068 0.340925 -0.348600
57.707085 48.744116 -81.956015 0.969238 0.167462 -0.180374
54.450740 60.890453 -86.147236 0.927305 0.220517 -0.302453
54.916255 56.429303 -87.308599 0.918509 0.227192 -0.323612
61.314676 39.538085 -69.353376 0.980892 0.106817 -0.162608
39.232285 37.008976 -127.289452 0.786877 0.133034 -0.602600
42.154305 37.244797 -123.682071 0.779723 0.133150 -0.611803
46.840224 38.669160 -116.944589 0.874058 0.103389 -0.474693
48.375121 36.728730 -113.812277 0.906326 0.051054 -0.419484
52.149998 34.968799 -104.355066 0.943409 0.024199 -0.330747
38.497496 39.160946 -127.548468 0.732191 0.215044 -0.646261
49.964857 33.064676 -110.688273 0.931531 0.023742 -0.362886
41.091338 44.621220 -122.775044 0.750367 0.206885 -0.627812
44.827239 42.405030 -119.078501 0.770628 0.165631 -0.615385
45.487445 43.353115 -117.788164 0.838657 0.201789 -0.505902
44.574145 37.962417 -120.269831 0.794428 0.118111 -0.595763
52.899664 30.646911 -102.468028 0.947944 0.035081 -0.316500
52.779054 25.600985 -103.997155 0.898634 -0.071986 -0.432753
53.003404 19.710759 -102.034934 0.940595 -0.060849 -0.334034
53.796426 23.166258 -100.519341 0.962898 -0.035487 -0.267521
53.115992 26.307069 -102.898403 0.942958 0.064484 -0.326607
52.656246 17.409098 -103.086984 0.971355 0.023037 -0.236515
54.403065 27.069225 -97.989026 0.963068 0.034455 -0.267044
52.820092 11.775181 -100.403099 0.963619 -0.144926 -0.224576
52.183709 13.272925 -105.390706 0.972440 -0.088800 -0.215579
53.183442 14.672566 -100.313249 0.962493 -0.047075 -0.267191
51.725203 16.611689 -107.308899 0.972350 0.040100 -0.230061
51.586684 25.993202 -105.578226 0.921057 -0.002157 -0.389423
56.068642 19.671642 -92.607035 0.946880 0.128888 -0.294628
54.487487 19.970580 -96.968812 0.952746 -0.022610 -0.302926
53.945207 16.100254 -98.257884 0.893789 0.055423 -0.445050
55.351825 17.351408 -95.391991 0.879979 0.214438 -0.423856
51.924536 9.349122 -103.848533 0.969022 -0.151398 -0.195131
51.569806 22.830333 -105.813373 0.967120 0.057502 -0.247733
51.301458 20.833898 -108.486673 0.968615 0.065455 -0.239794
51.451876 14.344642 -108.422636 0.935327 -0.055502 -0.349402
50.725744 18.196565 -110.453268 0.926341 -0.043336 -0.374184
54.138246 12.791914 -98.325899 0.771166 -0.014688 -0.636464
50.163193 21.891527 -112.008117 0.923060 0.056637 -0.380463
49.901906 10.915006 -111.615063 0.947590 -0.055445 -0.314641
50.211022 7.688464 -109.680899 0.957300 -0.131471 -0.257474
49.499549 16.886402 -112.316731 0.913754 -0.036610 -0.404616
62.096589 25.127935 -66.045256 0.993177 -0.021774 -0.114568
61.828527 33.575992 -68.086268 0.991060 0.000600 -0.133419
61.350471 27.713053 -72.854284 0.984964 -0.008427 -0.172552
61.428309 34.562151 -70.966956 0.986374 0.047646 -0.157469
61.517785 25.181271 -70.974323 0.983742 -0.060212 -0.169194
60.337049 28.454511 -76.482272 0.954679 -0.057000 -0.292129
63.273811 27.732337 -51.516433 0.997924 0.052595 0.037164
63.291979 25.943326 -55.183671 0.995664 -0.001303 -0.093009
62.786194 30.688725 -60.450345 0.995971 0.001282 -0.089664
62.543120 34.223782 -63.965822 0.994453 0.032840 -0.099925
63.093145 32.275972 -56.641046 0.998034 0.052111 -0.034836
63.019660 32.895137 -51.186623 0.995599 0.080061 0.048708
63.616077 21.976022 -52.435572 0.995198 0.007104 -0.097622
62.729477 36.688161 -55.131788 0.997933 0.060559 -0.021516
62.736098 36.041336 -51.637313 0.990655 0.079656 0.110718
62.579483 40.007962 -57.308133 0.996356 0.085282 -0.001209
63.002910 31.082244 -49.347442 0.980271 0.053735 0.190211
61.393832 41.947462 -66.862079 0.980289 0.150488 -0.128012
62.461548 39.879893 -60.522900 0.986642 0.130172 -0.097947
61.448213 44.852283 -61.187619 0.978814 0.187646 -0.081931
62.056776 42.900982 -52.351735 0.982972 0.162579 0.085639
61.761550 45.591438 -55.553602 0.974660 0.223690 -0.000397
62.506866 38.146550 -50.047563 0.977082 0.111336 0.181423
62.343933 36.553411 -49.432721 0.941072 0.074825 0.329824
61.275516 44.448971 -49.711885 0.951275 0.189103 0.243548
60.871973 45.472845 -66.546939 0.978066 0.178537 -0.107292
58.961627 13.004331 -83.201311 0.969394 0.156539 0.189133
58.891862 21.851519 -79.323933 0.960836 0.091316 -0.261641
60.310632 19.865865 -74.376943 0.966328 0.059384 -0.250368
60.079816 15.610286 -79.971556 0.959594 0.185317 -0.211748
60.061691 17.836512 -76.906894 0.953245 0.230301 -0.195664
59.724521 14.464483 -81.386006 0.933690 -0.143894 -0.327899
59.178736 16.569307 -84.140522 0.957888 0.179282 -0.224294
58.952213 10.313518 -73.909504 0.076046 -0.973970 -0.213539
59.161540 12.765140 -80.652227 0.822478 -0.432167 -0.369812
61.318857 16.592385 -72.758507 0.960085 0.232860 -0.154960
61.160649 20.977544 -71.120624 0.976003 -0.036267 -0.214714
61.567648 18.260287 -67.981068 0.995014 -0.025079 -0.096535
60.465222 23.314196 -74.437839 0.956325 -0.081670 -0.280665
62.399160 18.149185 -60.775039 0.990333 0.002442 -0.138687
62.273464 22.462556 -63.168517 0.993282 -0.036103 -0.109947
58.855056 20.259904 -80.727507 0.952665 0.221805 -0.207922
61.635336 15.750861 -65.737234 0.991514 0.011788 -0.129463
61.243939 13.485711 -77.480182 0.946000 0.179925 -0.269649
61.934438 11.754216 -75.826930 0.973583 -0.177139 -0.144073
60.024178 10.521071 -76.213167 0.252390 -0.955345 -0.153674
61.112751 10.598989 -74.442151 0.624357 -0.780766 -0.024163
60.707763 12.279528 -78.470817 0.808857 -0.287406 -0.512980
61.225524 18.045321 -71.221015 0.983791 0.097416 -0.150547
62.020879 13.701763 -73.996019 0.987339 0.140366 -0.073882
61.628185 11.464190 -71.335977 0.951398 -0.307786 0.010446
61.621406 12.461191 -68.221047 0.999557 -0.029510 -0.003915
60.928720 10.997215 -77.220042 0.630111 -0.578632 -0.517827
61.531181 10.874752 -75.936831 0.557664 -0.815679 -0.153876
59.326954 11.405726 -78.389042 0.352031 -0.621765 -0.699631
61.601892 15.638761 -70.501832 0.995586 0.093848 -0.000478
59.817543 12.792273 -85.378538 0.824131 0.566344 0.007961
58.089542 10.806663 -82.322288 0.297452 0.250465 0.921298
61.168939 9.165522 -82.621488 0.297068 0.493334 0.817540
64.254089 8.214996 -83.171915 0.482186 0.615906 0.623022
62.263549 7.916711 -82.229301 0.222414 0.384267 0.896031
58.444699 13.448672 -89.948992 0.898329 0.382111 -0.216787
57.928042 16.080672 -88.032002 0.938298 0.245949 -0.243116
54.586284 6.343836 -87.001485 -0.154271 -0.253249 -0.955021
56.188756 5.268439 -96.946865 -0.183172 -0.292824 -0.938457
57.964941 5.483225 -96.814894 0.469753 -0.021362 -0.882539
55.834280 7.220453 -97.525333 -0.064258 -0.236506 -0.969503
59.149301 13.356911 -87.233086 0.887101 0.416638 -0.198655
60.167095 11.262084 -88.319003 0.804014 0.523856 -0.281312
61.387200 10.988917 -85.438202 0.671670 0.727410 -0.140478
61.950476 9.364048 -87.843370 0.694084 0.555174 -0.458290
54.566165 6.977645 -96.542627 -0.538675 -0.327820 -0.776121
59.387844 6.543080 -95.308448 0.778491 0.200807 -0.594666
61.100793 5.511451 -93.084496 0.794038 0.375674 -0.477883
60.895750 3.016005 -94.853560 0.731300 0.186133 -0.656167
61.038141 8.304372 -90.460807 0.793771 0.447664 -0.411733
63.712094 5.875793 -88.496989 0.758362 0.417992 -0.500170
56.638860 17.025782 -92.728265 0.924318 0.279426 -0.259918
57.622907 21.628825 -84.217318 0.948528 0.214815 -0.232701
53.590263 5.313924 -81.204404 0.657986 0.154052 0.737104
64.704008 4.466915 -87.921373 0.804001 0.295475 -0.516020
53.742745 5.369070 -87.163653 0.294283 -0.096478 -0.950836
59.236133 9.042931 -82.082719 0.232067 0.342410 0.910440
61.885546 6.301248 -81.762918 0.095637 0.255379 0.962099
60.489734 7.504243 -82.010464 0.039434 0.330686 0.942917
52.062988 6.325604 -80.318721 0.774168 0.246641 0.582951
55.203183 4.568861 -86.630454 -0.049560 -0.150685 -0.987339
60.959802 10.951930 -83.915040 0.580572 0.671333 0.460703
59.972617 10.772981 -82.921106 0.420912 0.366307 0.829851
55.966224 5.594033 -87.582482 -0.516813 -0.343534 -0.784148
57.388425 3.323580 -87.140743 -0.264059 -0.242589 -0.933501
64.124911 9.076423 -84.542111 0.654992 0.750581 0.087257
58.947476 14.738114 -85.608341 0.968742 0.221573 -0.111550
57.606248 1.045165 -86.394505 -0.083584 -0.133475 -0.987521
55.735859 2.279123 -86.401861 -0.001235 -0.138431 -0.990371
55.288472 -0.059799 -86.361047 0.164616 -0.037377 -0.985649
54.436338 1.383050 -86.470311 0.259860 -0.042575 -0.964707
53.705170 2.987969 -87.117093 0.292919 -0.118202 -0.948803
58.696081 -0.712053 -93.693713 -0.540046 -0.819379 -0.192272
60.069762 -1.682944 -93.414549 0.007605 -0.754988 -0.655694
61.742150 0.752759 -93.998119 0.734149 -0.064807 -0.675888
61.985772 -1.125339 -93.280286 0.585298 -0.303973 -0.751682
59.877673 -0.243463 -95.161343 0.283574 -0.475794 -0.832590
64.189311 2.850909 -90.049341 0.838305 0.255541 -0.481605
63.402598 0.811830 -91.932093 0.802178 0.049109 -0.595062
61.980276 3.246610 -93.307325 0.799464 0.223825 -0.557458
60.242080 1.564966 -95.580934 0.513278 -0.088032 -0.853695
58.495086 2.097456 -96.139203 0.012321 -0.348867 -0.937091
57.457270 -1.386208 -86.129208 0.013339 -0.157517 -0.987426
54.820551 -2.510804 -86.307231 0.395868 -0.179928 -0.900508
57.642360 0.249321 -81.490487 0.178739 0.337481 0.924207
53.535520 -1.371285 -87.190824 0.559729 -0.011298 -0.828599
58.517938 0.385302 -94.939806 -0.365635 -0.518316 -0.773084
56.843572 2.461218 -95.094213 -0.490271 -0.687706 -0.535439
57.124110 3.408542 -96.567808 -0.151228 -0.363972 -0.919051
53.335221 3.040063 -80.767731 0.633818 0.313272 0.707202
55.782496 3.983148 -96.045841 -0.475851 -0.399049 -0.783789
59.350692 -0.954913 -94.497399 -0.273471 -0.751193 -0.600769
58.977040 0.098762 -86.614753 -0.219890 -0.092491 -0.971130
52.483294 4.227439 -79.989181 0.869606 0.308938 0.385153
54.869333 3.291365 -81.255048 0.231071 0.349872 0.907852
64.069560 -2.682476 -90.934012 0.693403 -0.183958 -0.696673
54.292458 1.119300 -80.271140 0.688217 0.448940 0.569922
56.114241 1.676865 -81.293932 0.460243 0.111799 0.880725
66.609711 5.517652 -84.132088 0.988881 0.135974 0.060205
66.127397 5.437199 -85.464030 0.830268 0.296844 -0.471740
63.033996 9.618177 -85.929262 0.607787 0.718712 -0.337712
65.942249 2.340890 -86.750355 0.895806 0.156389 -0.416021
63.603567 5.274220 -81.661084 0.304329 0.182307 0.934959
65.859034 4.941024 -82.775615 0.648098 0.171268 0.742049
65.001887 6.722854 -82.585349 0.520994 0.376854 0.765863
65.590971 7.172754 -84.342928 0.840692 0.532397 0.098952
64.133466 3.271248 -81.703624 0.361929 0.015678 0.932074
65.955071 1.895580 -82.687204 0.724271 0.057467 0.687117
64.436369 8.112459 -86.072174 0.740409 0.464985 -0.485369
55.914497 -0.371896 -80.929481 0.431483 0.342885 0.834417
65.224320 -1.581229 -89.495017 0.862988 0.095894 -0.496040
59.565898 -1.401558 -81.389613 0.343352 0.554558 0.758007
55.034305 15.263915 -96.763774 0.720788 0.293359 -0.628017
55.882986 11.249538 -97.687927 0.464005 0.209152 -0.860787
57.437244 14.444476 -93.100901 0.901484 0.338821 -0.269308
59.998492 7.395103 -93.638780 0.867695 0.301019 -0.395592
59.486130 9.866031 -92.540421 0.875419 0.395356 -0.278093
54.227917 10.197697 -97.893861 0.304154 -0.289062 -0.907708
57.532603 13.100433 -94.675098 0.864151 0.381705 -0.327939
52.307242 6.250025 -95.310919 0.937831 -0.318169 -0.138717
53.249589 8.164781 -96.391029 0.642854 -0.581505 -0.498589
57.583146 10.074997 -96.974158 0.729339 0.141720 -0.669314
57.695819 11.431825 -96.246331 0.810954 0.341637 -0.475013
56.205912 9.332858 -97.864169 0.255135 -0.041767 -0.966003
54.798435 8.619782 -97.540851 -0.271412 -0.258416 -0.927123
48.278314 2.902576 -114.070870 0.958749 -0.156594 -0.237231
50.434277 4.023973 -106.927846 0.959045 -0.173378 -0.223993
52.775229 9.509299 -99.160948 0.903411 -0.282020 -0.322975
49.195898 1.240283 -109.393176 0.957995 -0.179698 -0.223502
34.929330 44.363806 -129.448430 0.710556 0.226402 -0.666223
34.612679 40.276439 -131.409336 0.718135 0.257551 -0.646491
36.943754 48.459166 -126.463391 0.716660 0.216431 -0.662990
32.010570 41.307671 -134.171824 0.735979 0.247619 -0.630095
30.344153 44.615726 -134.583400 0.679488 0.249194 -0.690071
33.888232 47.125929 -129.787091 0.703253 0.218782 -0.676439
33.548220 50.857916 -129.030489 0.699270 0.249471 -0.669914
17.158533 77.019433 -132.644305 0.685190 0.443601 -0.577696
18.074236 71.353499 -135.580956 0.634588 0.390505 -0.666936
19.511041 67.813323 -136.024597 0.601890 0.314318 -0.734121
21.088085 68.479684 -134.156790 0.671862 0.411044 -0.616153
22.122069 73.558622 -129.133297 0.674600 0.497409 -0.545435
19.004954 77.387743 -129.915767 0.723757 0.502753 -0.472667
13.880579 68.203470 -140.391808 0.615032 0.245737 -0.749232
17.199906 65.389604 -138.392708 0.580975 0.255830 -0.772670
19.550047 74.470920 -131.944247 0.704057 0.445872 -0.552722
16.050476 70.323118 -137.700209 0.592173 0.305522 -0.745645
17.062120 74.138687 -134.714997 0.624078 0.410027 -0.665134
20.030424 62.135314 -137.776858 0.571692 0.259508 -0.778347
16.138391 62.216774 -140.318103 0.547349 0.238252 -0.802275
13.133789 66.297716 -141.422922 0.418088 0.126047 -0.899619
22.670277 65.011852 -134.615771 0.644871 0.289486 -0.707346
17.065879 57.844064 -141.087933 0.510980 0.227109 -0.829048
20.776529 58.267922 -138.372506 0.588179 0.259412 -0.765997
14.448938 61.680849 -141.357363 0.391602 0.171575 -0.903997
23.666682 60.335770 -135.190781 0.638086 0.254093 -0.726830
24.373334 55.531237 -136.488596 0.639375 0.277287 -0.717155
36.505255 52.702459 -125.163663 0.722148 0.263315 -0.639662
24.010047 52.183974 -138.070459 0.630859 0.237205 -0.738749
28.295985 50.868332 -134.319017 0.683704 0.235303 -0.690783
26.306289 46.108295 -137.611598 0.649477 0.205597 -0.732059
41.429799 52.013316 -119.670261 0.753850 0.257154 -0.604634
15.145118 52.245357 -143.071712 0.244873 0.200082 -0.948686
14.184948 50.698825 -143.744514 0.312763 0.299154 -0.901491
24.628155 44.962674 -139.429872 0.607027 0.259308 -0.751184
26.623980 42.457624 -138.220308 0.634097 0.285910 -0.718454
16.963497 54.424502 -142.020285 0.389643 0.185929 -0.902003
32.091038 58.681593 -127.280936 0.705069 0.288218 -0.647926
7.969733 62.063951 -143.965150 0.258074 0.102208 -0.960704
37.109986 56.103290 -122.949739 0.727200 0.285078 -0.624428
36.930644 59.251790 -121.497129 0.738903 0.344606 -0.579024
14.558110 56.674812 -142.456206 0.275049 0.167578 -0.946713
17.991341 47.919239 -142.876543 0.466863 0.289879 -0.835470
17.560841 52.093467 -142.103450 0.473882 0.184002 -0.861150
6.065154 57.818401 -144.229990 0.150625 0.034530 -0.987988
16.540657 45.692271 -144.620657 0.377274 0.333508 -0.863966
33.825853 61.128790 -124.482059 0.703816 0.315234 -0.636609
33.753953 64.542749 -122.591036 0.714938 0.421090 -0.558163
13.472378 46.364637 -145.530263 0.219060 0.277425 -0.935440
43.320598 48.692950 -118.781048 0.800238 0.259543 -0.540608
28.808644 59.531171 -130.761050 0.696691 0.273578 -0.663157
11.192443 68.684325 -141.920755 0.372303 0.155523 -0.914988
23.216474 49.841654 -139.242316 0.539353 0.199694 -0.818059
21.245423 49.203106 -140.416354 0.500817 0.220884 -0.836895
20.276236 46.516090 -141.950549 0.540235 0.300589 -0.785998
28.298032 41.519236 -137.556747 0.634553 0.360605 -0.683598
30.012239 41.972915 -135.982667 0.630150 0.301910 -0.715375
28.498551 38.378333 -138.999273 0.677279 0.367787 -0.637201
22.665662 42.654502 -141.965017 0.583643 0.394170 -0.709923
25.599775 41.488377 -140.142059 0.639338 0.390313 -0.662497
22.899441 40.369527 -143.347922 0.614399 0.438515 -0.655910
21.850637 39.575461 -144.849835 0.543357 0.396683 -0.739869
25.781370 38.247539 -141.945250 0.656550 0.446953 -0.607598
44.346700 59.019773 -111.367544 0.745986 0.413818 -0.521785
42.833601 65.053891 -108.297127 0.747635 0.457607 -0.481287
32.905746 78.938386 -105.584949 0.681335 0.637961 -0.358872
40.460172 69.725955 -107.333633 0.716418 0.528447 -0.455510
36.222461 75.118293 -106.182001 0.630930 0.613958 -0.474324
38.311150 76.288751 -102.478525 0.611977 0.629016 -0.479399
38.363018 78.552525 -98.789514 0.642574 0.652053 -0.402401
35.994016 68.801701 -114.685547 0.687387 0.521795 -0.505202
38.693358 66.801970 -113.336482 0.722648 0.487772 -0.489753
37.383986 72.298346 -108.278416 0.655631 0.603286 -0.454085
35.229889 77.971429 -103.739181 0.587919 0.668392 -0.455635
40.612160 72.443396 -103.965729 0.687543 0.561755 -0.460126
39.831587 75.931907 -100.593859 0.750956 0.561086 -0.348206
43.828598 69.007360 -102.267475 0.758995 0.520924 -0.390596
39.899736 62.303809 -114.959590 0.751361 0.423395 -0.506155
35.256716 84.375872 -93.681025 0.644987 0.646906 -0.406824
42.661991 73.924252 -97.088157 0.735591 0.572706 -0.361821
37.898536 80.558782 -96.163513 0.697884 0.627466 -0.345319
34.754210 82.767741 -97.429158 0.649437 0.626280 -0.431283
38.316422 82.076778 -92.458921 0.693988 0.603208 -0.393092
31.895714 86.567084 -96.744769 0.599377 0.682356 -0.418495
45.577239 62.202469 -106.895723 0.776207 0.424501 -0.466157
45.537437 64.648259 -104.539250 0.800577 0.450638 -0.394971
47.598605 46.292934 -112.933511 0.848774 0.226709 -0.477687
43.270978 56.169024 -114.608470 0.806060 0.268516 -0.527414
45.274555 51.271606 -113.713839 0.826992 0.279665 -0.487721
47.216082 54.897960 -109.605723 0.858090 0.185504 -0.478821
42.348937 58.022753 -114.875311 0.772527 0.384635 -0.505231
39.534562 60.224305 -117.604166 0.751683 0.424523 -0.504731
40.154907 56.734580 -119.263773 0.756640 0.324230 -0.567777
46.966596 57.172517 -108.932668 0.834067 0.325205 -0.445617
36.643032 62.110314 -119.934967 0.746163 0.412820 -0.522322
38.792492 64.543927 -114.972041 0.715054 0.452282 -0.533047
36.124896 65.618288 -117.786273 0.740337 0.462545 -0.487804
33.755902 66.702063 -120.489781 0.723300 0.513673 -0.461493
32.238560 68.036626 -121.185569 0.677548 0.529106 -0.510857
33.345170 70.242481 -116.887538 0.707560 0.525572 -0.472369
28.977805 65.636489 -126.966574 0.699766 0.404838 -0.588587
29.143735 67.609011 -125.150219 0.689337 0.473282 -0.548470
26.146133 62.457914 -132.134684 0.665276 0.274666 -0.694239
24.741686 66.687467 -131.664466 0.687353 0.390156 -0.612638
25.447550 70.232359 -128.245794 0.706129 0.448085 -0.548272
30.238388 63.201294 -127.032570 0.709644 0.340651 -0.616735
-70.272112 36.441326 -115.976474 -0.931643 0.077548 -0.355003
-69.616237 40.210151 -116.468733 -0.906075 0.128572 -0.403111
-69.057264 44.018376 -116.215795 -0.872883 0.210850 -0.440021
-70.119747 43.617083 -113.960046 -0.912002 0.197834 -0.359323
-67.716649 54.032950 -113.186709 -0.875533 0.280104 -0.393679
-66.974022 50.869940 -116.727371 -0.874479 0.244336 -0.419030
-66.419657 48.763211 -118.681647 -0.840545 0.198331 -0.504131
-69.798976 32.323095 -117.673030 -0.926989 0.026266 -0.374168
-68.803519 34.536027 -119.641240 -0.880842 0.093894 -0.464006
-70.770468 46.548093 -110.460887 -0.902954 0.209187 -0.375386
-69.858042 52.134267 -109.645767 -0.898328 0.246177 -0.363872
-67.970282 43.008653 -118.648440 -0.840002 0.187994 -0.508974
-64.133745 44.771028 -123.693909 -0.807667 0.191516 -0.557669
-63.888042 40.478949 -125.915760 -0.785624 0.219470 -0.578470
-66.239055 37.730452 -123.276029 -0.842884 0.153805 -0.515647
-58.703643 27.797926 -138.303222 -0.801562 0.424296 -0.421274
-60.319836 26.625386 -136.358420 -0.829922 0.260022 -0.493577
-58.231405 31.305407 -136.942672 -0.783550 0.260783 -0.563952
-60.417355 32.756994 -133.044578 -0.827018 0.210685 -0.521203
-61.749040 42.556033 -127.670258 -0.762987 0.208815 -0.611757
-59.140355 36.196670 -133.954018 -0.773374 0.257269 -0.579401
-61.286287 36.944855 -130.399334 -0.791745 0.199929 -0.577208
-63.868296 32.576701 -127.712025 -0.831941 0.108579 -0.544137
-64.359022 36.680150 -126.380023 -0.813099 0.119799 -0.569666
-71.353132 28.069505 -113.689915 -0.948044 0.021649 -0.317401
-67.420200 28.546061 -122.640541 -0.860617 0.084293 -0.502228
-72.372901 32.275107 -110.773215 -0.959658 0.013542 -0.280843
-69.973087 27.966610 -117.415243 -0.920192 0.047787 -0.388540
-68.319824 26.526252 -121.195979 -0.902965 0.046978 -0.427138
-72.545956 27.141291 -109.486556 -0.970530 -0.002641 -0.240965
-58.675286 41.505113 -131.616504 -0.770861 0.223757 -0.596411
-74.267877 30.510185 -101.976184 -0.977809 -0.004762 -0.209446
-67.354606 34.243948 -122.208977 -0.842972 0.071723 -0.533154
-50.777131 72.492334 -126.728823 -0.773806 0.385003 -0.502989
-50.654156 71.591812 -127.421309 -0.783949 0.376791 -0.493409
-48.491915 73.856542 -129.957593 -0.799520 0.377211 -0.467418
-62.162400 67.142676 -112.205409 -0.812806 0.435553 -0.386833
-63.726553 66.183834 -109.577328 -0.797432 0.495333 -0.344597
-63.398533 65.073182 -111.512834 -0.802035 0.421020 -0.423654
-63.408137 63.273407 -113.415432 -0.798385 0.443919 -0.406838
-67.280448 61.959981 -107.636090 -0.815274 0.415509 -0.403337
-65.843486 59.993765 -112.010843 -0.836111 0.378911 -0.396667
-59.674951 67.903609 -115.957110 -0.789250 0.423799 -0.444385
-60.766880 71.279960 -109.857935 -0.818062 0.495802 -0.291472
-51.841344 65.871743 -130.328763 -0.776572 0.351363 -0.522954
-53.770362 63.978844 -128.817610 -0.761558 0.401353 -0.508866
-55.303742 57.736768 -130.347515 -0.730663 0.277956 -0.623596
-52.252588 55.261066 -134.732045 -0.704750 0.242323 -0.666788
-49.058071 59.402616 -136.404780 -0.660582 0.210102 -0.720756
-50.041208 56.238963 -136.349118 -0.639464 0.246989 -0.728067
-55.584109 68.454226 -122.690565 -0.774309 0.396535 -0.493158
-57.290636 63.477151 -124.182020 -0.777827 0.380924 -0.499882
-55.396357 61.177663 -128.624382 -0.744019 0.347152 -0.570896
-51.992041 59.003536 -133.756467 -0.713143 0.270825 -0.646592
-49.607344 68.149929 -132.235139 -0.724695 0.319374 -0.610588
-45.604533 70.402362 -135.236068 -0.704619 0.322736 -0.631944
-43.671205 68.992982 -138.254017 -0.685597 0.307748 -0.659733
-44.303387 58.590957 -140.732808 -0.626832 0.189949 -0.755646
-57.495996 58.407666 -127.291423 -0.767928 0.342355 -0.541368
-53.673666 70.794481 -124.329701 -0.770230 0.435832 -0.465613
-47.579545 72.363530 -132.174862 -0.717194 0.341135 -0.607667
-53.240601 67.453036 -126.901125 -0.760243 0.376970 -0.529079
-46.293481 64.575413 -137.513583 -0.678090 0.244349 -0.693172
-50.012367 62.232619 -134.385955 -0.720643 0.289400 -0.630018
-61.450104 55.510783 -123.595673 -0.776409 0.327492 -0.538459
-57.156064 55.319568 -129.451889 -0.746339 0.257341 -0.613803
-51.636043 52.217056 -136.667956 -0.685945 0.263419 -0.678299
-62.773506 50.934147 -123.951791 -0.777409 0.201367 -0.595891
-59.794431 60.890522 -122.059720 -0.774476 0.398850 -0.491026
-43.575602 62.333031 -140.543513 -0.569615 0.192721 -0.798998
-60.122307 46.459980 -128.570863 -0.780497 0.169874 -0.601637
-56.322529 46.190803 -133.718924 -0.764815 0.188726 -0.615987
-64.265550 57.430777 -118.012000 -0.822701 0.312136 -0.475115
-64.228553 59.182989 -116.733349 -0.805385 0.419016 -0.419262
-63.859375 51.269934 -122.274249 -0.835738 0.230850 -0.498247
-55.471044 41.988496 -135.940557 -0.775124 0.194707 -0.601059
-51.272167 40.833225 -140.519752 -0.691512 0.274326 -0.668249
-60.309860 64.753844 -117.517362 -0.782716 0.433623 -0.446459
-50.961958 49.480666 -138.268056 -0.681766 0.213102 -0.699845
-54.425797 46.459264 -135.497079 -0.705573 0.225292 -0.671870
-57.784553 50.974012 -130.139643 -0.742973 0.218657 -0.632598
-54.007703 42.831889 -137.206009 -0.683763 0.262869 -0.680711
-57.634976 66.122858 -121.241503 -0.795806 0.413220 -0.442654
-55.654437 38.708351 -137.004360 -0.737893 0.281134 -0.613577
-43.504179 37.374307 -145.947095 -0.036529 0.014716 -0.999224
-44.507850 32.332268 -145.870423 0.006325 -0.003900 -0.999972
-50.054969 38.803217 -143.079166 -0.714450 0.340725 -0.611120
-49.880284 44.181019 -140.825327 -0.693174 0.234858 -0.681433
-47.771699 50.931289 -140.617552 -0.608109 0.261926 -0.749399
-52.128058 76.476815 -119.900028 -0.786460 0.497941 -0.365425
-50.988283 78.423544 -119.488225 -0.799893 0.519456 -0.300563
-51.009500 76.147605 -122.502889 -0.799670 0.469481 -0.374321
-51.012619 74.221303 -124.857151 -0.780040 0.449274 -0.435534
-49.888433 81.234618 -117.831642 -0.791982 0.544663 -0.275872
-43.186032 86.660442 -124.574729 -0.748503 0.605276 -0.270895
-44.429990 87.131542 -118.612819 -0.711172 0.670158 -0.212420
-42.094065 82.304164 -132.993428 -0.748855 0.443979 -0.492035
-47.115813 80.652120 -125.922253 -0.786727 0.499545 -0.362649
-46.052832 86.341910 -116.102381 -0.699575 0.665939 -0.259076
-44.501089 88.336795 -114.494423 -0.672997 0.712550 -0.198361
-43.755842 82.903722 -129.455205 -0.755468 0.503866 -0.418793
-46.991230 82.836405 -122.229440 -0.750919 0.604069 -0.266874
-48.326151 83.254711 -117.592424 -0.725630 0.633726 -0.268052
-49.657201 80.225829 -120.408327 -0.796571 0.517292 -0.312864
-39.367813 89.114650 -129.218592 -0.730585 0.614442 -0.297836
-45.202537 79.933401 -130.132926 -0.770921 0.402041 -0.494009
-48.592267 84.504518 -113.613446 -0.711394 0.644421 -0.280428
-48.402630 76.173103 -127.874725 -0.799255 0.418525 -0.431309
-53.597236 75.987201 -117.232030 -0.733047 0.583049 -0.350278
-46.438283 75.531289 -131.535630 -0.749186 0.391445 -0.534313
-50.426647 82.889607 -112.940195 -0.752777 0.579050 -0.313092
-52.939576 78.984205 -113.261357 -0.751152 0.563966 -0.343094
-41.652354 86.080329 -129.141555 -0.754382 0.542039 -0.370272
-55.810992 70.213907 -120.346633 -0.780725 0.482306 -0.397303
-40.233404 89.416770 -125.854847 -0.709435 0.677118 -0.195481
-40.173379 92.983744 -111.938967 -0.670991 0.721979 -0.168868
-56.220489 77.240488 -109.953810 -0.710566 0.602866 -0.362834
-53.198850 81.477148 -109.301456 -0.726657 0.573922 -0.377602
-43.995781 75.208114 -134.887403 -0.730829 0.334068 -0.595220
-53.099544 83.198389 -106.476421 -0.696425 0.646784 -0.310906
-47.686320 86.323293 -112.163985 -0.667567 0.685848 -0.289769
-54.631529 74.343254 -117.137471 -0.742578 0.517482 -0.425194
-54.970461 84.493958 -98.606013 -0.710418 0.647166 -0.276555
-53.922961 86.761310 -96.592364 -0.693630 0.621859 -0.363550
-50.090587 87.326638 -104.072646 -0.684729 0.671123 -0.284149
-56.116575 80.996755 -104.542129 -0.723204 0.621278 -0.301646
-58.467304 75.963568 -107.294949 -0.783320 0.551034 -0.287700
-57.656075 70.993732 -116.234632 -0.737838 0.493445 -0.460552
-58.210097 73.651596 -112.819879 -0.762170 0.519995 -0.385620
-56.528999 75.383693 -112.938139 -0.687649 0.607751 -0.397213
-57.767613 79.311177 -103.319403 -0.813501 0.507740 -0.283577
-49.071774 89.608669 -101.557552 -0.667417 0.686337 -0.288959
-60.845689 74.969996 -101.766488 -0.781204 0.538816 -0.315276
-43.768694 89.918613 -111.329782 -0.629551 0.725898 -0.277016
-47.204411 88.971110 -106.565663 -0.635911 0.704595 -0.314902
-43.558418 92.225771 -106.587194 -0.584076 0.744096 -0.324307
-14.325050 81.147193 -141.732769 -0.014876 0.148256 -0.988837
-17.957924 80.127412 -142.350281 -0.010304 0.181007 -0.983428
-15.699916 81.637922 -142.160131 0.081558 -0.088925 -0.992694
-18.031838 78.160926 -142.749105 -0.035831 0.124066 -0.991627
-25.678766 74.415252 -142.436619 -0.113961 0.198391 -0.973475
-20.353621 79.668960 -142.443826 -0.102206 0.180659 -0.978221
-17.388328 82.187164 -142.302442 -0.129655 0.219419 -0.966977
-14.363588 83.499140 -142.051699 -0.060196 0.225406 -0.972404
-20.738907 81.261682 -141.717772 -0.234721 0.272122 -0.933196
-23.664196 78.906523 -141.220189 -0.153138 0.243279 -0.957791
-26.133839 70.193731 -143.326347 -0.047731 0.166258 -0.984926
-28.429248 73.240492 -142.605500 -0.001815 0.261359 -0.965240
-29.297435 74.848173 -142.293137 0.029691 0.115010 -0.992921
-32.891751 72.870014 -142.716682 -0.056840 0.160568 -0.985387
-23.279224 77.998957 -142.174634 -0.274681 0.397861 -0.875361
-33.862377 77.437484 -141.766667 -0.127080 0.146854 -0.980961
-31.463529 83.569182 -141.128884 -0.221668 0.202524 -0.953859
-28.422965 83.419698 -141.633388 -0.066166 0.094803 -0.993295
-25.440255 79.507195 -141.321229 0.235547 0.075302 -0.968941
-22.150407 82.666948 -141.255816 -0.047180 0.013112 -0.998800
-27.239121 80.090973 -141.844397 0.081073 0.054393 -0.995223
-24.145881 81.663536 -141.142688 0.115988 -0.112630 -0.986844
-27.187682 77.318315 -141.465048 0.172523 -0.142591 -0.974630
-27.423924 78.167688 -141.866655 0.105322 -0.020194 -0.994233
-25.715478 82.101173 -141.722112 0.087152 -0.047449 -0.995064
-25.423221 78.052118 -141.955623 -0.091150 0.199537 -0.975642
-23.341610 76.435672 -142.538975 -0.118795 0.126748 -0.984796
-27.053059 75.999954 -141.423986 0.002552 0.277995 -0.960579
-26.355117 76.461044 -141.705452 -0.410082 0.090580 -0.907540
-17.116118 84.075555 -141.593979 -0.073520 0.117156 -0.990388
-23.766369 83.618875 -141.723515 0.124455 -0.125953 -0.984199
-19.923821 84.028603 -141.016303 -0.067141 0.084638 -0.994147
-19.828355 85.884921 -141.415202 0.001322 -0.028516 -0.999592
-27.708861 98.230886 -132.854292 -0.399049 0.796475 -0.454298
-32.359509 93.323560 -134.057263 -0.578628 0.659936 -0.479244
-31.548794 95.190453 -132.467380 -0.623837 0.679217 -0.386641
-28.698622 96.639639 -134.255470 -0.574820 0.666664 -0.474491
-35.404089 90.848965 -134.126904 -0.595975 0.664400 -0.450985
-37.172876 89.765799 -132.849560 -0.734742 0.549458 -0.397806
-29.630439 98.155816 -130.414195 -0.589285 0.749288 -0.302176
-35.623913 92.614800 -130.579032 -0.643724 0.681278 -0.348539
-32.010887 96.611254 -128.621244 -0.632067 0.735170 -0.244980
-28.816646 99.825216 -125.903494 -0.561412 0.812744 -0.155769
-32.673295 97.280830 -123.889422 -0.650483 0.739691 -0.172422
-36.237251 93.017468 -128.267111 -0.684673 0.700885 -0.199959
-27.311505 100.079316 -128.812372 -0.461888 0.841813 -0.279303
-33.425852 90.407660 -136.691284 -0.544306 0.594786 -0.591574
-27.566674 95.819032 -136.280978 -0.497346 0.639255 -0.586514
-30.282663 90.657945 -138.856965 -0.450268 0.478135 -0.754086
-29.055474 87.834450 -140.643709 -0.273571 0.328091 -0.904165
-36.148929 89.287385 -134.970973 -0.691667 0.494193 -0.526659
-24.810294 85.418332 -141.724300 -0.018736 0.099159 -0.994895
-26.906724 94.387610 -138.018963 -0.350817 0.559262 -0.751101
-35.481294 87.342425 -137.283094 -0.585709 0.447676 -0.675671
-33.870582 85.901926 -139.269854 -0.488800 0.413648 -0.768095
-35.731280 82.602032 -139.727994 -0.503525 0.344277 -0.792424
-33.257812 84.275390 -140.349784 -0.371433 0.325372 -0.869581
-27.706240 86.772068 -141.263172 -0.139115 0.197481 -0.970386
-39.115388 83.561177 -136.046991 -0.704106 0.386253 -0.595856
-36.955171 82.480869 -138.863465 -0.616777 0.316804 -0.720570
-17.167612 104.903275 -119.064013 -0.052836 0.952602 -0.299597
-21.296997 104.643392 -118.562309 -0.162538 0.951358 -0.261725
-31.919510 98.289602 -121.823170 -0.564551 0.810657 -0.155297
-26.386474 102.104643 -120.670299 -0.506937 0.849163 -0.148111
-22.632383 102.990282 -127.298144 -0.375374 0.878009 -0.296974
-24.316078 102.683594 -125.265559 -0.470154 0.868965 -0.154452
-23.504522 103.384144 -121.987191 -0.369651 0.923388 -0.103505
-31.643881 99.378168 -117.524469 -0.586141 0.778020 -0.226106
-23.764534 103.828299 -118.501048 -0.355012 0.904479 -0.236400
-28.872672 101.191192 -118.001346 -0.540043 0.802059 -0.255060
-29.103188 103.192189 -112.254418 -0.604379 0.761508 -0.234161
-26.115686 103.051665 -117.555476 -0.455315 0.838413 -0.299586
-28.371210 50.208663 -145.714632 -0.025668 0.169100 -0.985265
-32.502528 47.976269 -145.863900 -0.001074 0.054729 -0.998501
-23.028308 51.227065 -145.845248 -0.038703 0.108342 -0.993360
-20.664884 57.660174 -145.122191 -0.053388 0.137832 -0.989016
-28.586550 53.715556 -144.968693 -0.047640 0.126682 -0.990799
-35.296602 55.062484 -144.709809 -0.042529 0.131775 -0.990367
-34.914226 42.625885 -145.866968 0.002155 -0.001787 -0.999996
-25.768825 49.381423 -145.897033 -0.005127 0.016071 -0.999858
-34.149280 51.459079 -145.397920 -0.028793 0.170693 -0.984904
-35.987575 64.988656 -143.424774 -0.100404 0.134209 -0.985854
-29.509340 60.160029 -144.457878 -0.036329 0.116033 -0.992581
-37.883105 50.478527 -145.368594 -0.176765 0.175445 -0.968490
-28.340590 66.186513 -143.666598 -0.039394 0.105611 -0.993627
-19.945911 48.539043 -145.875901 0.000756 0.000302 -1.000000
-21.761430 38.129423 -145.865436 -0.003313 0.005524 -0.999979
-36.847366 54.601646 -144.631001 -0.151618 0.151787 -0.976715
-35.842038 48.892975 -145.915839 -0.031492 0.065907 -0.997329
-38.489972 61.603153 -143.353636 -0.277929 0.139735 -0.950384
-39.361180 63.902466 -142.689895 -0.416103 0.168823 -0.893508
-40.140088 65.920634 -141.864499 -0.466518 0.230105 -0.854056
-34.389207 69.283833 -142.838986 -0.174875 0.153931 -0.972483
-37.659047 69.515802 -141.890153 -0.328350 0.213334 -0.920149
-37.495563 66.289653 -142.854894 -0.283561 0.223213 -0.932614
-30.389011 68.847805 -143.330692 -0.064387 0.115219 -0.991251
-39.599301 55.377446 -143.929517 -0.290476 0.173735 -0.940978
-42.231550 68.277779 -139.827729 -0.577507 0.253599 -0.775998
-40.493063 73.289003 -139.255519 -0.590707 0.270119 -0.760329
-41.873776 57.349875 -142.618073 -0.457863 0.170941 -0.872434
-38.805655 71.407682 -140.907659 -0.466149 0.218712 -0.857245
-40.725019 77.460530 -137.445999 -0.669220 0.301785 -0.679022
-45.450811 55.655381 -140.604657 -0.620672 0.278244 -0.733039
-43.926718 54.567921 -142.066234 -0.500874 0.236066 -0.832705
-43.919346 48.594759 -143.693569 -0.399192 0.249444 -0.882283
-41.213515 53.086647 -143.773958 -0.396474 0.202868 -0.895351
-9.871983 48.153249 -145.885372 0.001155 0.015739 -0.999875
-9.718878 55.369776 -145.022223 0.015860 0.129951 -0.991394
-9.763119 52.226298 -145.567485 0.006178 0.119960 -0.992759
-19.547770 54.139164 -145.538973 0.009374 0.128171 -0.991708
-14.817735 52.049922 -145.817897 0.021847 0.094541 -0.995281
-5.967125 52.282080 -145.690314 -0.005511 0.162317 -0.986723
-4.503377 56.969836 -144.920471 0.000041 0.068698 -0.997637
-13.125770 60.718601 -144.555966 0.020770 0.112801 -0.993400
-10.831248 62.016489 -144.443647 -0.014348 0.073587 -0.997186
-8.679634 50.384181 -145.802980 -0.034287 0.078675 -0.996311
-4.303097 50.121540 -145.921594 0.000156 0.026585 -0.999647
-4.567309 60.596881 -144.841385 -0.006755 0.041595 -0.999112
-3.482750 61.821731 -144.725379 0.015037 0.117915 -0.992910
-0.177218 51.724887 -145.688456 0.041378 0.131626 -0.990435
1.000388 59.773639 -144.617015 0.055540 0.073284 -0.995763
-6.316516 43.448800 -145.851345 -0.000450 -0.002523 -0.999997
-35.049991 79.340676 -141.086803 -0.392008 0.233451 -0.889849
-34.771626 72.819468 -142.364750 -0.284437 0.141154 -0.948246
-37.781238 75.987404 -140.504467 -0.559213 0.246249 -0.791608
-36.282454 74.201879 -141.686681 -0.368680 0.165459 -0.914712
-12.055594 116.159283 -66.450227 -0.004781 0.998700 -0.050757
-22.905238 115.623411 -62.681642 -0.649559 0.649649 0.395006
-22.168715 116.249680 -63.844736 -0.140367 0.987136 0.076548
-23.035741 110.165144 -58.905781 -0.841627 0.217647 0.494261
-14.850826 116.338907 -59.143005 0.002788 0.999996 0.000081
-10.842495 116.226702 -60.284461 0.046684 0.998764 0.017071
-21.555391 114.342613 -59.432208 -0.666530 0.539879 0.514070
-19.327693 115.368169 -57.783267 -0.579033 0.654724 0.485857
-17.075160 113.992995 -67.807028 -0.927207 0.032581 -0.373131
-26.919968 115.177806 -69.140821 -0.693902 0.511762 0.506557
-26.216446 116.197105 -70.053596 -0.394696 0.883186 0.253373
-20.768765 116.313687 -65.648751 0.075400 0.988912 -0.127933
-19.867981 115.577675 -67.467226 0.364424 0.758381 -0.540419
-20.266200 114.081116 -69.028840 0.777801 0.342758 -0.526823
-21.895664 112.211236 -58.323072 -0.776393 0.327649 0.538386
-23.095766 114.089582 -61.481571 -0.849571 0.308384 0.427935
-12.104258 113.375578 -69.436363 0.893202 0.260332 -0.366630
-12.168650 114.132498 -71.576798 0.825359 0.544875 0.147967
-18.007776 116.281663 -59.793293 -0.033886 0.999255 0.018456
-16.523308 116.242299 -57.333772 -0.077516 0.956222 0.282189
-18.058004 116.048840 -57.542516 -0.330025 0.868009 0.371004
-19.744431 112.083701 -55.302545 -0.744446 0.407164 0.529167
-17.599727 112.069132 -52.201064 -0.555817 0.576246 0.599173
-8.903737 116.292715 -63.461222 0.034602 0.998693 0.037610
-24.367244 115.569251 -74.948907 0.521073 0.454369 -0.722518
-24.756104 116.392303 -73.515471 0.134078 0.966394 -0.219329
-22.091293 115.476368 -73.011333 0.554378 0.769229 -0.317729
-18.705792 113.459496 -67.354509 0.255957 0.089215 -0.962563
-9.925324 114.786518 -68.671353 -0.329224 0.732127 -0.596323
-10.238947 115.923530 -67.521293 -0.107615 0.907911 -0.405112
-12.245684 115.315495 -68.403443 0.305405 0.890274 -0.337846
-24.532797 114.249464 -64.941994 -0.888180 0.244781 0.388868
-24.201358 109.569224 -61.199909 -0.900123 0.245876 0.359614
-25.836217 114.623112 -67.421911 -0.773401 0.300221 0.558317
-13.047987 115.385593 -70.308278 0.705512 0.704711 -0.075074
-16.834443 114.161840 -69.296762 -0.974926 0.176436 0.135607
-14.463733 116.185108 -66.742700 0.036948 0.995219 -0.090413
-16.536714 115.583627 -69.006142 -0.728454 0.656651 -0.195357
-14.673679 116.116595 -69.464482 0.147936 0.988966 -0.007860
-12.167606 114.733259 -53.972415 0.263833 0.771329 0.579174
-25.465110 116.495792 -71.468614 -0.056501 0.998049 0.026585
-11.962511 116.264616 -57.382178 0.071922 0.983975 0.163155
-21.221848 114.229494 -71.314342 0.827497 0.512498 -0.229336
-22.297158 114.715850 -74.115188 0.611821 0.375750 -0.696051
-23.051727 114.049184 -74.657419 0.449326 0.044943 -0.892237
-26.247846 115.562303 -75.802402 -0.062275 0.801887 -0.594222
-22.273462 116.032086 -71.080551 0.397314 0.908678 -0.128242
-22.392654 116.253038 -68.325504 0.088588 0.995515 -0.033207
-17.241281 116.243279 -64.040072 0.003198 0.999168 -0.040661
-22.258709 113.313180 -73.895906 0.638266 -0.101794 -0.763056
-23.512711 112.127564 -74.605150 0.391122 -0.118652 -0.912658
-27.611676 115.646307 -71.251002 -0.646893 0.738594 0.189757
-20.318280 116.016122 -60.598264 -0.387867 0.857701 0.337502
-8.977207 115.658298 -58.835808 0.442367 0.863226 0.243212
-24.207437 113.933794 -75.137699 0.359919 0.035184 -0.932320
-8.151894 116.281546 -66.259751 -0.027476 0.999339 -0.023818
-16.461962 114.339873 -53.875174 -0.317726 0.751987 0.577551
-14.869171 112.316932 -51.263794 -0.150651 0.651639 0.743418
-25.185436 110.403693 -64.750020 -0.880015 0.238594 0.410666
-11.794313 114.001177 -74.664673 0.937317 0.327367 0.119445
-12.034374 114.635506 -73.200069 0.842132 0.512384 0.168159
-12.355410 115.597655 -74.637114 0.755006 0.644663 0.119898
-21.206737 115.672043 -69.382369 0.617964 0.720661 -0.314275
-21.694805 114.284428 -73.098393 0.868901 0.316810 -0.380318
-14.042449 115.152849 -54.322668 -0.056546 0.850338 0.523191
-24.708390 116.059203 -68.167592 -0.298540 0.930250 0.213326
-7.150372 115.809845 -62.049604 0.425963 0.870537 0.246417
-6.921406 116.178615 -64.715653 0.252805 0.955074 0.154671
-27.091465 116.066003 -73.523469 -0.381255 0.917422 -0.113940
-17.418742 115.776235 -66.797541 -0.130181 0.919447 -0.371039
-26.549554 106.330051 -64.482665 -0.864056 0.326148 0.383452
-25.059774 106.374407 -61.164693 -0.853444 0.249370 0.457655
-20.114523 106.409172 -53.673193 -0.775969 0.133814 0.616413
-18.449057 108.633454 -51.348414 -0.784958 0.136497 0.604326
-16.710566 110.720803 -50.744462 -0.439389 0.445768 0.779890
-18.145584 110.379157 -51.499462 -0.762968 0.316948 0.563403
-20.642326 109.314550 -55.096303 -0.809960 0.216874 0.544914
-15.890888 115.952588 -71.008511 -0.482502 0.875653 0.020590
-13.155504 115.840961 -72.363393 0.564857 0.813789 0.136692
-24.742568 115.427865 -66.290466 -0.670446 0.671609 0.315346
-15.434044 109.753128 -49.678483 -0.184726 0.392073 0.901197
-28.460462 113.637953 -70.356897 -0.847999 0.358860 0.390022
-15.916928 116.247200 -68.039319 -0.197599 0.977120 -0.078685
-26.560877 108.910644 -66.214654 -0.802935 0.201163 0.561097
-27.914544 112.043465 -68.709806 -0.753201 0.244087 0.610827
-11.302223 104.551463 -53.601043 0.979243 0.154395 0.131320
-11.437709 106.413688 -52.928215 0.994007 0.034563 -0.103705
-17.630972 105.608592 -51.437735 -0.618031 -0.652563 0.438404
-16.416406 104.790864 -50.123280 -0.777118 -0.314797 0.544969
-17.588351 106.378141 -50.232179 -0.727826 -0.144770 0.670306
-16.966565 108.225884 -49.703282 -0.563260 0.229393 0.793799
-15.846126 105.945045 -48.643368 -0.628350 0.329810 0.704557
-18.738512 106.529319 -51.628568 -0.797166 -0.167929 0.579936
-18.974173 105.623310 -52.788288 -0.538652 -0.127998 0.832749
-12.739248 112.518057 -51.370486 0.097849 0.652274 0.751641
-26.736068 103.514623 -62.117377 -0.784494 0.413695 0.461980
-28.974698 103.305384 -83.037080 -0.721314 0.654639 0.226173
-13.596316 116.313128 -74.859554 0.181510 0.982303 0.046201
-16.929904 114.413950 -73.754226 -0.876305 0.477708 0.062329
-17.099561 114.029737 -71.810538 -0.943841 0.329260 -0.027424
-14.610706 116.321062 -72.864482 -0.054956 0.997507 0.044272
-16.118056 115.844096 -73.301231 -0.615993 0.786488 0.044592
-17.610157 115.655872 -78.469375 -0.757491 0.640248 0.127633
-19.556383 112.838775 -81.195045 -0.714324 0.698973 -0.034317
-17.660216 115.165672 -80.288659 -0.542656 0.770802 -0.333750
-18.089417 113.324441 -77.618850 -0.868058 0.317636 0.381552
-17.547172 115.122926 -77.433618 -0.739806 0.616651 0.269127
-16.955674 115.149236 -75.650978 -0.748635 0.648412 0.138231
-15.894597 116.190288 -76.982018 -0.292988 0.952565 0.082327
-18.876788 113.291148 -78.933666 -0.800544 0.344722 0.490201
-19.144351 112.041542 -78.354850 -0.794604 0.386872 0.467905
-16.915846 114.662713 -70.533672 -0.881147 0.472824 -0.004201
-20.938154 110.404518 -80.420095 -0.783671 0.506729 0.359285
-21.718360 110.974748 -82.926120 -0.710122 0.672637 0.208052
-20.335180 111.940993 -80.678045 -0.799493 0.545614 0.251229
-17.548279 114.431310 -76.649113 -0.896335 0.333214 0.292495
-16.721268 115.100110 -71.978868 -0.825208 0.564828 -0.000067
-16.116639 116.395870 -79.173229 -0.171103 0.975557 -0.137884
-15.663247 115.901766 -80.476802 -0.116036 0.859638 -0.497552
-13.628334 115.982751 -79.999916 0.245742 0.909923 -0.334143
-13.696833 116.383894 -77.942437 0.076112 0.996608 -0.031292
-12.394203 116.002745 -77.686990 0.568124 0.822146 -0.036213
-11.661702 114.776356 -76.510565 0.875339 0.457776 0.155633
-20.227706 111.165056 -79.420570 -0.847249 0.416646 0.329508
-10.965338 113.017692 -76.978034 0.864358 0.388987 0.318707
-11.159798 114.579511 -78.356871 0.810109 0.572665 0.125613
-19.623550 112.483081 -79.533706 -0.837795 0.501171 0.216629
-19.767331 112.700396 -83.874615 -0.534631 0.844742 0.024091
-11.591627 113.073612 -88.048491 0.039995 0.998658 -0.032897
-16.595492 114.792773 -81.710954 -0.234019 0.837480 -0.493825
-18.307268 113.524163 -82.557956 -0.419586 0.867261 -0.267968
-18.531172 113.052985 -85.149570 -0.256666 0.960845 -0.104396
-15.789629 113.852450 -83.924311 -0.119278 0.943403 -0.309456
-13.127025 113.300632 -86.202197 0.051756 0.983943 -0.170813
-16.323630 113.238565 -86.315815 -0.054462 0.987474 -0.148085
-18.058285 112.975467 -88.341888 -0.096232 0.994492 0.041524
-26.877378 106.132253 -82.258717 -0.536334 0.611196 -0.582052
-32.966213 104.064489 -97.931395 -0.442939 0.690708 -0.571601
-29.677548 105.218860 -98.906740 -0.473676 0.676459 -0.563945
-27.891297 104.866640 -101.284559 -0.662575 0.705238 -0.252257
-29.952988 103.226341 -100.713735 -0.491657 0.664909 -0.562290
-31.080406 106.098727 -96.769753 -0.487128 0.730798 -0.478164
-33.606498 104.823984 -93.054262 -0.625291 0.765393 0.152268
-33.395075 105.113850 -94.936012 -0.612525 0.779831 -0.129136
-34.340376 104.069709 -96.314763 -0.592816 0.746600 -0.301922
-31.100051 106.926333 -95.103594 -0.565414 0.806460 -0.173002
-24.178141 109.816482 -87.763456 -0.589019 0.773356 0.234471
-25.348176 107.398786 -83.833369 -0.636731 0.712557 0.294680
-21.387062 112.740974 -90.770318 -0.451408 0.878450 0.156707
-20.209012 112.895618 -89.545573 -0.234058 0.944719 0.229613
-14.863979 113.121567 -90.235978 -0.001773 0.988178 0.153299
-18.466833 113.425755 -90.867447 -0.065636 0.986640 0.149107
-23.967694 111.372925 -92.486527 -0.516721 0.843468 0.146833
-16.800908 110.022423 -100.977527 -0.222243 0.865725 -0.448474
-21.227774 110.176953 -98.767782 -0.316307 0.745604 -0.586536
-17.064759 113.197433 -97.011524 -0.179194 0.836091 -0.518499
-29.704417 108.079833 -92.667917 -0.601133 0.794005 0.090523
-28.033675 109.046756 -93.700604 -0.515922 0.855266 -0.048422
-21.606540 112.800490 -93.859855 -0.398320 0.914678 -0.068595
-25.166063 110.001359 -90.325745 -0.487226 0.817075 0.308219
-29.080213 108.019448 -90.748688 -0.536271 0.784641 0.311051
-22.303981 111.049956 -85.766761 -0.662019 0.732278 0.159688
-21.290599 111.942254 -87.642165 -0.454652 0.884997 0.100360
-23.901813 111.441297 -94.635816 -0.490558 0.863940 -0.113843
-27.001535 107.549065 -87.145458 -0.542884 0.765040 0.346397
-29.080405 105.483522 -86.465370 -0.582238 0.702488 0.409280
-24.255633 107.554618 -79.953615 0.243309 0.930331 0.274379
-22.629631 107.591127 -80.234911 -0.177412 0.750434 0.636689
-18.566084 113.753227 -93.297570 -0.138405 0.990244 0.016142
-24.136178 108.245222 -82.714328 -0.675540 0.725705 0.130376
-22.420946 109.286513 -81.483683 -0.612401 0.667452 0.423643
-31.736071 105.957747 -91.390323 -0.640404 0.725729 0.251396
-27.475843 105.206558 -83.585396 -0.695791 0.688554 0.204372
-24.050799 108.041175 -81.161365 -0.299302 0.906783 0.296922
-23.639038 108.262611 -100.041939 -0.377169 0.816823 -0.436513
-20.359248 109.214206 -100.513198 -0.289951 0.891535 -0.347985
-26.339834 109.326902 -96.525385 -0.442355 0.761460 -0.473815
-26.350787 107.370750 -99.015579 -0.479621 0.727772 -0.490216
-18.994620 112.097389 -97.706829 -0.290767 0.776274 -0.559334
-21.861593 112.037346 -96.127948 -0.382466 0.797283 -0.466967
-25.850324 110.044911 -95.745104 -0.503584 0.821016 -0.268952
-19.597380 113.131702 -95.514572 -0.268259 0.912980 -0.307416
-16.558227 110.675743 -104.989215 -0.168940 0.977067 0.129609
-13.900102 114.853754 -82.052952 0.127633 0.883775 -0.450168
0.479391 107.920327 -90.322898 0.495850 0.831961 0.248945
-2.698486 109.864268 -91.111511 0.490220 0.854104 0.173758
0.092827 108.634113 -92.926414 0.502563 0.862305 0.062140
-2.978378 109.229212 -88.567463 0.508403 0.810338 0.291340
0.706400 106.709095 -87.899122 0.436801 0.784291 0.440559
3.034588 106.516513 -91.724784 0.598304 0.796157 0.090366
3.565778 105.521900 -88.803689 0.559863 0.783976 0.268206
-5.841392 111.851321 -91.246679 0.485731 0.860067 0.156044
-7.214505 111.989519 -88.501693 0.420923 0.897130 0.134094
-11.578481 114.832309 -80.352837 0.491127 0.834587 -0.249517
-10.183713 113.544661 -79.015683 0.729607 0.647989 0.218595
-9.627504 112.703074 -86.422661 0.267915 0.961814 0.055985
-13.214742 113.769800 -84.134022 0.111742 0.937331 -0.330037
-9.811578 111.826161 -78.071695 0.703542 0.453088 0.547485
-11.044935 113.251991 -84.023232 0.317687 0.928247 -0.193474
-9.759274 113.406446 -80.794192 0.632724 0.768744 -0.093238
-5.825182 110.914089 -87.545746 0.566668 0.798930 0.201490
-5.507250 111.790230 -93.694987 0.443779 0.895896 -0.020762
-7.184874 112.114660 -95.883397 0.348998 0.876105 -0.332628
-9.090845 113.117739 -94.312687 0.296049 0.941359 -0.161861
-11.442368 113.207408 -90.208455 0.080263 0.988428 0.128717
-9.096009 112.463948 -79.519054 0.802286 0.521528 0.290424
-8.832099 110.896118 -79.165894 0.893833 0.236298 0.381084
-9.390704 112.775980 -82.594945 0.560324 0.826860 -0.048364
-6.418901 109.924523 -82.253666 0.678371 0.675736 0.288433
-8.249857 111.684431 -81.020348 0.758823 0.617437 0.207266
-7.765610 109.622755 -80.259028 0.739291 0.379146 0.556504
-8.411127 112.103048 -84.602954 0.465238 0.883100 0.060730
-9.930257 112.430902 -96.990015 0.243452 0.801875 -0.545645
-12.531242 113.445650 -96.423681 0.182297 0.921032 -0.344191
-0.988199 108.379262 -97.585180 0.374664 0.788339 -0.488005
-2.435227 109.908969 -95.982438 0.449186 0.868041 -0.211511
-8.362812 112.874821 -91.608893 0.275339 0.958284 0.076680
-1.096814 107.162073 -99.166693 0.271627 0.704369 -0.655807
1.618040 107.304512 -97.050199 0.497976 0.821393 -0.278089
-7.091486 111.147211 -84.126035 0.635153 0.754664 0.164509
-3.234594 108.584126 -86.802410 0.597953 0.727400 0.336661
-11.340631 113.740282 -93.955803 0.150491 0.988529 0.012762
-1.446276 105.910158 -84.817454 0.627567 0.729255 0.272666
0.582265 104.286306 -83.028261 0.605599 0.792367 -0.073519
-2.167242 106.245812 -83.441130 0.592832 0.769629 -0.237111
-14.639265 113.963322 -93.694901 0.005085 0.989242 0.146202
-15.024829 113.931614 -95.624669 -0.019400 0.974286 -0.224477
-2.935026 107.757933 -81.831853 0.246476 0.749051 -0.614957
-4.890508 108.487458 -81.522203 0.291104 0.925777 0.241237
-4.070130 107.958599 -83.007699 0.605212 0.794934 -0.042398
0.364612 105.013874 -85.317866 0.446948 0.772478 0.451127
7.223594 103.004565 -91.000392 0.544804 0.831916 0.105375
-6.371988 108.554434 -80.778061 0.331299 0.733438 0.593556
-4.987306 107.356974 -79.880089 -0.331780 0.828676 0.450797
3.773468 106.138077 -95.791712 0.614926 0.782364 -0.098857
0.946477 108.145559 -94.874947 0.539648 0.840712 -0.044531
-0.231985 105.522014 -82.401465 0.498914 0.529461 -0.686117
21.724542 98.666148 -84.623814 0.284034 0.918082 -0.276495
24.737169 96.938626 -85.602362 0.394442 0.826620 -0.401391
22.020890 95.904241 -90.105810 0.390480 0.830668 -0.396882
19.460719 96.590881 -91.131840 0.374772 0.859562 -0.347417
20.552632 94.230909 -95.218707 0.482456 0.800398 -0.355807
23.717886 93.509170 -92.932599 0.444009 0.784278 -0.433317
15.633332 99.091165 -87.209702 0.213291 0.945879 -0.244581
17.473331 96.738902 -93.382606 0.481513 0.841734 -0.244190
20.104117 98.059856 -86.970956 0.300491 0.880446 -0.366770
4.186991 99.945867 -102.670413 0.310139 0.543111 -0.780285
5.413562 101.740384 -101.094085 0.331920 0.577143 -0.746147
6.528624 103.724833 -92.976055 0.622163 0.782415 0.027189
5.112047 103.334421 -99.802751 0.467102 0.680421 -0.564662
8.921276 102.131797 -94.110548 0.542063 0.839709 -0.032512
5.772554 103.794775 -98.088457 0.581124 0.763312 -0.282223
13.482180 99.355671 -90.262377 0.463675 0.885040 -0.041337
17.142625 100.041059 -82.904806 0.146322 0.961905 -0.230931
4.510350 103.260436 -85.429406 0.478350 0.787703 0.388207
2.651672 103.075001 -83.512949 0.414109 0.862090 0.292087
6.355036 103.137383 -88.611506 0.542993 0.804719 0.239971
20.186847 99.803875 -81.192724 0.219153 0.964240 -0.149044
8.985754 101.336861 -87.316512 0.402137 0.898879 0.174076
11.353050 100.423790 -88.522851 0.422692 0.903026 0.076651
6.630163 101.904969 -85.012436 0.425345 0.862485 0.274229
12.958363 99.826993 -86.683107 0.271952 0.959152 -0.077912
12.422015 100.411330 -83.298336 0.095363 0.979818 -0.175676
16.403890 97.984163 -90.371524 0.351779 0.901800 -0.251015
2.365614 103.118621 -81.148975 0.670658 0.711072 -0.211172
26.394408 91.813628 -92.996036 0.493830 0.757978 -0.426147
26.995721 97.003573 -82.539375 0.413821 0.875563 -0.249282
2.055626 106.166699 -98.911408 0.469304 0.755029 -0.457914
1.265696 105.326911 -100.237508 0.297996 0.623699 -0.722633
10.620364 100.488105 -84.837594 0.237269 0.970373 0.045606
6.353797 101.178323 -81.789152 0.320850 0.939797 0.117631
14.743734 101.000435 -79.624719 0.061223 0.990975 -0.119250
0.512825 91.665929 -46.149718 0.543204 0.799497 -0.256387
1.825629 92.268323 -43.419248 0.226485 0.883527 -0.409981
1.357435 90.853243 -48.257466 0.466529 0.880065 0.088528
2.062264 90.720495 -47.044766 0.093621 0.941654 -0.323299
-1.728616 93.506609 -47.076352 0.780430 0.624872 -0.021546
-0.825827 93.567173 -44.071736 0.621978 0.717213 -0.314243
3.734026 92.152956 -43.622080 -0.103184 0.929965 -0.352870
0.931175 94.106253 -40.580772 0.421981 0.777267 -0.466678
-0.468940 92.183915 -48.062354 0.701135 0.690685 0.177102
8.031684 100.455814 -66.444862 0.306263 0.896611 0.319829
5.091529 101.198034 -64.819827 0.509579 0.790797 0.339071
6.679923 99.349397 -63.089852 0.442809 0.733475 0.515689
7.928301 96.814747 -60.966436 0.377998 0.673100 0.635652
8.892068 98.916861 -63.976114 0.337660 0.732900 0.590630
5.981167 94.406370 -57.624428 0.358710 0.667831 0.652172
4.263134 95.445218 -57.498262 0.477826 0.578743 0.660862
3.929250 92.521289 -54.297982 0.340167 0.756472 0.558602
-1.262230 102.064150 -57.612898 0.631847 0.503345 0.589417
3.129778 93.564710 -54.882764 0.587064 0.553976 0.590311
-2.816106 104.159585 -57.100390 0.760801 0.344695 0.549879
-2.260784 105.149649 -58.963344 0.781252 0.448337 0.434327
2.538670 98.841761 -58.860844 0.577150 0.591723 0.562816
2.336527 103.625161 -66.097091 0.593470 0.785681 0.174641
5.541123 101.843805 -67.954092 0.454518 0.878219 0.148814
-2.410599 101.899875 -56.287829 0.629729 0.400561 0.665577
-3.653930 101.546098 -55.134915 0.396300 0.410859 0.821061
-1.871201 99.481017 -54.902216 0.502049 0.525987 0.686502
5.595437 97.475321 -60.010876 0.465890 0.609934 0.641036
3.068629 91.618272 -51.957367 0.360102 0.823307 0.438739
0.101975 101.994673 -59.381386 0.707024 0.549288 0.445420
1.225078 102.809227 -62.262659 0.672968 0.608628 0.420340
-1.334025 105.339869 -61.182917 0.801661 0.470166 0.369165
-5.115632 100.944727 -54.832370 -0.077901 0.592664 0.801674
-3.010718 98.133542 -53.027304 0.361073 0.594274 0.718655
7.241129 92.915646 -56.429168 0.224441 0.831051 0.508901
5.877825 91.606991 -53.552504 0.118360 0.920128 0.373303
-5.399555 97.946260 -53.678131 -0.498096 0.853946 0.150587
-3.987479 100.232740 -54.196384 0.275022 0.577457 0.768704
-4.717700 99.322321 -53.384156 0.119122 0.602857 0.788907
-5.191807 99.855635 -54.167961 -0.217028 0.741001 0.635466
1.516793 104.917979 -68.482629 0.767509 0.605687 0.209935
-5.008033 107.544924 -55.768793 0.814449 0.400027 0.420299
12.211732 93.060693 -59.043631 0.278090 0.761348 0.585675
3.141034 103.382037 -68.992787 0.582062 0.813031 0.013571
9.935479 93.005331 -57.957455 0.296040 0.750506 0.590847
-4.414124 98.371394 -52.829465 -0.036081 0.833264 0.551697
-2.187539 96.590211 -52.262675 0.587505 0.557624 0.586424
3.256445 101.188241 -62.623779 0.529546 0.701699 0.476655
-4.900232 97.923119 -51.895298 0.523893 0.814912 0.247898
-5.481834 102.629509 -54.961783 0.339685 0.002856 0.940535
0.862143 104.361976 -64.481652 0.673633 0.669784 0.312423
-0.323603 93.324548 -50.915531 0.618215 0.639684 0.456744
18.777468 100.469259 -77.320522 0.195507 0.980384 -0.024988
21.722702 99.722075 -78.423217 0.272789 0.960473 -0.055476
27.360743 97.755911 -76.971150 0.430591 0.900378 0.062545
3.484897 102.650025 -72.935639 0.624675 0.780746 0.014705
3.950504 102.590619 -75.250548 0.700271 0.713550 -0.021622
6.105374 101.654151 -75.231780 0.262661 0.960557 -0.091322
30.259834 96.000128 -78.347719 0.536487 0.840622 -0.074405
27.749340 97.256808 -79.947359 0.445443 0.882261 -0.152304
3.408761 103.209581 -77.428350 0.879611 0.466395 -0.093599
4.117326 102.059141 -79.930846 0.532417 0.846114 -0.024968
23.166656 99.311057 -75.072575 0.309924 0.947873 0.074046
21.118390 99.138802 -71.261680 0.298313 0.896662 0.327119
18.723596 100.362062 -74.485778 0.202397 0.973357 0.107758
23.758430 98.894795 -80.087167 0.344511 0.929574 -0.131165
4.783455 101.711362 -77.373076 0.538825 0.836801 -0.097117
6.234275 101.152847 -77.574524 0.094174 0.991282 -0.092148
17.267626 100.354208 -72.509290 0.160829 0.972355 0.169290
18.774047 99.403901 -70.309577 0.191637 0.909780 0.368206
8.933061 100.668589 -81.737095 0.053092 0.995236 -0.081766
8.287617 101.499461 -74.927772 0.028904 0.994720 -0.098471
5.796634 101.904387 -71.466661 0.256352 0.966538 -0.009408
-3.562428 108.022295 -78.230772 -0.619137 0.750142 0.232283
-3.183587 110.247065 -78.505449 -0.697090 0.436607 -0.568718
-0.241599 111.763269 -79.366144 0.228042 0.447919 -0.864503
-2.164479 109.832302 -80.073007 -0.304231 0.517810 -0.799573
-3.636064 108.559111 -80.160650 -0.464746 0.864817 -0.190008
2.456225 107.564935 -78.612600 0.892337 0.181000 -0.413490
1.192150 107.225277 -80.564601 0.605986 0.317168 -0.729511
3.192503 104.431610 -75.279245 0.976488 0.193027 0.095977
2.918219 105.524033 -77.649857 0.980143 0.124250 -0.154538
2.716954 103.940843 -79.376744 0.882583 0.339000 -0.325771
-0.627389 107.791594 -81.269496 0.229818 0.465226 -0.854838
1.608851 104.692761 -81.041565 0.778631 0.315137 -0.542607
2.806987 108.778388 -76.612736 0.978938 0.175441 -0.104408
1.671164 110.172175 -78.872094 0.780041 0.288397 -0.555305
2.813543 107.856102 -74.424828 0.970863 0.134337 0.198441
14.224260 101.152883 -76.819023 0.130880 0.990532 0.041442
1.946905 112.183651 -74.525061 0.953917 0.285357 0.092813
1.903034 111.654319 -77.164309 0.886353 0.379666 -0.265013
0.486633 113.341597 -77.701540 0.574056 0.568149 -0.589632
10.922162 101.427097 -74.405908 0.110707 0.992607 0.049754
7.590241 101.396593 -69.879563 0.189598 0.967215 0.168959
0.741717 111.750143 -78.991592 0.645578 0.465014 -0.605797
29.302092 93.467363 -66.105028 0.379335 0.809046 0.448943
28.218560 95.120624 -68.537534 0.370534 0.849378 0.375846
32.195678 92.653721 -67.747637 0.470027 0.805024 0.361954
30.931600 94.584949 -70.842819 0.492044 0.828870 0.266208
24.260924 98.306215 -72.428626 0.402573 0.882617 0.242740
12.281177 100.413501 -69.814495 0.198324 0.928551 0.313785
32.339835 94.695907 -75.091474 0.566367 0.818861 0.093251
34.134730 90.968702 -66.884109 0.599780 0.739469 0.305695
18.785733 98.553714 -68.582052 0.228753 0.828269 0.511510
34.841433 92.138620 -72.105758 0.613750 0.758948 0.217508
30.624370 95.348734 -73.026412 0.477189 0.857396 0.192777
-8.818111 116.048957 -68.428608 -0.390709 0.894954 -0.215418
-6.685689 114.508285 -60.416136 0.791198 0.479939 0.379031
-6.570299 116.139337 -72.038920 -0.306559 0.937713 -0.163450
-3.936816 116.336346 -72.934843 -0.029355 0.998414 -0.048037
-1.322947 110.359795 -68.036532 0.780156 0.195464 0.594265
-7.370958 110.263551 -53.798135 0.790387 0.442240 0.423925
-4.994671 115.401986 -65.280507 0.653575 0.671746 0.348708
-3.328619 115.406896 -67.923798 0.585380 0.691440 0.423368
-1.701775 109.638600 -67.078915 0.860828 0.371731 0.347550
-12.102021 115.879030 -55.978690 0.127463 0.901897 0.412717
-5.418368 113.939082 -62.266174 0.796231 0.474746 0.375010
-10.092218 115.598145 -56.515736 0.443655 0.780879 0.439772
-8.775711 114.744146 -56.790504 0.657293 0.675871 0.333414
-8.201187 116.114731 -70.095975 -0.177733 0.978428 -0.105306
-8.940822 115.744543 -69.680873 -0.663938 0.738959 -0.114574
-7.428645 115.204277 -72.168658 -0.675485 0.664434 -0.319761
-3.464471 110.948423 -63.256492 0.857094 0.413853 0.306781
-3.660762 114.022297 -66.179759 0.827989 0.367088 0.423887
-4.297296 116.257072 -69.010669 0.167810 0.979311 0.113093
-1.885647 115.980129 -71.077115 0.323045 0.920022 0.221812
-1.755984 116.363063 -74.129579 0.243397 0.968549 -0.051671
-6.648625 105.573689 -53.126053 0.662256 -0.170208 0.729689
-6.765081 103.942446 -53.954474 0.582067 -0.400843 0.707476
-7.925065 104.905530 -52.775316 0.460901 -0.493220 0.737769
-10.419545 109.981626 -50.223243 0.303710 0.417133 0.856598
-9.514491 108.490244 -50.245707 0.670086 0.135680 0.729778
-11.184447 107.028082 -49.202803 0.448886 0.245030 0.859338
-9.676440 106.598629 -50.288163 0.617700 -0.024131 0.786043
-8.040713 106.310157 -51.764034 0.685425 -0.069420 0.724826
-13.372276 110.037442 -49.725961 0.060239 0.473913 0.878509
-8.748007 110.458183 -51.903371 0.702849 0.381454 0.600413
-6.141573 107.193092 -53.779535 0.772107 0.189175 0.606682
-10.381298 112.352375 -51.897280 0.389356 0.640133 0.662292
-0.822111 107.446718 -66.446438 0.829446 0.481148 0.283753
-7.831028 113.609957 -56.943150 0.706873 0.575069 0.411857
-1.114453 106.474086 -63.372762 0.827748 0.497008 0.260415
-6.964561 115.768516 -73.427707 -0.817729 0.553848 -0.156752
-6.774720 114.659839 -73.767126 -0.931570 -0.049236 -0.360213
-9.355536 112.819760 -53.513743 0.602058 0.626053 0.495565
-1.835293 113.541790 -68.350783 0.751213 0.280668 0.597415
1.052460 108.191197 -70.486530 0.830115 0.186783 0.525377
-11.225607 105.963452 -51.045278 0.959017 -0.102233 -0.264264
0.846448 113.909034 -72.772349 0.860873 0.449523 0.238383
0.212272 115.151598 -76.067338 0.686129 0.719219 -0.109319
1.679667 111.063934 -72.452243 0.910376 0.186130 0.369555
2.263823 106.183030 -72.200266 0.928546 0.144965 0.341741
0.985678 106.475278 -69.513739 0.852241 0.357632 0.381818
-0.395962 115.538612 -72.198886 0.642337 0.752252 0.146699
-0.531038 114.661810 -70.602749 0.723031 0.486581 0.490372
-3.955815 112.092715 -76.547339 -0.700156 0.174780 -0.692267
-4.782379 114.073533 -75.730419 -0.511220 0.170780 -0.842312
0.525855 112.399516 -70.892032 0.805787 0.215432 0.551631
-6.493672 115.875099 -74.660071 -0.229645 0.898982 -0.372953
-4.815202 115.552482 -75.323518 -0.294606 0.740453 -0.604100
2.349151 104.312795 -71.034545 0.890215 0.422187 0.171103
-0.829742 115.359519 -76.933961 0.128148 0.776739 -0.616648
1.152145 113.890672 -75.385232 0.859123 0.497000 -0.122063
-1.633444 113.450202 -78.338723 -0.134430 0.535940 -0.833485
-5.288224 105.026666 -54.555240 0.713962 0.014543 0.700033
-2.971527 114.585016 -76.913600 -0.480714 0.431634 -0.763286
-2.905392 112.509201 -78.023749 -0.663171 0.336743 -0.668437
-3.960488 103.545081 -55.514015 0.636287 0.200780 0.744866
-3.075051 116.061195 -75.576957 -0.154242 0.895433 -0.417622
-10.616199 105.510769 -49.413264 0.857517 0.513873 0.024471
-12.072102 106.104658 -47.922921 0.439011 0.809338 0.390181
-11.195212 104.431811 -51.264412 0.968629 0.149567 -0.198461
-16.011508 104.342857 -46.663047 -0.700610 0.603372 0.380904
-14.533365 104.673618 -45.397346 -0.395747 0.767964 0.503603
-16.259285 103.809914 -49.820466 -0.973634 0.227926 0.009318
-12.489222 105.236209 -45.616221 0.127813 0.878822 0.459712
-14.083427 105.982837 -47.268374 -0.242402 0.804489 0.542253
-10.492448 106.145110 -50.614869 0.429248 -0.816223 -0.386686
-15.470490 102.071774 -42.770681 -0.601057 0.695598 0.393540
-16.626476 103.379696 -48.215538 -0.901113 0.425113 -0.085294
-13.374409 107.437272 -48.662377 0.036208 0.439207 0.897656
-11.528110 103.964078 -43.756611 0.172907 0.911269 0.373753
-11.780426 103.184483 -41.621791 -0.061616 0.957877 0.280491
-13.575774 103.542232 -43.142961 -0.260547 0.851019 0.455941
-10.829482 101.277027 -52.487876 0.924520 0.215466 0.314383
-10.076647 103.037321 -41.811202 0.189624 0.967964 0.164585
-9.614837 103.953060 -49.834687 0.603437 0.711556 -0.359933
-11.398474 102.266564 -51.069665 0.990884 -0.083511 0.105712
-10.434446 102.136246 -54.238451 0.922935 0.236505 0.303737
-11.182590 102.921032 -52.576214 0.979231 0.113611 0.167924
-8.981142 103.382923 -44.852043 0.455118 0.858750 0.235406
-8.729318 103.915352 -48.082437 0.566071 0.820018 0.084464
-7.452276 102.988322 -49.929583 0.570846 0.812852 -0.115787
-6.026928 98.855081 -52.024331 0.939108 0.227457 -0.257564
-4.058473 98.146945 -42.789156 0.805600 0.559244 -0.195590
-6.226748 100.189505 -53.434466 0.966839 0.248283 -0.059818
-17.530906 100.646704 -37.652480 -0.511218 0.856911 -0.066033
-15.998959 101.136546 -40.833944 -0.509614 0.859309 0.043365
-14.925250 101.739560 -38.297408 -0.352941 0.934937 0.036412
-17.762275 99.917324 -41.560946 -0.660580 0.748240 -0.061402
-16.410595 100.999759 -34.565997 -0.356235 0.930054 0.089984
-6.367411 101.309249 -52.197866 0.862870 0.318776 -0.392221
-5.318931 98.583796 -51.542479 0.874900 0.327924 -0.356392
-6.034613 101.750357 -51.110950 0.855877 0.481571 -0.188582
-5.924706 101.406263 -49.213704 0.873966 0.483948 0.044468
-4.686048 98.125842 -49.488899 0.884675 0.466114 -0.009385
-5.832153 98.366076 -52.845395 0.843967 0.513057 -0.156499
-6.373746 101.602315 -35.019268 0.260681 0.965284 -0.016529
-5.889049 101.116602 -38.144916 0.451378 0.885463 -0.110514
-8.492874 102.236030 -38.054116 0.323803 0.945561 0.032644
-2.941388 98.161291 -40.248617 0.687102 0.636428 -0.350499
-4.997505 99.809578 -41.257719 0.674339 0.716116 -0.180127
-7.497767 102.185336 -51.661840 0.399188 0.817838 -0.414475
-3.679353 100.039019 -37.552740 0.542242 0.781686 -0.308124
-9.917595 102.464949 -36.800207 0.093919 0.988813 0.115877
-11.418873 102.046410 -34.231692 -0.088086 0.979568 0.180797
-6.844541 101.442051 -42.091060 0.629213 0.777038 0.017398
-8.496735 102.417428 -41.191341 0.432119 0.898702 0.074890
-7.273589 102.264323 -45.028267 0.665640 0.732542 0.142499
-6.074058 101.226824 -46.815036 0.876086 0.478217 0.061502
-11.887323 102.646232 -38.742757 -0.130755 0.982870 0.129886
-5.759161 100.311133 -44.499801 0.816899 0.576240 -0.024969
-6.911570 102.657395 -48.311921 0.690713 0.718155 0.084675
-13.902192 101.914442 -35.636207 -0.229833 0.961193 0.152597
-13.464124 102.502236 -40.483234 -0.381540 0.900093 0.210381
-4.087402 97.105562 -46.927126 0.867091 0.496207 -0.043947
-6.843403 101.447114 -53.160053 0.814879 0.472749 -0.335382
-3.066624 95.572492 -45.722402 0.801072 0.574027 -0.169637
-1.036327 99.917113 -33.182504 0.361367 0.906648 -0.217723
0.796369 91.865554 -50.011473 0.537163 0.754356 0.377363
-2.646850 95.841435 -43.553773 0.734176 0.604635 -0.308874
-3.432145 96.613860 -50.392814 0.725192 0.647591 0.233928
2.738475 90.693743 -49.909734 0.228833 0.924582 0.304604
8.892912 91.658430 -53.511984 -0.118094 0.979563 0.162818
9.402479 92.049555 -55.305459 0.076966 0.951352 0.298338
15.115005 91.726400 -57.784265 0.144974 0.961401 0.233860
12.443991 91.991751 -54.562041 -0.000871 0.999254 -0.038602
11.480628 92.307159 -57.214083 0.150947 0.957083 0.247401
6.452915 90.682130 -50.840296 0.002098 0.982620 0.185615
10.863331 92.032217 -52.179355 -0.270328 0.957733 -0.098341
3.103603 90.474018 -48.214296 -0.007456 0.999378 -0.034457
12.081481 94.071006 -47.540280 -0.414446 0.867365 -0.275524
8.354621 92.843792 -45.170840 -0.423508 0.870626 -0.250301
11.165433 92.625300 -50.200505 -0.409647 0.865108 -0.289444
16.100760 91.672182 -55.563984 0.056101 0.978212 -0.199884
5.063981 90.878097 -47.098905 -0.132960 0.956488 -0.259717
7.070675 91.423820 -47.053361 -0.342687 0.885023 -0.315118
7.439959 90.747485 -50.045247 -0.323663 0.940622 -0.102334
11.672438 94.455640 -44.419385 -0.389629 0.919250 -0.056293
13.477201 92.711215 -51.767430 -0.111684 0.948687 -0.295839
18.962594 91.323275 -57.654149 0.275564 0.958951 0.066914
18.880378 91.897107 -59.331706 0.291068 0.847047 0.444736
23.208832 89.833321 -59.208405 0.377565 0.883701 0.276618
25.490164 92.575074 -63.732304 0.246583 0.711444 0.658060
23.947711 90.556147 -60.966087 0.316372 0.736411 0.598003
16.993564 92.501165 -59.806100 0.169903 0.817557 0.550213
30.959333 86.085860 -58.503812 0.416959 0.779715 0.467107
35.125291 84.869010 -60.049086 0.425281 0.716871 0.552478
27.473166 88.067307 -58.976491 0.381562 0.842867 0.379454
28.498348 88.661736 -60.502790 0.268693 0.719826 0.640043
30.554525 85.444753 -56.155150 0.495254 0.838170 0.228461
29.251221 92.433774 -64.551984 0.252069 0.728176 0.637355
31.328039 90.315814 -63.359864 0.369913 0.664528 0.649282
24.030007 89.309495 -57.181536 0.421268 0.904820 -0.061916
22.012059 90.407423 -55.315922 0.359731 0.910576 -0.203580
26.897585 87.892371 -57.157053 0.497433 0.861323 0.103359
31.886271 87.587936 -61.040830 0.377582 0.689099 0.618526
31.018202 84.722838 -53.666144 0.594111 0.799801 0.085736
18.886932 91.351710 -55.790819 0.212893 0.965020 -0.153012
21.872837 93.982458 -63.296973 0.301800 0.723311 0.621078
20.072148 92.663397 -61.086770 0.270723 0.744251 0.610573
18.966724 91.986635 -53.464699 0.200944 0.924683 -0.323393
13.157044 97.660642 -64.942300 0.302832 0.750108 0.587904
10.233613 99.446354 -65.612606 0.316949 0.828928 0.460892
20.062810 95.353034 -64.479294 0.187419 0.788720 0.585487
12.819816 99.338348 -67.435234 0.249480 0.872015 0.421130
15.043598 94.239246 -61.779452 0.206693 0.769470 0.604312
16.103722 98.580726 -67.660193 0.219868 0.826342 0.518476
17.108819 96.849705 -65.557524 0.212557 0.774577 0.595692
29.825968 86.101592 -99.411637 0.535224 0.737324 -0.412175
40.914820 86.354690 -76.181061 0.802223 0.596918 -0.011243
38.517166 89.286820 -76.881128 0.721638 0.691264 -0.037321
37.963867 89.553497 -79.296863 0.685072 0.718407 -0.120698
37.156089 85.313541 -90.054618 0.635718 0.626288 -0.451251
32.604866 92.618219 -84.558901 0.618475 0.722608 -0.308748
32.497844 94.172622 -80.294383 0.628571 0.755625 -0.184200
38.253130 88.770517 -81.277174 0.686522 0.689107 -0.231989
29.921671 93.767533 -86.179701 0.507613 0.735037 -0.449500
34.152740 89.601207 -87.711382 0.609829 0.684725 -0.399074
29.482730 88.339038 -95.938777 0.490817 0.776408 -0.395333
33.257032 94.024620 -76.772586 0.642173 0.764613 -0.054602
33.583762 86.681266 -93.102424 0.705919 0.629890 -0.323909
32.215604 88.430655 -91.949347 0.547502 0.719541 -0.427203
40.840820 86.082948 -79.703074 0.791558 0.598921 -0.121363
41.069678 80.018702 -90.862650 0.706463 0.582554 -0.401921
38.494823 87.503220 -83.786102 0.663185 0.672484 -0.328557
29.383013 95.140363 -84.334045 0.465650 0.799583 -0.379258
30.637038 95.205542 -81.453863 0.536771 0.814406 -0.220499
26.933618 88.336800 -99.314839 0.564400 0.756451 -0.330506
40.289931 87.158370 -74.798307 0.757963 0.647648 0.077746
39.755279 84.117522 -87.710468 0.695244 0.610346 -0.379624
36.944584 90.763026 -74.197116 0.693928 0.710543 0.116590
23.313961 92.204621 -31.206904 0.345915 0.928166 0.137298
20.598961 93.779200 -31.495119 0.376439 0.884783 0.274688
22.804214 93.221485 -32.931790 0.369512 0.862837 0.344925
21.910446 92.808895 -29.357919 0.332940 0.942137 0.039104
12.893193 94.143930 -39.317527 -0.182743 0.982004 0.047673
13.031564 94.663160 -41.815393 -0.279428 0.944413 0.173217
16.450928 96.331424 -45.174359 -0.025546 0.996958 0.073632
16.452725 94.853983 -39.392742 -0.184719 0.955908 0.228294
18.779020 94.918218 -32.548991 0.209084 0.962711 0.171675
16.278772 95.852365 -46.796129 -0.046945 0.895190 -0.443205
15.371227 96.027244 -44.818895 -0.299267 0.949431 0.094970
22.119552 94.175220 -34.984746 0.307704 0.943869 0.120124
17.135998 95.110746 -34.520530 -0.023472 0.998128 -0.056476
19.266092 94.815364 -35.484725 0.169262 0.985244 0.025394
23.600128 93.909451 -40.555189 0.415216 0.909666 0.010203
24.756407 93.334824 -43.662165 0.484763 0.873650 -0.041725
20.990773 95.282119 -43.894871 0.409573 0.912179 0.013401
22.677661 94.187875 -46.027140 0.487401 0.848457 -0.206301
28.784365 90.809725 -32.929796 0.416861 0.891733 0.176178
29.187115 91.138625 -36.062245 0.530523 0.843589 0.083089
25.404078 93.090537 -34.933131 0.401527 0.907490 0.123439
24.798614 92.311341 -32.848011 0.335244 0.874108 0.351492
21.398059 94.644313 -39.021530 0.255292 0.962028 0.096580
19.803498 95.705318 -46.075900 0.265093 0.936216 -0.230705
19.042084 95.959515 -43.901285 0.197081 0.973914 0.112478
18.212627 95.653557 -41.712547 -0.059090 0.976852 0.205595
17.283418 94.329469 -30.039781 0.297299 0.947873 0.114670
18.539151 94.940948 -37.967573 -0.014244 0.998580 0.051341
14.168044 95.246849 -47.208338 -0.351921 0.898355 -0.262887
26.510610 92.083419 -45.594692 0.571868 0.778482 -0.258715
13.798819 94.909751 -34.567096 0.115471 0.974537 -0.192210
8.773842 93.426043 -42.830536 -0.270689 0.962663 -0.002886
23.440702 92.602615 -48.531004 0.514417 0.749255 -0.417124
21.239667 94.455718 -47.913380 0.379049 0.815811 -0.436778
18.792304 94.756148 -48.537286 0.107394 0.863322 -0.493095
16.406843 93.105378 -51.254343 -0.001671 0.897513 -0.440986
19.435768 92.721830 -51.604067 0.190103 0.847306 -0.495918
13.747503 93.671627 -49.772012 -0.199920 0.866400 -0.457583
26.492007 88.658935 -51.763091 0.609198 0.752437 -0.250432
24.294599 89.894360 -52.847419 0.488439 0.847033 -0.209670
26.419310 88.203291 -54.858643 0.578584 0.812347 -0.073022
24.325768 90.706462 -50.644097 0.517572 0.765000 -0.383268
21.595792 91.809650 -51.730456 0.409861 0.819826 -0.399873
6.553540 92.843085 -42.952367 -0.211198 0.949705 -0.231203
5.697640 93.113830 -41.036414 -0.013411 0.954152 -0.299023
9.042624 93.590591 -39.443963 -0.106421 0.984929 -0.136347
32.869336 84.042716 -56.278311 0.550018 0.788465 0.275325
34.114199 84.070960 -58.031012 0.486959 0.754063 0.440750
35.510545 86.219195 -61.948941 0.465887 0.675239 0.571841
37.129287 81.769010 -44.917205 0.703173 0.637568 -0.314731
36.796769 83.049782 -42.664695 0.763187 0.625744 -0.161216
37.872682 80.900584 -57.116997 0.539804 0.693575 0.477038
33.778195 86.141341 -43.169373 0.696063 0.655093 -0.293852
30.036415 88.278785 -47.229949 0.653245 0.659466 -0.371988
32.612507 84.024785 -49.484927 0.679164 0.660911 -0.319271
37.394040 86.501544 -64.258517 0.564590 0.677364 0.471611
37.275764 80.472740 -47.100819 0.726827 0.629818 -0.273957
33.895878 82.306273 -51.990101 0.660662 0.750238 -0.025866
33.454621 87.110781 -40.759449 0.706909 0.700886 -0.095068
33.984998 82.472597 -50.212566 0.683009 0.699636 -0.209783
35.627239 81.642319 -55.479281 0.584437 0.743830 0.324269
40.950867 81.649632 -61.810927 0.686157 0.627474 0.368054
40.422195 80.789692 -59.701260 0.577591 0.657583 0.483708
34.945434 81.568115 -53.577261 0.623500 0.761060 0.178984
35.073685 88.618976 -64.417038 0.564341 0.676883 0.472598
41.073695 76.803421 -54.556709 0.628682 0.715222 0.305315
38.390981 80.136029 -44.211283 0.832298 0.518456 -0.196173
42.493646 80.959030 -63.817899 0.736705 0.617715 0.275126
30.101914 86.175988 -50.076590 0.630893 0.675671 -0.381369
30.087785 85.479437 -51.986457 0.639046 0.756219 -0.140543
37.594049 87.615267 -66.462226 0.666532 0.663924 0.339028
38.030881 78.833500 -49.157031 0.708474 0.687903 -0.157654
30.576100 89.698641 -40.582554 0.623641 0.770869 -0.129744
27.442839 91.804418 -41.549649 0.524707 0.848943 -0.063078
29.998755 89.197511 -45.072762 0.658161 0.723609 -0.207877
31.314305 89.554002 -37.229223 0.667891 0.744171 -0.011441
27.049384 89.429801 -49.379902 0.568984 0.707374 -0.419379
28.825092 91.352276 -37.949258 0.502232 0.863319 -0.049417
30.578592 89.706987 -32.067420 0.588500 0.806214 0.060720
32.595488 90.930969 -64.982935 0.465242 0.720905 0.513659
22.871845 96.446867 -67.137276 0.284242 0.820108 0.496618
25.909867 94.794202 -66.506451 0.281316 0.774763 0.566219
41.492240 74.633302 -47.917260 0.661865 0.747892 -0.050913
43.270916 73.230506 -50.110378 0.652638 0.737419 0.174000
43.164587 76.283251 -57.257674 0.655537 0.645114 0.392555
47.952688 70.821107 -55.945117 0.723800 0.665802 0.181166
45.859673 71.690714 -52.252091 0.654063 0.724784 0.216540
48.774602 68.930921 -51.976217 0.703967 0.701134 0.113322
46.427729 70.822316 -49.618453 0.638420 0.769688 -0.000679
46.154651 75.012803 -60.995076 0.745802 0.599757 0.289950
44.952195 73.859941 -55.989269 0.679920 0.676088 0.283927
45.458708 72.051029 -45.567459 0.676037 0.729311 -0.105259
47.561948 72.181176 -58.804740 0.757339 0.612656 0.226030
39.699197 77.068450 -50.186282 0.724543 0.688912 0.020911
38.896028 78.207031 -46.587719 0.854349 0.510483 -0.097441
40.585659 76.521533 -52.384442 0.663140 0.730318 0.163952
40.026717 76.358979 -46.727557 0.787608 0.615214 0.034430
51.327410 67.155370 -86.938068 0.816372 0.507979 -0.274762
53.585899 64.436070 -85.448306 0.843873 0.374162 -0.384554
48.476261 67.162664 -94.436350 0.846515 0.398894 -0.352557
46.841245 67.684548 -97.878934 0.816843 0.453736 -0.356218
51.763364 68.771377 -82.249350 0.853517 0.511502 -0.099369
47.482146 59.977089 -104.981820 0.876790 0.342123 -0.337922
54.884532 64.606353 -76.442838 0.853303 0.514114 -0.086959
53.738735 66.567095 -73.795064 0.765672 0.641795 -0.042959
52.103290 68.274508 -78.893743 0.847750 0.529992 -0.020714
49.883869 68.794211 -89.444464 0.864206 0.384819 -0.324134
50.092219 69.211590 -85.544264 0.841521 0.491969 -0.223179
50.862577 69.380754 -83.911121 0.802281 0.516988 -0.298442
55.349236 61.379280 -81.799395 0.955807 0.221302 -0.193541
56.410385 56.042946 -81.854771 0.968879 0.173848 -0.176213
54.235488 64.286089 -83.608248 0.901879 0.404771 -0.150911
47.834859 62.416840 -101.322842 0.878162 0.342593 -0.333858
52.706213 66.934426 -83.738150 0.812105 0.525597 -0.253442
56.421353 61.574937 -75.299334 0.934383 0.323445 -0.149372
48.595800 70.230756 -90.694117 0.817792 0.451774 -0.356534
55.320848 63.143551 -78.803499 0.927867 0.349497 -0.130059
49.513190 69.906687 -87.839775 0.870494 0.467498 -0.153900
47.024945 74.086764 -88.516014 0.809190 0.534004 -0.245053
48.220064 71.764531 -89.671976 0.811532 0.500377 -0.301726
55.300758 64.844458 -72.797983 0.847955 0.513205 -0.132641
43.031990 80.674580 -85.991996 0.754255 0.566922 -0.331208
45.683755 74.893295 -90.256315 0.727334 0.571633 -0.379764
41.228755 84.050186 -84.646784 0.758661 0.599582 -0.254824
45.547651 77.758218 -84.918479 0.810991 0.549031 -0.202134
46.387099 70.860110 -94.345449 0.762396 0.523287 -0.380688
43.620736 81.504567 -82.759988 0.816463 0.558454 -0.146689
43.550758 82.703659 -75.684100 0.836757 0.547511 -0.008397
46.999371 76.929173 -80.021609 0.836914 0.543138 -0.067646
49.469710 72.805150 -82.206083 0.833676 0.518002 -0.191465
47.879429 75.358881 -75.557010 0.849698 0.526826 0.021627
50.446836 71.730741 -80.030628 0.859795 0.510620 -0.004458
50.870852 70.571094 -75.416359 0.861192 0.507574 0.026787
49.253286 71.340287 -85.533683 0.865997 0.447305 -0.223537
45.046775 79.780240 -71.630024 0.824464 0.558050 0.094013
51.077824 68.797698 -61.911653 0.776801 0.605564 0.172836
48.722953 72.226140 -62.953283 0.804154 0.568929 0.172210
40.859962 86.023629 -72.538200 0.781379 0.606106 0.148603
42.105742 82.827378 -67.497460 0.776039 0.601632 0.189216
44.207694 79.878464 -66.746003 0.794044 0.579587 0.183231
49.558033 72.261091 -67.956976 0.836988 0.543995 0.059336
46.845403 77.078086 -70.327663 0.837048 0.541253 0.079979
53.017258 67.373991 -68.516610 0.777996 0.628013 0.017918
38.053264 88.140012 -68.788254 0.708278 0.667781 0.228934
52.116715 68.418859 -66.881984 0.791541 0.599781 0.117156
52.083323 68.506723 -75.461791 0.817039 0.576556 -0.005481
52.707218 66.480123 -60.743618 0.733496 0.661073 0.158004
55.675639 64.680791 -70.025003 0.769523 0.637721 0.033857
54.211160 65.564426 -64.849447 0.753447 0.650431 0.096217
55.258595 64.268474 -63.257244 0.777910 0.623861 0.075185
55.365058 63.644250 -60.032657 0.722484 0.668677 0.175750
56.172027 62.987127 -61.803047 0.879672 0.472239 0.056281
57.750790 59.389484 -59.550715 0.932799 0.354305 0.065989
56.823415 60.977502 -57.694324 0.865836 0.478793 0.145205
57.924587 59.216284 -63.871839 0.959390 0.281797 -0.012677
56.918384 58.877476 -76.466393 0.968169 0.185006 -0.168584
57.345450 60.392879 -71.031871 0.969830 0.225376 -0.092928
53.262012 64.460865 -56.381861 0.678785 0.711654 0.181107
57.296188 61.234802 -66.761873 0.918989 0.393561 0.023852
59.429933 45.884239 -74.868961 0.972262 0.152369 -0.177456
58.270467 49.591507 -77.154864 0.969648 0.167347 -0.178262
59.575136 48.693571 -71.888914 0.972014 0.161745 -0.170374
58.397311 56.445101 -68.244844 0.971111 0.229994 -0.063614
56.610090 63.016121 -71.172814 0.918914 0.387841 -0.071946
59.117491 52.520101 -69.871086 0.973378 0.198121 -0.115255
56.256377 63.354162 -67.130678 0.842439 0.533286 0.076824
55.241829 62.240459 -54.514418 0.769537 0.624232 0.134713
56.338055 60.127628 -52.805159 0.873359 0.467138 0.137938
52.918988 64.599188 -52.788296 0.736004 0.676029 0.035813
52.405739 65.018763 -56.210090 0.771706 0.631200 0.077822
51.733345 66.676643 -57.880943 0.765429 0.618286 0.178438
51.016120 66.920429 -54.060012 0.757772 0.645810 0.093336
55.155494 61.023279 -48.784764 0.833496 0.536104 0.133705
48.507900 68.826939 -48.014616 0.723952 0.689797 0.008595
45.628716 72.401444 -42.659314 0.763938 0.613558 -0.199864
49.719843 67.371376 -45.076051 0.777828 0.626270 0.052627
52.577893 64.601808 -48.856620 0.758973 0.644191 0.094749
47.735616 70.031063 -41.125749 0.801647 0.595872 -0.047944
49.464606 67.504597 -41.593432 0.822283 0.567440 0.043146
65.516902 -5.945402 9.173632 0.955816 0.039957 0.291237
63.294586 -1.942819 14.847316 0.922203 0.086224 0.376970
63.959165 3.100928 12.189257 0.939412 0.056314 0.338133
63.967663 -9.536438 14.946392 0.938776 0.076690 0.335883
66.829662 -7.759088 3.893158 0.982936 -0.017184 0.183141
66.479571 0.227524 5.300026 0.954498 0.044460 0.294885
66.855177 -29.037519 -16.258822 0.988674 -0.148466 -0.021952
66.220132 -32.315845 -7.539695 0.981612 -0.189726 0.021039
67.041070 -28.045643 -6.733675 0.990002 -0.140567 0.011691
67.498793 -22.534117 -4.931887 0.996906 -0.062524 0.047645
67.559424 -24.134435 -12.038319 0.995580 -0.093585 -0.007883
66.898791 -28.442392 -3.747147 0.986065 -0.138142 0.092700
67.660060 -21.309409 -12.146200 0.998208 -0.058825 0.010951
65.722659 -35.344281 -9.463173 0.981471 -0.191227 0.012151
65.322540 -35.577497 -2.685472 0.976795 -0.205241 0.061224
64.996222 -38.781838 -8.911700 0.979349 -0.198736 0.037148
67.280351 -18.995407 -0.580293 0.987003 -0.058230 0.149780
67.690677 -16.905814 -4.330875 0.996489 -0.067935 0.048941
67.985789 -18.011155 -12.704626 0.995987 -0.088955 0.009842
67.468196 -21.957298 -18.838521 0.993818 -0.107263 -0.028656
68.147961 -13.802153 -6.897171 0.998997 -0.038154 0.023430
67.848106 -18.307990 -23.660726 0.993656 -0.112166 0.008208
66.689707 -27.591573 -22.988624 0.986490 -0.156278 -0.049142
68.104541 -9.376788 -6.638986 0.999986 0.002676 0.004594
68.117856 -15.497473 -16.598890 0.999854 -0.016447 -0.004583
67.983503 -13.201160 -4.531953 0.994126 -0.025784 0.105116
68.092143 -14.433526 -21.801527 0.999042 -0.038653 0.020514
68.076117 -10.450160 -19.958975 0.999572 -0.006623 0.028509
67.998213 -6.265114 -4.068087 0.993548 -0.010551 0.112919
68.061011 -3.044970 -10.683724 0.998921 0.034500 -0.031101
67.991436 -2.741505 -13.653059 0.996721 0.080324 0.009731
68.091810 -5.683943 -19.754138 0.999980 0.006264 0.000739
68.108362 -0.097095 -5.506027 0.997451 0.020122 0.068453
67.458662 -1.606801 1.294004 0.990457 0.003542 0.137775
68.118999 1.032367 -7.523040 0.999152 0.033065 -0.024536
67.681404 5.193888 -8.486411 0.996673 0.053207 -0.061737
68.112091 -3.545008 -21.482234 0.998239 0.039155 0.044553
67.540352 0.936739 -13.931978 0.998697 0.049235 -0.013448
67.716728 1.115158 -20.151745 0.997088 0.062343 0.043929
67.743363 5.564693 -5.331271 0.999612 -0.027257 0.005745
67.525192 6.370164 -13.599277 0.998800 -0.046201 -0.016272
61.898407 33.167687 -37.235802 0.974041 0.136782 -0.180373
63.246774 29.984780 -33.949587 0.961278 0.230586 -0.150914
61.460426 37.133562 -34.502243 0.975580 0.204107 -0.081138
59.583629 45.764517 -26.606232 0.944297 0.327742 -0.029803
60.953382 39.932592 -31.505477 0.961298 0.266016 -0.071712
61.261714 40.184043 -25.436800 0.951496 0.303049 -0.053081
62.900356 29.282674 -35.924605 0.944729 0.167938 -0.281575
63.594096 30.509237 -30.573770 0.961144 0.251244 -0.114365
68.813488 8.739426 -28.151509 0.994918 0.095429 0.032110
68.052760 14.473856 -24.819855 0.992108 0.124478 -0.015051
68.579653 10.408504 -29.895666 0.982459 0.165346 -0.086231
67.644163 16.272829 -26.265081 0.973067 0.211832 -0.090925
66.964210 16.448720 -30.446361 0.953510 0.235483 -0.188059
66.009453 13.979494 -35.747389 0.900842 0.175081 -0.397279
64.688046 12.538887 -39.002924 0.917484 0.157690 -0.365180
67.938724 12.796425 -31.347123 0.948117 0.237172 -0.211717
64.314833 11.778915 -42.633296 0.960266 0.228653 0.160024
63.052373 17.040831 -42.581983 0.981100 0.190598 0.033398
63.171094 17.501802 -41.012108 0.961958 0.163643 -0.218765
66.509220 14.832362 -33.848926 0.929980 0.226215 -0.289765
64.435699 11.002424 -41.010076 0.971384 0.190775 -0.141483
68.270852 8.351790 -33.341115 0.949419 0.182023 -0.255872
67.386045 10.258098 -34.566502 0.886100 0.205485 -0.415455
65.746616 6.409950 -39.097666 0.895713 0.187423 -0.403201
68.425463 4.029674 -35.436763 0.890063 0.182111 -0.417880
61.742241 40.288541 -17.560562 0.942728 0.330540 -0.044801
60.761202 33.189095 -43.286669 0.993496 0.085025 -0.075736
65.249087 25.566876 -27.409401 0.958061 0.255123 -0.130501
62.792327 37.468998 -16.972357 0.953356 0.299659 -0.036301
64.552966 32.017421 -9.303567 0.951277 0.307932 0.015818
65.972610 26.896665 -15.983267 0.960605 0.276342 -0.029549
60.668508 36.743728 -42.571049 0.989903 0.089673 -0.109780
61.253331 31.140935 -45.439255 0.957443 0.109976 0.266848
65.359084 27.578942 -23.317322 0.958879 0.272693 -0.078675
66.116030 24.336277 -23.761211 0.971968 0.216932 -0.090651
63.382299 33.670568 -25.164827 0.954488 0.285564 -0.086062
62.686734 27.780672 -48.026009 0.949350 0.103970 0.296521
60.796505 39.097110 -39.187635 0.989025 0.127094 -0.075344
61.605016 26.618703 -43.427654 0.990878 0.134701 -0.004081
62.427882 25.185615 -39.559430 0.955964 0.147814 -0.253543
65.979993 21.452766 -29.745533 0.961562 0.225974 -0.155992
61.910198 27.409107 -45.802330 0.950336 0.137673 0.279121
66.945024 23.295191 -15.305327 0.973495 0.227549 -0.022988
60.749684 36.548520 -45.428843 0.964871 0.075007 0.251790
62.409760 32.547691 -48.423819 0.940216 0.106302 0.323564
60.536889 41.415570 -35.934259 0.978816 0.204047 0.016839
59.900776 44.853944 -21.086600 0.941078 0.336738 -0.031311
64.543837 28.821876 -25.129953 0.957845 0.256493 -0.129400
65.477680 20.249570 -33.643178 0.939195 0.203273 -0.276753
61.366947 28.818944 -42.226546 0.983641 0.122907 -0.131696
64.514881 24.140232 -33.841309 0.942290 0.192586 -0.273861
59.217604 45.967350 -32.049422 0.956565 0.290767 0.020922
60.457949 38.465996 -43.685353 0.998238 0.052919 -0.026834
62.760663 36.322382 -5.835668 0.931537 0.344912 0.115217
61.331603 40.315530 -7.221775 0.922157 0.378437 0.080079
62.012495 39.474847 -12.369767 0.935348 0.351471 0.039900
67.731874 15.535026 -11.487275 0.996473 0.079051 0.028160
67.551948 19.784477 -16.204630 0.987238 0.157498 -0.023557
67.028828 22.412552 -8.955660 0.977893 0.202826 0.050865
64.413016 30.560237 -3.263484 0.944499 0.291754 0.151002
65.165699 29.819666 -7.999404 0.963129 0.263245 0.055547
65.870531 25.281573 -3.934961 0.964608 0.224237 0.138743
64.552132 26.505715 1.168606 0.952560 0.208698 0.221528
63.686610 31.145713 -0.533236 0.932661 0.282175 0.224767
61.849848 35.506989 1.081312 0.910593 0.343981 0.229122
67.945585 16.849897 -17.260886 0.996345 0.085246 0.005371
68.379359 -14.094391 -26.690554 0.988213 -0.099671 0.116189
68.136261 -17.107896 -27.778824 0.987942 -0.130306 0.083615
66.518812 -27.928705 -27.156337 0.988727 -0.149726 0.001147
66.288716 -29.643481 -28.904031 0.979305 -0.197198 0.045539
68.398559 -20.509957 -39.790765 0.970794 -0.223381 -0.087527
67.275527 -26.260462 -34.261894 0.976044 -0.216233 0.024124
68.734116 -9.848011 -26.771555 0.983923 -0.044870 0.172867
68.390293 -19.577974 -32.045989 0.976397 -0.173043 0.129248
69.075432 -18.065059 -35.442592 0.977795 -0.206624 0.034984
67.397924 -22.967350 -28.922229 0.985258 -0.151621 0.079236
69.377669 -16.886290 -38.835969 0.986025 -0.146273 -0.079742
66.757141 -28.102722 -35.361824 0.958222 -0.269869 -0.094771
68.442414 -7.928585 -24.306574 0.993759 0.015988 0.110395
68.768929 -4.005237 -26.623424 0.977637 0.002714 0.210281
69.604890 -11.573366 -31.348121 0.976368 -0.112458 0.184551
68.211407 -1.895884 -23.623014 0.991901 0.033295 0.122570
67.909567 2.858927 -22.561622 0.987240 -0.016898 0.158337
67.954423 11.299303 -15.955971 0.996739 -0.080576 -0.004242
68.124104 11.520267 -10.743544 0.999941 -0.001255 0.010773
68.021979 14.230837 -15.252543 0.998673 0.045055 0.024928
67.514553 5.856111 -0.713461 0.994258 0.024519 0.104162
68.764935 6.060582 -26.536645 0.986050 0.007144 0.166299
67.537766 5.849627 -18.554679 0.998254 -0.034149 0.048188
67.923718 10.998346 -5.165057 0.996975 0.045602 0.062933
68.294026 12.134395 -23.572783 0.997443 0.051806 0.049230
68.142290 10.658402 -21.355506 0.994145 -0.046992 0.097301
69.163046 4.676547 -32.389527 0.978561 0.143296 -0.147933
69.607294 1.754299 -31.217398 0.996762 0.080117 0.006804
67.589077 -5.300444 -45.458560 0.958865 0.033373 0.281894
70.143036 -4.826211 -32.153708 0.998337 0.054135 -0.019810
69.739429 -2.444133 -33.890788 0.987740 0.100694 -0.119292
69.967543 -6.384029 -31.211512 0.977091 -0.024512 0.211405
69.740571 -3.065479 -31.143783 0.989258 0.037334 0.141335
69.940771 -11.193554 -37.054962 0.979027 0.020309 -0.202717
70.080834 -9.080908 -33.663720 0.999520 -0.018827 0.024619
69.863977 -7.253004 -36.231771 0.983726 0.070077 -0.165445
70.063476 -12.342827 -34.868285 0.994630 -0.101340 0.021000
69.778806 -13.731773 -33.644802 0.975065 -0.169713 0.142991
66.602570 -17.704743 -46.881949 0.971301 -0.175949 -0.160052
67.127633 -15.444999 -45.240974 0.953719 0.003461 -0.300679
67.634851 -20.701792 -43.307951 0.931631 -0.168627 -0.321913
69.334665 -9.715353 -38.524318 0.906049 0.123760 -0.404671
65.878986 -20.465091 -47.640367 0.922069 -0.223600 -0.315897
66.674159 2.354617 -39.018558 0.889971 0.185278 -0.416682
65.851727 4.225093 -40.963164 0.979454 0.198430 -0.035992
66.761095 -0.811844 -41.880262 0.985609 0.141906 0.091859
67.181791 -1.844498 -39.874449 0.946076 0.157499 -0.283079
67.180837 -10.649036 -44.223500 0.999236 -0.007994 0.038256
66.015826 5.160559 -43.418658 0.962981 0.187155 0.194014
67.826958 -11.596407 -42.159139 0.916296 0.128544 -0.379313
69.020050 -15.999343 -40.774243 0.950658 -0.060879 -0.304209
67.800605 -22.289350 -41.090773 0.939739 -0.294325 -0.173964
68.310350 -14.742558 -42.310319 0.917958 0.107413 -0.381857
66.285905 -18.886673 -49.035389 0.634959 -0.681246 0.364324
67.730123 -9.464634 -45.948809 0.878920 -0.085157 0.469305
66.910845 -12.877300 -45.132767 0.981200 0.029576 -0.190715
67.897933 -6.547166 -40.119847 0.868681 0.165208 -0.467012
67.297429 -7.018876 -41.744036 0.963287 0.114263 -0.242944
67.095201 -13.332448 -46.193132 0.911901 -0.125134 0.390869
69.266248 -5.086288 -37.398207 0.907785 0.152379 -0.390777
69.534887 0.400410 -29.643149 0.981688 0.008885 0.190289
67.282957 -15.349851 -47.038845 0.764718 -0.271586 0.584335
69.292716 0.250197 -34.690866 0.958869 0.135917 -0.249191
68.499911 -0.275957 -36.752444 0.871256 0.177856 -0.457470
67.423972 -3.969787 -40.045846 0.868037 0.174771 -0.464722
67.133207 -3.903233 -43.089142 0.993354 0.022313 0.112914
65.706304 10.376133 -47.165440 0.976812 0.212555 0.025687
65.223554 12.626068 -48.730031 0.975058 0.217833 -0.042560
66.882688 5.000273 -49.343254 0.972609 0.209690 0.100305
64.775626 13.922280 -46.494196 0.950403 0.246210 0.190041
63.344016 17.220093 -44.484117 0.957234 0.205222 0.203929
63.908233 18.299573 -47.807100 0.972661 0.206965 0.105337
65.670788 9.666886 -45.494397 0.951500 0.212508 0.222458
66.397304 7.062732 -47.030302 0.977993 0.174553 0.114287
65.897424 8.897783 -50.861787 0.962974 0.269524 -0.006159
64.937825 11.914780 -51.884706 0.956515 0.260776 -0.130675
67.621273 -1.063996 -47.032460 0.976629 0.149919 0.154016
64.448933 11.933492 -55.488230 0.929220 0.339589 -0.145700
66.129003 8.236335 -55.184729 0.923850 0.372164 -0.089411
56.899210 -0.198851 -61.766557 0.820011 0.269743 -0.504798
56.425170 1.556334 -64.365862 0.982415 -0.023646 0.185209
56.416517 2.555643 -62.962912 0.976958 -0.212507 0.019856
56.187061 1.486858 -63.111720 0.981027 0.155583 -0.115668
56.894397 -1.677413 -63.757838 0.906875 0.382482 -0.176877
56.529812 -0.338277 -65.162807 0.991219 0.118741 0.058187
57.045976 1.330485 -66.167627 0.966593 -0.224486 0.123711
56.776325 -0.431746 -67.258507 0.981176 -0.038249 0.189291
57.616473 0.779871 -68.129276 0.862675 -0.409139 0.297317
56.450956 2.830031 -61.720806 0.812185 0.015584 -0.583191
58.000881 -1.895874 -61.731937 0.623864 0.524163 -0.579696
57.069668 -2.337426 -66.145987 0.939795 0.341084 -0.021147
60.748668 9.969199 -71.051432 0.655431 -0.714478 -0.244809
63.029211 4.834902 -66.006237 0.844791 0.094907 -0.526613
61.022623 9.234056 -68.728890 0.920170 -0.193693 -0.340249
59.972210 7.314386 -69.420156 0.613907 0.022284 -0.789064
59.446161 8.953820 -70.365193 0.656066 -0.525016 -0.542158
62.780485 15.023628 -59.933224 0.973551 0.131581 -0.186777
57.414787 3.079894 -60.846519 0.542480 -0.071001 -0.837063
58.024523 7.734706 -70.408717 0.476699 0.190638 -0.858147
60.575859 10.188309 -72.760201 0.536390 -0.836653 -0.110893
59.452688 9.710587 -71.838876 0.280293 -0.948134 -0.149923
57.148782 3.676680 -62.211989 0.565282 -0.709773 -0.420331
58.919791 5.364369 -70.437971 0.587662 0.249305 -0.769741
59.257709 1.714939 -68.410096 0.799308 -0.585806 -0.133932
63.387915 11.145660 -61.690577 0.898167 0.333274 -0.286748
62.290435 13.105024 -63.511761 0.957478 0.159326 -0.240523
60.782061 2.443175 -67.939132 0.724609 -0.456008 -0.516720
60.106477 3.118159 -69.482196 0.772393 -0.152903 -0.616466
61.864719 3.709458 -67.538395 0.778072 -0.167705 -0.605375
63.713908 12.373958 -58.620159 0.921747 0.332238 -0.200001
58.474338 1.044682 -70.153625 0.902414 -0.390475 -0.182148
61.463777 2.416814 -66.416335 0.594377 -0.624339 -0.506869
62.763991 2.993325 -65.601769 0.767883 -0.387026 -0.510458
61.809705 10.491040 -66.340075 0.970480 0.059485 -0.233729
62.306855 8.145690 -65.961690 0.874122 0.161119 -0.458205
60.955814 6.587451 -68.637186 0.775297 0.038645 -0.630414
62.557632 10.680755 -64.100543 0.891417 0.240099 -0.384355
64.263999 7.838629 -62.695534 0.874312 0.272531 -0.401628
58.152680 -5.369501 -69.991803 0.907415 0.419524 0.024459
57.294504 -2.619100 -69.002037 0.983904 0.129817 0.122801
53.444426 3.739737 -75.622357 0.710135 0.585399 -0.391172
54.535119 1.268848 -76.985108 0.745794 0.522699 -0.413010
52.794162 3.403215 -78.011097 0.843079 0.502835 -0.190723
58.503560 -5.959759 -71.822604 0.822958 0.554118 0.125271
58.034971 -4.182641 -72.483112 0.960709 0.255598 0.108201
59.246762 -6.190353 -73.548372 0.689317 0.698689 0.191511
55.340303 2.527141 -74.573381 0.624700 0.522552 -0.580250
54.124317 4.569951 -73.462954 0.525518 0.626001 -0.576154
56.126656 4.269700 -72.600046 0.440265 0.512307 -0.737366
54.275176 0.650586 -78.303703 0.804561 0.572909 -0.156386
51.976434 4.920458 -76.612826 0.709961 0.644415 -0.284050
57.028046 2.412300 -73.155288 0.633645 0.318570 -0.704988
57.788395 -1.299439 -72.791423 0.997106 0.040246 -0.064495
57.919223 1.076721 -72.344399 0.926093 -0.033672 -0.375789
58.675742 2.963525 -71.329536 0.809973 -0.043101 -0.584882
57.842547 -0.877319 -71.065702 0.966448 -0.213893 0.142225
57.620651 -2.010485 -74.149000 0.953273 0.275340 -0.124331
56.948551 0.331612 -74.212985 0.808653 0.340629 -0.479638
57.811900 -2.958209 -78.391190 0.701171 0.697798 0.146415
56.917237 -1.411558 -76.003216 0.832177 0.497132 -0.245646
58.398524 -4.207945 -75.657656 0.875947 0.477680 0.067363
56.601130 -1.729387 -77.661572 0.713225 0.658027 -0.241477
56.479794 6.219851 -71.069160 0.381274 0.527132 -0.759449
58.158122 0.757470 -60.536132 0.557224 0.157454 -0.815298
58.970638 -1.305308 -60.833061 0.530706 0.321902 -0.784047
59.801514 -2.608063 -61.785736 0.217274 0.607076 -0.764363
59.411924 3.521633 -59.943359 0.410297 0.009450 -0.911903
58.484690 -5.798137 -67.923922 0.820843 0.556407 -0.128951
59.211735 -4.199727 -63.217522 0.462141 0.668018 -0.583247
60.617450 -5.172607 -64.449151 -0.111598 0.713903 -0.691294
63.422527 -3.157002 -57.780480 0.678110 0.596569 0.429269
59.562133 -5.642050 -64.763583 0.520023 0.727365 -0.447791
57.922502 -3.567905 -64.394214 0.791610 0.550134 -0.265906
59.142249 -6.029540 -66.428282 0.660156 0.706033 -0.256343
59.966828 -6.607516 -67.674920 0.494710 0.849471 -0.183472
64.157852 16.883684 -50.710625 0.975518 0.179082 -0.127648
63.699879 19.894661 -49.474836 0.996020 0.083930 0.030005
63.114468 21.927037 -46.816128 0.959430 0.137434 0.246181
63.453860 21.011039 -38.712464 0.919671 0.171226 -0.353393
63.547179 24.955135 -49.910101 0.993380 0.081225 0.081229
63.555765 18.893900 -52.960822 0.989196 0.057716 -0.134758
63.181862 15.617451 -56.777012 0.971293 0.168074 -0.168347
62.148671 23.677901 -44.750535 0.969457 0.164182 0.182203
62.220796 22.550143 -42.588877 0.987973 0.145208 -0.053138
60.311887 43.221315 -44.733248 0.990338 0.123513 0.063051
60.857037 41.979638 -47.100136 0.950709 0.133259 0.279992
60.336330 49.979694 -63.022556 0.973269 0.217989 -0.072300
57.800792 55.770941 -47.402939 0.918065 0.380457 0.111394
59.916079 51.188792 -51.799802 0.946909 0.309815 0.085895
58.245162 53.846750 -45.970420 0.948329 0.287103 0.135072
60.473362 42.562122 -40.926622 0.994844 0.099433 -0.019967
60.764552 48.076996 -51.307685 0.959246 0.240272 0.148715
59.088644 50.674246 -45.741867 0.977100 0.206168 0.052643
58.082583 56.782767 -54.207301 0.924423 0.366832 0.104296
60.334440 50.677573 -59.679315 0.968712 0.246579 -0.028222
59.472844 53.513032 -56.766109 0.954135 0.296305 0.042781
59.888321 45.953486 -40.527056 0.974944 0.216014 0.053130
58.820968 50.420741 -40.768267 0.951642 0.288731 0.104935
59.583022 49.365398 -47.360478 0.959138 0.198211 0.201906
57.284605 55.766546 -44.322188 0.903834 0.403496 0.142393
51.994608 -37.867157 -79.658279 0.884362 -0.209912 -0.416941
57.723474 -15.422345 -74.406349 0.941720 -0.034833 -0.334589
57.593849 -18.090149 -74.212842 0.948538 -0.082128 -0.305827
56.983655 -17.308339 -76.292269 0.939943 -0.063545 -0.335364
56.667653 -21.173355 -76.257509 0.926319 -0.133432 -0.352320
57.080636 -13.113843 -76.680332 0.936538 -0.210811 -0.280099
55.771573 -17.647559 -79.506449 0.944469 -0.121212 -0.305427
54.133488 -31.764808 -77.694919 0.887556 -0.175814 -0.425834
54.961158 -27.425886 -77.791489 0.910613 -0.165188 -0.378809
57.591968 -20.504793 -73.547173 0.954638 -0.093626 -0.282667
58.097761 -21.060838 -71.376163 0.963439 -0.081421 -0.255255
57.806124 -26.508660 -70.739175 0.934353 -0.140966 -0.327281
58.676323 -22.479715 -68.454102 0.974466 -0.039126 -0.221099
53.771464 -24.596962 -81.334511 0.883006 -0.186024 -0.430925
55.713423 -32.613201 -73.516703 0.927010 -0.193131 -0.321486
58.198884 -22.959238 -70.473496 0.962465 -0.071321 -0.261866
54.563280 -20.126496 -81.598558 0.907006 -0.180528 -0.380460
56.975357 -15.058867 -76.549808 0.940201 -0.051615 -0.336687
57.578973 -13.666193 -75.190867 0.937226 -0.073604 -0.340867
55.255752 -15.431517 -82.745564 0.929854 -0.147807 -0.336933
52.772273 -23.116795 -84.213199 0.900867 -0.222087 -0.372981
52.252532 -16.516185 -90.016773 0.918041 -0.157165 -0.364005
65.790547 -34.909829 -17.856026 0.980545 -0.192441 -0.038708
64.239287 -29.608923 -46.138151 0.950878 -0.254221 -0.176640
64.014139 -28.203047 -48.811898 0.959754 -0.175290 -0.219422
64.408694 -33.777510 -39.281081 0.954024 -0.235475 -0.185443
63.874546 -24.555956 -50.946558 0.956354 -0.094071 -0.276653
62.310537 -30.656579 -55.132297 0.951385 -0.169708 -0.257033
62.400576 -28.377284 -55.669523 0.952957 -0.031889 -0.301422
61.877524 -34.829709 -52.944543 0.953180 -0.239862 -0.184159
61.072109 -39.024067 -50.718938 0.931226 -0.283681 -0.228788
62.788116 -35.099041 -46.120070 0.958360 -0.230976 -0.167919
60.163905 -37.012259 -56.911231 0.920450 -0.280634 -0.272061
65.123277 -33.355604 -35.666313 0.950715 -0.267208 -0.157290
65.560538 -26.858685 -44.074325 0.932661 -0.288583 -0.216479
65.036667 -25.266750 -47.256945 0.925390 -0.202121 -0.320624
65.202479 -34.520967 -32.654150 0.974236 -0.224000 -0.026241
53.030953 -19.305258 -85.897195 0.924518 -0.208350 -0.319150
53.918512 -15.093762 -86.110211 0.929843 -0.162676 -0.330043
51.163168 -19.731898 -91.738994 0.922074 -0.147632 -0.357748
51.422328 -23.782080 -87.411279 0.917878 -0.290700 -0.270173
57.847436 -11.403499 -77.012624 0.650038 -0.667517 -0.363142
56.906187 -10.511847 -80.197544 0.818062 -0.386942 -0.425501
56.199885 -12.743083 -80.452315 0.949677 -0.150805 -0.274538
55.618652 -10.695199 -82.717768 0.914399 -0.064483 -0.399646
52.018978 -12.294080 -91.919503 0.918278 -0.106400 -0.381372
50.546327 -16.213697 -93.738118 0.914745 -0.099393 -0.391615
58.026019 -10.185058 -78.899585 0.356863 -0.799767 -0.482723
54.423687 -10.579352 -85.879885 0.943227 0.000183 -0.332147
61.754119 -7.141461 -87.645868 -0.464317 -0.810648 -0.356734
62.188554 -6.755821 -89.146874 -0.288607 -0.751580 -0.593155
67.252598 -7.564060 -86.351773 0.480880 -0.348643 -0.804489
65.199168 -9.023634 -85.957161 -0.040627 -0.769724 -0.637082
62.918953 -0.219796 -81.842079 0.090197 -0.082519 0.992499
61.893213 -2.061832 -81.764078 0.317681 0.321204 0.892136
64.112468 -2.512829 -81.820168 0.053861 0.097884 0.993739
67.568459 -3.408588 -86.069955 0.816274 0.140233 -0.560385
68.652599 -3.825894 -84.424650 0.936457 0.197972 -0.289577
68.369662 -3.192107 -83.387665 0.857301 0.414944 0.304724
66.735279 -2.975526 -81.916749 0.380245 0.495062 0.781234
67.628513 -9.093568 -85.739671 0.366206 -0.372714 -0.852630
64.904890 -4.506975 -81.049342 -0.128321 0.672801 0.728610
62.291832 3.714075 -81.423401 0.155110 0.020058 0.987693
66.510212 -0.728065 -86.708282 0.887847 0.176834 -0.424803
65.144175 -0.537168 -82.070692 0.333680 0.121850 0.934778
63.070748 -3.939231 -81.507449 0.221418 0.558471 0.799427
62.294498 2.021146 -81.644021 0.073658 -0.060894 0.995423
68.555203 -7.038213 -85.258542 0.843494 0.006570 -0.537098
66.591875 -5.542358 -87.306902 0.735460 -0.111563 -0.668320
64.073408 1.339331 -81.817364 0.264277 -0.022000 0.964196
63.555601 -6.966301 -89.371425 0.226800 -0.588702 -0.775881
66.284650 -3.273497 -87.728175 0.830190 0.036322 -0.556296
66.831935 -0.631023 -83.152601 0.792236 0.312905 0.523882
61.192105 -3.808198 -80.885659 0.406980 0.602922 0.686187
69.171840 -6.747964 -82.979738 0.974853 0.217720 -0.047540
67.309499 -1.103949 -85.039772 0.923906 0.342760 -0.170041
65.285529 -7.261712 -87.803273 0.449279 -0.585000 -0.675222
63.283458 -7.989393 -87.709566 -0.125716 -0.876930 -0.463884
68.482966 -5.074279 -81.397302 0.754995 0.544486 0.365399
62.105955 -8.193008 -85.773475 -0.378838 -0.826849 -0.415696
63.069186 -5.218497 -80.305956 0.224251 0.828914 0.512458
66.804682 1.181772 -84.633476 0.989713 0.139281 -0.032690
64.512869 -6.219810 -89.293750 0.630449 -0.317011 -0.708547
61.905305 -2.999133 -92.343127 0.235296 -0.530828 -0.814160
60.130893 -2.504184 -91.776888 -0.384851 -0.722220 -0.574707
61.158788 -3.816114 -91.463106 -0.234597 -0.619258 -0.749322
60.435714 -29.114807 -61.226508 0.943047 -0.123094 -0.309046
62.060721 -22.913771 -57.492745 0.541577 -0.839841 -0.036904
63.034390 -22.943427 -57.658461 -0.085242 -0.957425 0.275809
67.465741 -13.441493 -61.942198 0.887029 -0.447658 0.113058
66.240702 -15.334848 -60.336560 0.896337 -0.433969 0.090834
61.624647 -23.751076 -59.751844 0.633141 -0.764865 -0.118806
61.817183 -23.158445 -62.081702 -0.040586 -0.916950 -0.396932
60.617932 -23.324002 -62.306659 0.860818 -0.280730 -0.424480
65.481890 -16.793231 -59.133812 0.962794 -0.268520 0.030395
65.716689 -17.216940 -62.664730 0.997264 -0.061804 0.040568
69.061509 -7.260975 -66.615283 0.947626 0.273605 0.164761
67.937647 -4.710010 -66.066866 0.860912 0.508727 0.005182
68.262036 -5.328800 -68.481721 0.788277 0.614514 -0.031487
66.905279 -14.512142 -63.206551 0.837542 -0.540431 0.080356
66.194002 -15.978093 -68.059866 0.777967 -0.620412 0.099273
68.662251 -12.205473 -65.514875 0.925454 -0.337725 0.171687
60.268677 -6.178836 -65.834913 0.270786 0.920253 -0.282506
63.253499 -23.928513 -60.981203 -0.137082 -0.982700 0.124532
65.350442 -24.351799 -61.064159 0.028016 -0.985877 0.165110
61.880348 -24.020545 -57.072009 0.954731 -0.083869 -0.285404
61.387696 -26.009204 -58.720905 0.951894 -0.077123 -0.296562
65.783703 -16.554247 -66.674756 0.983516 -0.179723 0.019906
69.854518 -9.149971 -68.072372 0.980788 -0.001650 0.195069
69.539941 -7.370083 -69.453572 0.900079 0.429818 0.071517
61.101310 -22.162782 -62.644177 0.102492 -0.651287 -0.751878
68.280302 -5.517941 -70.972405 0.687812 0.723363 -0.060504
69.285171 -10.180298 -66.168285 0.977482 -0.016602 0.210364
70.269333 -10.954751 -71.506966 0.981386 -0.170767 0.087863
69.676444 -12.482795 -71.801595 0.821596 -0.560276 0.105214
68.488811 -8.337100 -62.773993 0.967989 0.147448 0.203115
68.213260 -6.112267 -63.888661 0.930948 0.306553 0.198396
66.710091 -4.304400 -69.938195 0.392614 0.892372 -0.222543
66.468920 -16.396039 -71.563678 0.864995 -0.495782 0.077356
62.879806 -2.507664 -57.196245 0.849821 -0.252348 0.462737
63.817635 -1.992251 -56.968599 0.176853 -0.766393 -0.617547
64.611227 -1.342085 -58.313160 0.496707 -0.830387 -0.252468
68.056531 -11.656122 -60.945205 0.953916 -0.248704 0.167903
68.434055 -9.931034 -61.819289 0.981029 -0.026782 0.192003
65.116838 -23.198104 -57.402067 0.032183 -0.958257 0.284092
69.645500 -16.649060 -52.681685 0.930391 -0.108194 -0.350238
70.348529 -15.254810 -49.388211 0.779645 -0.353794 0.516704
70.462105 -14.351301 -50.838045 0.989660 -0.091838 -0.110172
64.738294 -22.364399 -54.641275 0.158829 -0.945826 0.283172
67.017712 -21.165907 -53.219983 0.438359 -0.792877 0.423306
67.471653 -9.843909 -56.883217 0.999437 -0.005395 0.033110
68.955918 -18.521018 -51.141681 0.709543 -0.605718 0.360076
64.906297 -21.109423 -51.688651 0.518092 -0.804978 0.289122
63.671516 -0.802563 -63.369102 0.181503 0.581789 -0.792829
62.381036 0.641026 -62.425839 -0.271273 0.344698 -0.898662
64.235362 1.011110 -62.843639 0.658166 -0.054408 -0.750905
67.376305 -16.876767 -48.238222 0.654000 -0.483069 0.582176
69.235733 -18.982864 -52.758929 0.851707 -0.489725 0.186451
68.753675 -20.014472 -54.263671 0.939447 -0.339390 0.047464
68.032643 -19.284866 -58.538512 0.823497 0.488916 -0.287775
67.348615 -18.802599 -58.873171 0.487065 0.850187 -0.199875
68.282535 -17.696555 -49.453399 0.553325 -0.558957 0.617575
64.969555 -4.679623 -57.478946 0.752700 0.656929 -0.043433
64.855978 -3.610334 -59.414870 0.778296 0.413875 0.472189
67.638109 -8.156520 -55.887573 0.847522 0.091614 -0.522793
68.342052 -9.488196 -54.886654 0.813184 -0.118136 -0.569890
66.827499 -6.180022 -56.252903 0.699050 0.381332 -0.604909
64.825504 -1.380080 -60.115328 0.967768 -0.099760 0.231243
63.312281 -22.769807 -54.173707 0.812232 -0.563844 -0.149527
67.162824 -7.451995 -57.825494 0.908367 0.418163 0.003080
67.280672 -11.819508 -57.300196 0.971126 -0.226428 0.075133
67.481508 -12.138211 -54.965695 0.832228 -0.204826 -0.515211
66.418562 -14.195976 -56.387394 0.941119 -0.337048 -0.026358
65.021452 -0.971885 -62.400706 0.899922 0.404528 -0.162782
65.232673 0.850070 -61.144603 0.918308 -0.186983 -0.348923
65.898031 -3.077102 -61.482657 0.824535 0.431252 0.366285
63.364753 -3.069624 -56.591680 0.349204 0.694658 -0.628893
65.835024 -0.034431 -58.751483 0.796034 -0.431580 -0.424344
67.714636 -7.788055 -60.088213 0.911883 0.312757 0.265807
65.594000 -17.076102 -56.670721 0.905325 0.092696 -0.414480
64.948942 -20.548818 -50.147751 0.892385 -0.426842 -0.146478
63.733019 -22.382321 -52.241288 0.919198 -0.323515 -0.224530
64.298531 -22.560265 -50.438049 0.918452 -0.208741 -0.335966
66.030945 -18.302637 -57.833453 0.429410 0.876525 -0.217509
69.314947 -18.260940 -54.016267 0.934983 -0.038524 -0.352595
68.646047 -20.196527 -57.229108 0.991813 0.019676 -0.126176
68.363095 -18.374506 -55.624712 0.818518 0.382150 -0.428940
67.104288 -23.090875 -58.582080 0.530330 -0.821814 0.208259
68.275715 -21.590970 -57.233438 0.826446 -0.563015 -0.000311
68.114037 -21.143853 -59.155902 0.978015 -0.111998 -0.175907
68.293482 -14.626700 -54.277606 0.637860 0.033565 -0.769420
66.878075 -14.363139 -54.964340 0.745559 -0.017831 -0.666201
66.874788 -16.315354 -55.532886 0.627247 0.262345 -0.733305
66.799043 -22.630262 -56.242945 0.351227 -0.887394 0.298617
66.091648 -1.981807 -56.701173 0.443515 -0.408096 -0.797968
68.629210 -16.860883 -54.520220 0.729106 0.250775 -0.636802
67.625095 -22.826520 -60.166395 0.908680 -0.415241 -0.043311
66.642482 -23.932132 -60.409597 0.541762 -0.838885 0.052591
66.939144 -18.057674 -56.780686 0.462244 0.738315 -0.491143
68.339343 -21.423288 -55.526756 0.751023 -0.622568 0.219940
64.271057 -2.961709 -67.104082 0.136065 0.894091 -0.426718
65.203031 -2.252281 -65.894459 0.233330 0.892133 -0.386853
66.471128 -3.463402 -67.453741 0.488586 0.829977 -0.269113
66.578832 -2.835067 -65.305193 0.682873 0.719929 -0.124043
68.259065 -12.156076 -46.919074 0.627664 -0.157236 0.762440
66.298208 -2.573622 -63.337789 0.760980 0.642786 0.087949
67.240790 -3.758922 -63.558200 0.862466 0.444398 0.242203
66.522963 -5.992294 -59.270271 0.797456 0.518887 0.307930
68.530708 -8.004920 -46.875733 0.790295 0.055847 0.610177
70.286278 -12.093109 -48.388560 0.807361 -0.046634 0.588212
63.457467 -2.183211 -64.979870 -0.051799 0.852206 -0.520635
65.065452 -1.664341 -64.290536 0.368415 0.870199 -0.327145
70.255576 -9.455552 -49.185139 0.966196 0.112322 0.232055
70.541165 -11.521297 -48.675933 0.971729 0.078554 0.222648
59.605440 -20.994759 -64.945479 0.859390 -0.076556 -0.505558
66.061200 -19.976364 -68.319222 0.990494 0.051741 -0.127457
65.183101 -22.201572 -71.318524 0.717774 -0.594375 -0.362655
65.543111 -20.073744 -72.618100 0.932555 -0.285310 -0.221222
65.273410 -5.968789 -76.484637 -0.074113 0.993569 -0.085600
63.752270 -22.521822 -71.782206 -0.006318 -0.910672 -0.413081
64.162260 -21.495539 -73.214422 0.285009 -0.793357 -0.537917
62.236477 -21.127067 -72.488617 -0.342286 -0.791464 -0.506385
65.961803 -18.220934 -66.245878 0.968638 0.237099 -0.074325
66.045125 -22.129539 -68.139582 0.942941 -0.252715 -0.216789
67.609507 -5.856977 -77.209442 0.171978 0.981581 0.083197
60.195697 -20.006823 -64.091712 0.292200 -0.316288 -0.902541
66.936146 -20.825060 -63.995235 0.967910 0.160357 -0.193484
62.500127 -6.687315 -75.166745 -0.001973 0.970913 0.239426
60.992119 -6.820977 -74.637147 0.341890 0.912871 0.223112
60.427539 -21.609958 -63.454848 0.524645 -0.468977 -0.710498
61.864530 -22.869171 -67.662413 -0.452143 -0.867180 -0.208724
63.401490 -24.026246 -63.614200 -0.153482 -0.988066 0.012985
61.316645 -6.341453 -76.579029 0.192740 0.925744 0.325344
63.313479 -6.422955 -76.206009 0.003723 0.980917 0.194393
63.605672 -23.542622 -68.636148 -0.178491 -0.948889 -0.260288
63.314554 -23.958503 -66.277672 -0.181150 -0.966850 -0.179962
65.119792 -23.516099 -68.140315 0.401077 -0.869547 -0.288143
66.870937 -22.621070 -64.246969 0.956052 -0.208020 -0.206623
67.560262 -21.594308 -61.827475 0.975162 -0.046118 -0.216640
66.968230 -23.393967 -62.015165 0.775815 -0.613615 -0.146930
66.578452 -19.173335 -63.342819 0.909423 0.403511 -0.100640
60.825067 -21.349462 -64.426319 -0.854485 -0.293773 -0.428431
66.214534 -18.548023 -61.364832 0.702712 0.710679 -0.033632
66.620612 -5.505809 -74.565184 0.197529 0.962861 -0.184070
61.505233 -22.496127 -63.512133 -0.635098 -0.772431 0.001101
67.428656 -19.678084 -60.824703 0.897353 0.372642 -0.236422
64.714789 -5.268019 -73.148393 -0.091331 0.954733 -0.283096
61.907545 -10.952790 -72.650732 -0.020358 -0.999621 0.018528
62.867731 -11.000360 -74.162214 -0.054011 -0.994313 0.091781
61.685320 -10.986366 -74.706428 -0.054539 -0.994202 -0.092667
65.467597 -18.056288 -59.050636 0.933973 0.357025 0.015079
68.120043 -5.583508 -73.024111 0.536546 0.828728 -0.159150
69.416375 -6.958835 -72.261702 0.875666 0.481323 -0.039203
68.959985 -6.620270 -75.018413 0.753551 0.656275 -0.038257
69.807534 -8.244929 -77.751747 0.985216 0.165528 -0.044165
69.989199 -8.981176 -73.948225 0.986787 0.153945 -0.050517
66.587722 -4.812924 -72.217840 0.238694 0.945744 -0.220438
63.178307 -11.322562 -75.908867 -0.221512 -0.975155 -0.002389
69.329324 -6.854084 -77.478682 0.739418 0.672237 0.036864
66.175857 -23.581660 -65.378503 0.740046 -0.634780 -0.222232
65.837352 -18.569739 -70.844617 0.994513 -0.104614 -0.000562
64.868207 -24.386171 -65.159669 0.094933 -0.987038 -0.129399
62.301274 -22.409716 -70.161822 -0.401387 -0.865541 -0.299545
59.611983 -6.805857 -71.239765 0.477419 0.876464 0.062302
60.780171 -6.506116 -69.282669 -0.174680 0.983533 -0.046368
65.777125 -24.229072 -63.665847 0.385175 -0.921148 -0.055922
64.848345 -4.441929 -70.993489 0.091429 0.953971 -0.285622
65.065569 -3.686913 -68.944237 0.157117 0.935052 -0.317793
69.849130 -11.811544 -74.004360 0.970103 -0.239382 -0.039966
59.835528 -22.673104 -64.169016 0.909367 -0.076730 -0.408856
60.809720 -6.996758 -72.936542 0.402604 0.901364 0.159540
59.317247 -6.770960 -69.389182 0.539464 0.840924 -0.042733
70.166666 -8.942410 -71.072314 0.978498 0.205201 0.020836
68.911235 -13.611853 -72.953753 0.797745 -0.598328 0.074878
59.704988 -5.670177 -76.584414 0.601347 0.745238 0.288100
63.022094 -20.371121 -74.650128 -0.283000 -0.799851 -0.529292
57.467732 -1.689347 -80.748796 0.366843 0.695170 0.618195
58.357660 -3.391898 -85.854810 -0.153334 -0.333914 -0.930049
58.090326 -12.104214 -75.179011 0.769673 -0.555705 -0.314317
63.470906 -6.046177 -78.110263 0.059986 0.966491 0.249594
55.041927 -4.595371 -85.358807 0.480540 -0.402484 -0.779158
57.115452 -6.869221 -83.152491 -0.230700 -0.710291 -0.665030
57.137490 -5.111452 -84.739018 -0.127553 -0.565622 -0.814740
55.985322 -7.292424 -82.747901 0.696593 -0.306546 -0.648681
59.404147 -7.003633 -84.532282 -0.456187 -0.694783 -0.556030
55.399302 -1.036845 -80.020896 0.688939 0.702932 0.176775
53.760386 -5.362327 -86.838154 0.910514 0.003516 -0.413464
56.470273 -3.336058 -85.563691 0.066282 -0.362744 -0.929528
60.033486 -8.748243 -82.604911 -0.368968 -0.829947 -0.418389
57.743502 -8.570169 -81.418562 0.057111 -0.774102 -0.630479
59.141789 -9.657498 -79.792723 -0.167559 -0.904236 -0.392787
59.585568 -10.583823 -77.575308 0.037167 -0.965934 -0.256105
61.861979 -10.763532 -77.577406 -0.165316 -0.974926 -0.148965
62.825236 -10.031170 -82.289841 -0.425071 -0.852849 -0.303254
64.531818 -10.098441 -84.000100 -0.368452 -0.801418 -0.471140
58.911245 -3.305016 -79.700505 0.497008 0.679247 0.540007
60.783512 -5.152214 -78.846976 0.360275 0.818766 0.447018
56.132598 -8.590146 -82.216222 0.701375 -0.308439 -0.642603
64.919715 -5.629530 -79.639816 -0.076783 0.963896 0.254970
68.885444 -6.301422 -79.337663 0.761967 0.639688 0.101021
66.970920 -5.186912 -79.824557 0.207385 0.855706 0.474088
61.443700 -10.199989 -79.877826 -0.277099 -0.921429 -0.272368
67.088570 -10.492986 -84.845365 -0.085703 -0.700016 -0.708966
68.667043 -9.851954 -84.637414 0.736160 -0.286626 -0.613119
63.620882 -19.586826 -76.153821 -0.475398 -0.596755 -0.646437
62.445553 -18.165654 -75.842911 -0.683323 -0.437192 -0.584750
63.926734 -18.138168 -77.376749 -0.119282 -0.573039 -0.810801
67.295272 -15.700771 -75.588410 0.771652 -0.636044 0.000715
69.139721 -13.300036 -80.887585 0.626983 -0.707790 -0.325462
69.425734 -11.857138 -82.306026 0.887689 -0.253362 -0.384469
68.395640 -12.177305 -83.177743 0.234100 -0.720569 -0.652669
66.626393 -12.484779 -82.461101 -0.340920 -0.712797 -0.612938
65.728374 -14.221635 -80.442534 -0.286890 -0.642848 -0.710240
64.728581 -12.975682 -79.890392 -0.644542 -0.506669 -0.572583
64.951684 -11.531476 -81.948707 -0.527981 -0.755268 -0.388339
63.664758 -11.151691 -79.949530 -0.456903 -0.867816 -0.195281
59.763436 -11.352955 -74.048656 0.122073 -0.968427 -0.217362
58.892418 -11.086775 -75.827597 0.381602 -0.897328 -0.221773
69.775229 -11.981487 -80.614139 0.995031 -0.057054 -0.081603
69.907579 -10.942381 -76.823217 0.994915 -0.098664 -0.020222
69.290396 -8.574989 -83.314270 0.982158 0.035641 -0.184651
67.915296 -14.851608 -78.017105 0.659317 -0.721883 -0.210204
68.564954 -14.440004 -76.355845 0.781158 -0.624333 -0.000783
65.788129 -17.108184 -77.417700 0.628810 -0.666932 -0.399749
64.572629 -16.612923 -78.568698 -0.014038 -0.587299 -0.809248
64.634371 -19.237678 -76.462962 0.576057 -0.669907 -0.468384
65.712302 -18.061638 -75.162367 0.879151 -0.463740 -0.109722
63.433090 -11.150596 -78.111288 -0.304334 -0.925750 -0.224427
69.263047 -13.389572 -79.158947 0.843298 -0.534634 -0.054914
63.232998 -16.643528 -77.631702 -0.525731 -0.374317 -0.763868
62.768377 -10.710268 -79.026236 -0.310384 -0.942695 -0.122429
69.417357 -13.044146 -76.781129 0.901839 -0.432038 -0.005443
67.644805 -14.092458 -80.475078 0.260095 -0.834348 -0.486019
66.007103 -15.430375 -79.371320 0.233153 -0.731361 -0.640898
65.918954 -17.939562 -72.759354 0.971898 -0.228869 -0.055081
64.296436 -15.006235 -78.904997 -0.338988 -0.473291 -0.813070
67.225694 -0.074103 -56.711084 0.800376 -0.229296 -0.553915
69.330514 -3.121579 -51.951127 0.960348 0.262718 0.093333
68.797712 -1.527866 -53.294318 0.960708 0.213013 -0.177948
66.812818 1.898375 -58.127241 0.898195 -0.151638 -0.412614
66.834639 4.167341 -58.444219 0.938628 0.054165 -0.340652
68.114967 0.987202 -52.240378 0.968611 0.220540 0.114692
69.726002 -5.379195 -52.524276 0.951116 0.123142 -0.283220
68.429975 -5.308324 -54.827233 0.733949 0.012905 -0.679082
66.854150 -4.229792 -55.761487 0.336238 -0.041527 -0.940861
68.052681 0.728158 -55.089772 0.964513 0.093801 -0.246812
69.027155 -3.485541 -54.080305 0.920666 0.107624 -0.375222
64.780647 -3.439372 -56.213893 0.380084 0.144266 -0.913632
67.875058 2.774897 -54.447275 0.978321 0.192361 -0.076718
68.056672 -1.706248 -55.335428 0.785352 -0.020813 -0.618700
69.241136 -11.214264 -53.728837 0.758433 -0.067952 -0.648199
69.347862 -4.471565 -49.979410 0.924813 0.284398 0.252661
69.539070 -9.002265 -53.517047 0.867542 0.028222 -0.496562
68.024169 -1.498773 -48.771671 0.934648 0.261296 0.241158
70.155673 -6.155388 -51.240652 0.988810 0.134329 -0.064886
65.187719 2.975893 -62.162421 0.890509 -0.100160 -0.443804
70.644819 -11.742516 -50.077074 0.999758 0.021178 -0.005989
70.350562 -10.821060 -51.853221 0.958202 0.013888 -0.285756
67.306037 -0.899432 -44.601047 0.981292 0.110089 0.157945
69.970523 -7.805283 -48.757271 0.888187 0.200546 0.413407
68.389641 -4.564883 -47.681011 0.897170 0.195470 0.396079
67.213816 5.540689 -53.720277 0.959339 0.280673 0.029872
65.259637 5.331739 -62.040824 0.896429 0.143875 -0.419184
66.710739 6.033207 -57.495062 0.925047 0.306487 -0.224397
63.972860 3.708600 -64.297566 0.805196 -0.186223 -0.563010
63.216179 2.158767 -63.827438 0.580264 -0.482362 -0.656216
61.108102 -42.360701 -46.825505 0.946872 -0.252377 -0.199348
64.723233 -37.494500 -32.228220 0.975054 -0.212731 -0.063373
63.568560 -39.102017 -38.337457 0.959330 -0.224998 -0.170475
62.341977 -40.059504 -42.905039 0.958186 -0.212686 -0.191426
63.034400 -45.008657 -31.174699 0.965935 -0.247107 -0.076862
60.841645 -47.616552 -40.322403 0.937416 -0.292770 -0.188514
61.345881 -44.034799 -42.851164 0.942116 -0.273903 -0.193376
62.950268 -42.869380 -36.179674 0.954306 -0.263394 -0.141150
57.989104 -57.907561 -36.512409 0.899698 -0.379784 -0.215192
59.244925 -52.717106 -39.398531 0.921433 -0.331431 -0.202766
59.232785 -57.174230 -31.464343 0.927726 -0.337838 -0.158712
60.494456 -51.152130 -35.684926 0.941366 -0.298127 -0.157955
62.310829 -48.385433 -28.070009 0.978278 -0.199020 -0.057991
61.330742 -51.483061 -30.106757 0.947676 -0.281748 -0.150094
62.902102 -46.421863 -24.972924 0.986457 -0.136016 -0.091660
57.675993 -41.956322 -59.769436 0.919928 -0.277784 -0.276709
57.697847 -44.664973 -56.396185 0.921421 -0.298175 -0.249149
59.125186 -47.416895 -47.879185 0.922282 -0.311603 -0.228690
56.067175 -53.107398 -51.727245 0.892867 -0.382567 -0.237551
55.696937 -50.640228 -57.121700 0.917063 -0.313767 -0.246061
57.733853 -51.540613 -47.831572 0.911086 -0.346257 -0.223672
56.343452 -56.009522 -45.995663 0.879147 -0.412714 -0.238259
53.242151 -61.237140 -47.608998 0.864411 -0.439058 -0.244991
57.317574 -56.678279 -40.927916 0.885292 -0.405912 -0.226921
55.302082 -60.753350 -40.728980 0.904005 -0.333517 -0.267474
54.223189 -60.957808 -43.976912 0.885656 -0.393953 -0.245792
53.171268 -62.294775 -46.103186 0.945474 -0.110280 -0.306458
54.990122 -53.543578 -55.166438 0.870714 -0.424658 -0.248037
53.432140 -52.677430 -61.680911 0.863275 -0.417356 -0.283850
58.872795 -27.238743 -67.293087 0.941965 -0.151969 -0.299346
58.423043 -24.505430 -69.211928 0.961523 -0.047461 -0.270595
57.362929 -32.799258 -68.082807 0.926673 -0.215731 -0.307794
59.174418 -23.559708 -66.452092 0.961906 -0.016483 -0.272882
58.457586 -34.880003 -63.666070 0.921583 -0.230772 -0.312136
59.854582 -24.662870 -64.156265 0.956357 -0.056177 -0.286749
53.933895 -45.696497 -67.876653 0.897873 -0.313375 -0.309225
55.617673 -40.556800 -67.758734 0.921771 -0.252068 -0.294616
54.870679 -48.817604 -62.220006 0.906477 -0.307238 -0.289663
60.224855 -33.253479 -59.819914 0.926118 -0.204932 -0.316715
53.044121 2.416630 -79.670617 0.870060 0.480599 0.109634
53.742268 -12.008356 -88.358257 0.931789 -0.068069 -0.356560
52.613781 -8.097884 -90.546299 0.941798 0.045811 -0.333044
53.131614 -3.142576 -87.775997 0.825135 0.014097 -0.564759
51.479893 5.746606 -78.584863 0.894352 0.392814 0.214085
43.228879 -22.097011 -117.625240 0.957078 -0.255637 -0.136568
42.176341 -24.263917 -119.338774 0.891125 -0.411821 -0.190522
40.032764 -28.232632 -119.204850 0.895922 -0.408981 -0.173371
43.129295 -24.691868 -115.245693 0.916500 -0.358945 -0.176597
39.791793 -30.065478 -116.923384 0.896472 -0.405028 -0.179693
45.274823 -17.821363 -112.400274 0.964918 -0.219481 -0.144085
44.266812 -21.011227 -112.189900 0.950452 -0.256196 -0.176080
45.435250 -20.635387 -107.333296 0.938154 -0.266646 -0.220834
45.534852 -14.279402 -115.857466 0.957775 -0.232681 -0.168899
43.546238 -24.596337 -110.893904 0.942902 -0.286301 -0.170197
46.634366 -11.084993 -112.938465 0.978800 -0.167261 -0.118210
46.814015 -11.216357 -110.493911 0.977978 -0.174955 -0.113801
46.092556 -15.022801 -108.232086 0.976313 -0.181282 -0.118113
46.450146 -16.000287 -105.453384 0.941227 -0.186953 -0.281320
45.994406 -19.313461 -105.985198 0.965878 -0.142958 -0.215970
47.557511 -19.440755 -100.860362 0.932848 -0.172533 -0.316271
44.407450 -16.027225 -119.811717 0.965338 -0.215114 -0.147812
43.915044 -19.940060 -115.713391 0.960183 -0.239162 -0.144399
47.163041 -11.584222 -107.627660 0.951612 -0.209610 -0.224717
46.031673 -23.115398 -103.141115 0.918687 -0.302031 -0.254543
44.840975 -24.436035 -105.203706 0.936992 -0.286449 -0.199983
-57.369259 -39.585011 -104.445604 -0.836355 -0.526691 -0.152009
-61.085506 -34.516735 -101.129521 -0.886769 -0.446930 -0.117870
-59.010160 -39.472949 -97.068962 -0.848160 -0.475442 -0.233622
10.202391 -12.334744 -145.009996 0.005479 0.000247 -0.999985
7.858594 -14.470676 -145.709503 0.042753 -0.010277 -0.999033
9.519311 -10.939267 -145.879996 0.108256 -0.101288 -0.988950
10.427428 -1.084534 -145.912312 -0.002529 -0.002828 -0.999993
16.312844 3.162236 -145.853417 0.004784 -0.000950 -0.999988
16.060251 -16.830193 -145.862613 0.002947 -0.001879 -0.999994
23.733699 2.849985 -145.864166 0.000412 0.000209 -1.000000
-6.079312 8.051556 -145.875587 -0.001933 -0.001203 -0.999997
-8.741003 6.181857 -145.718904 0.012579 0.035929 -0.999275
5.681310 5.993881 -145.870330 -0.003574 0.000243 -0.999994
1.033956 19.161806 -145.851470 0.002232 0.001076 -0.999997
-7.969456 9.226645 -145.506240 -0.006399 -0.004159 -0.999971
-10.244807 8.570086 -145.998969 0.069221 0.066958 -0.995352
-11.406309 7.802660 -145.978263 -0.004949 -0.014498 -0.999883
-9.148273 -5.426190 -145.878824 -0.001467 -0.002198 -0.999997
-9.993825 5.203998 -145.892537 -0.003651 0.031928 -0.999484
-14.867270 1.106013 -145.850775 -0.000232 -0.000176 -1.000000
-12.123603 6.756024 -145.793369 0.015110 -0.027437 -0.999509
-14.048782 8.294268 -145.976215 -0.038147 0.076055 -0.996374
-15.174673 6.465157 -145.875090 -0.001621 0.000761 -0.999998
-17.895450 3.136441 -145.900924 -0.024846 -0.025533 -0.999365
-4.999273 -6.042612 -145.895872 -0.004342 -0.042733 -0.999077
-1.832467 1.725353 -145.830194 0.006345 -0.000335 -0.999980
-0.996239 -1.070789 -145.927816 0.004899 0.020840 -0.999771
-0.862093 1.021817 -145.602743 0.017427 0.004872 -0.999836
0.243300 3.866482 -145.905290 0.000125 -0.024617 -0.999697
-1.249889 -6.571378 -145.912231 0.000448 -0.010143 -0.999948
-3.659525 -9.458011 -145.750005 0.000447 0.003268 -0.999995
1.724036 -2.562835 -145.947942 0.011610 0.033620 -0.999367
2.542811 2.226553 -145.703317 -0.003649 -0.038651 -0.999246
0.902941 0.837685 -146.006535 0.007276 -0.005337 -0.999959
4.864158 2.798681 -145.912744 -0.026711 -0.012334 -0.999567
0.417940 -0.632980 -145.703515 0.024931 0.034271 -0.999102
3.505332 -0.648892 -145.562049 -0.025643 0.019100 -0.999489
11.087872 8.261740 -145.930625 0.014097 0.007119 -0.999875
5.093768 -1.748261 -145.931770 -0.022359 0.003062 -0.999745
1.388825 -11.998292 -145.863654 -0.011777 0.013251 -0.999843
-0.377393 -15.423354 -145.861103 -0.019796 -0.012184 -0.999730
4.333082 -17.085596 -145.866003 0.043582 0.066319 -0.996846
3.813048 -14.592344 -145.857758 0.122276 -0.100458 -0.987399
0.452221 -13.948088 -146.053947 -0.030083 0.029424 -0.999114
0.113828 -16.931279 -145.957991 -0.013307 0.019897 -0.999713
4.590710 -15.313586 -145.048543 0.170451 -0.082294 -0.981924
5.631008 -13.727474 -145.922137 0.010754 -0.052741 -0.998550
-0.965252 -11.488104 -145.491153 -0.062663 0.025076 -0.997720
0.864473 -10.328706 -145.884782 -0.034055 -0.012177 -0.999346
6.311198 -15.499851 -145.348051 -0.104970 0.072689 -0.991815
6.966090 -4.547840 -145.917606 -0.009191 0.028463 -0.999553
9.447560 -7.973417 -145.883835 0.020778 0.004882 -0.999772
1.306847 -6.361940 -145.887443 -0.023644 0.005403 -0.999706
6.227389 -17.824521 -145.923048 -0.007017 0.027482 -0.999598
11.043980 -8.969129 -145.729237 -0.038711 0.014304 -0.999148
0.826079 -8.208803 -145.706522 0.012877 -0.000059 -0.999917
4.932053 -5.129417 -145.832633 0.035681 0.000670 -0.999363
6.934956 -3.099717 -145.446482 0.008162 0.044675 -0.998968
6.791031 -2.071513 -145.808292 0.052853 -0.144191 -0.988137
10.523616 -6.581193 -145.485276 0.018784 0.000769 -0.999823
2.393057 -4.944107 -145.846472 0.017021 -0.017789 -0.999697
9.689573 -3.430702 -145.717795 -0.049645 -0.029301 -0.998337
8.953239 -5.273235 -145.958890 0.136850 0.028901 -0.990170
0.005974 -9.576316 -145.904005 0.039064 -0.058618 -0.997516
-2.424656 -9.935624 -145.899229 -0.005648 -0.031727 -0.999481
-3.721728 -11.533633 -145.935228 0.009818 0.026394 -0.999603
-6.068454 -15.094591 -145.580613 -0.050527 -0.048784 -0.997531
-4.836001 -16.177211 -145.854914 -0.038643 0.018843 -0.999075
-8.037030 -16.645740 -145.667545 0.002769 -0.037924 -0.999277
-6.798620 -12.822307 -145.919573 0.056761 -0.011473 -0.998322
-2.176168 -11.638419 -145.611086 0.053614 0.006338 -0.998542
-1.461577 -16.040274 -145.578772 -0.043819 0.010407 -0.998985
-2.653822 -14.998446 -145.970931 0.061712 -0.023111 -0.997826
-2.952607 -16.902264 -145.701990 0.057494 -0.037517 -0.997641
-4.946828 -13.363545 -145.984584 -0.076978 0.013885 -0.996936
-8.930144 -7.553629 -145.869173 -0.016923 -0.019760 -0.999662
-5.102030 -9.573201 -145.910142 -0.012229 -0.008431 -0.999890
-6.328462 -7.482477 -145.659680 0.006743 0.033057 -0.999431
-13.305928 -6.008400 -145.928807 0.000264 -0.015448 -0.999881
-11.824326 -17.963668 -145.537490 0.019754 0.059724 -0.998019
-10.920575 -16.325888 -145.936763 0.038179 -0.146537 -0.988468
-12.148057 -14.452639 -146.090602 -0.002016 -0.023791 -0.999715
-9.807703 -8.690780 -146.015905 -0.019217 -0.011445 -0.999750
-6.468203 -10.482234 -145.749984 0.010176 -0.090801 -0.995817
-9.616894 -12.238726 -146.021769 0.042553 0.093586 -0.994701
-10.120191 -6.845853 -145.583469 -0.030761 0.048135 -0.998367
-5.464850 -11.835275 -145.522745 -0.046281 0.034580 -0.998330
-9.353671 -17.568762 -145.294755 -0.017366 -0.048645 -0.998665
-12.303580 -6.948840 -145.736075 0.006054 -0.053507 -0.998549
-12.152713 -9.177486 -145.678232 -0.019650 0.037000 -0.999122
-13.071826 -11.187687 -146.018252 -0.038725 0.095319 -0.994693
-8.774953 -10.402473 -145.631267 0.003414 0.017364 -0.999843
-17.264108 7.118609 -145.791465 0.004253 0.023472 -0.999715
-22.442656 5.440770 -145.953606 0.006861 -0.008104 -0.999944
-21.553524 3.276379 -145.531871 -0.009391 -0.005478 -0.999941
-18.714319 1.375624 -145.674939 -0.010609 0.067627 -0.997654
-29.732308 -0.849039 -145.940226 0.045164 0.012515 -0.998901
-29.370195 1.302896 -145.790500 0.127168 -0.091567 -0.987646
-26.395962 3.810812 -145.926560 -0.003625 -0.080546 -0.996744
-31.699279 4.258955 -145.895764 0.003999 0.001289 -0.999991
-34.563829 6.377377 -145.885829 -0.005351 0.002137 -0.999983
-32.739436 9.868829 -145.960648 -0.021887 0.000643 -0.999760
-28.260106 -0.413574 -145.037201 0.163550 0.096078 -0.981845
-27.403740 1.186200 -145.353190 -0.111499 -0.024541 -0.993462
-17.359345 8.491974 -145.874057 0.006602 -0.011277 -0.999915
-24.555734 12.180314 -145.828067 -0.001511 -0.000222 -0.999999
-15.953127 8.970329 -145.567452 0.026408 0.007758 -0.999621
-23.889274 0.978027 -145.780764 -0.005092 -0.021632 -0.999753
-18.183386 -0.796471 -145.843788 0.011026 -0.001439 -0.999938
-18.066954 -5.053582 -145.858045 0.010042 -0.002995 -0.999945
-23.283462 0.327496 -145.963294 -0.030907 0.011817 -0.999452
-20.177972 1.746982 -145.970838 0.038026 0.107550 -0.993472
-16.201985 -2.111356 -145.836665 0.014857 -0.028577 -0.999481
-20.998233 -4.954731 -145.875388 -0.029005 -0.048321 -0.998411
-25.442716 -2.433961 -145.802272 0.076990 0.013311 -0.996943
-26.021627 -1.142612 -146.039595 -0.026576 0.069445 -0.997232
-23.005078 -3.655577 -145.826178 -0.004302 0.000318 -0.999991
-22.314809 -5.345354 -145.512889 0.022461 0.057717 -0.998080
-21.902727 -6.901714 -145.989086 0.016639 0.095477 -0.995293
-24.412614 -7.422899 -145.655617 -0.060058 -0.075560 -0.995331
-23.317897 -6.112025 -145.994513 0.006047 -0.000166 -0.999982
-25.582990 -4.179811 -146.046272 -0.011265 -0.012180 -0.999862
-24.183302 -1.550897 -145.617605 0.010660 0.009474 -0.999898
-27.642255 -2.767432 -145.900967 -0.057411 0.115195 -0.991683
-22.460528 -9.550210 -146.013120 -0.077287 -0.043245 -0.996071
-30.155528 -3.145242 -145.855218 -0.062331 -0.111032 -0.991860
-18.665118 -7.560656 -146.016744 0.042014 -0.017028 -0.998972
-19.719456 -5.603720 -145.602723 0.005598 0.059161 -0.998233
-16.834728 -4.858340 -145.738519 0.032332 0.035914 -0.998832
-15.334680 -3.995583 -145.876158 -0.081501 0.004368 -0.996664
-18.467705 -9.666831 -145.532325 0.076930 -0.023511 -0.996759
-16.367968 -3.627338 -145.414362 -0.081794 -0.016763 -0.996508
-16.239892 -7.678696 -145.240363 0.046315 -0.084839 -0.995318
-16.650461 -6.761900 -145.904154 0.051060 -0.042140 -0.997806
-15.137688 -7.752484 -145.749326 -0.013561 -0.065471 -0.997762
-16.853024 -8.648035 -145.752809 0.042756 -0.057574 -0.997425
-32.134028 -16.170469 -145.500126 0.010200 0.001742 -0.999946
-33.037867 -14.118833 -145.980876 -0.036191 -0.031930 -0.998835
-34.316635 -7.229339 -145.790125 0.020063 0.061114 -0.997929
-32.548377 -10.581314 -145.873378 -0.031679 0.005291 -0.999484
-33.943084 -9.935953 -145.543170 0.010247 -0.016498 -0.999811
-38.340858 -19.544376 -145.856943 -0.001227 -0.000905 -0.999999
-40.631866 -2.940405 -145.854578 -0.002014 -0.000887 -0.999998
-35.739813 -8.455239 -145.941171 0.016839 0.000839 -0.999858
-60.599251 -14.581618 -145.857009 0.001529 0.000380 -0.999999
-34.149198 -13.338544 -145.687598 0.063410 0.021017 -0.997766
-34.596114 -4.445293 -145.901948 0.013440 -0.010811 -0.999851
-34.634013 -16.358614 -145.957539 0.042331 0.032814 -0.998565
-47.926615 3.117065 -145.882697 0.029515 0.032452 -0.999037
-51.064079 4.710864 -145.870640 -0.000116 -0.001796 -0.999998
-60.827649 4.500524 -145.853008 0.010033 -0.003271 -0.999944
-28.889937 -18.696914 -145.943755 0.004822 0.029772 -0.999545
-26.402232 -13.053610 -145.853124 -0.000636 0.025179 -0.999683
-24.326366 -11.133457 -145.862665 0.028821 0.046874 -0.998485
-25.848527 -8.578009 -145.897083 0.033174 0.013748 -0.999355
-27.568399 -15.633732 -145.906667 -0.004532 -0.117125 -0.993107
-23.586971 -12.540826 -145.967411 0.002206 0.019577 -0.999806
-23.951919 -9.282772 -145.453898 -0.018329 0.055279 -0.998303
-27.823334 -5.784223 -145.779901 -0.029603 -0.025962 -0.999225
-22.391781 -11.415925 -145.617369 -0.002317 -0.014410 -0.999893
-24.720669 -15.952045 -145.750868 -0.039875 -0.118342 -0.992172
-29.584229 -6.982146 -145.900178 -0.015090 0.059849 -0.998093
-31.295330 -4.941619 -145.209639 0.056311 -0.060900 -0.996554
-29.264434 -5.413889 -145.506491 -0.109510 0.125191 -0.986070
-32.176418 -3.959668 -145.769277 0.069078 -0.200825 -0.977189
-12.834869 9.853139 -145.642668 -0.004798 -0.009645 -0.999942
-10.944995 10.978375 -145.693575 0.008560 -0.044567 -0.998970
-11.080896 13.288141 -146.019044 0.011262 -0.059197 -0.998183
-15.480351 11.535883 -145.950579 0.019317 -0.039036 -0.999051
-7.706835 11.798495 -145.919890 -0.028923 -0.066061 -0.997396
-13.585445 13.888949 -145.987357 -0.035544 0.062898 -0.997387
49.152265 -43.787660 -82.085746 0.851362 -0.290711 -0.436657
51.922541 -50.947524 -68.230260 0.879061 -0.357218 -0.315669
49.981751 -47.233162 -77.647710 0.877465 -0.332989 -0.345214
53.861101 -41.819371 -72.151408 0.904618 -0.287171 -0.314959
52.043142 -58.526485 -56.525116 0.837543 -0.471352 -0.276312
49.961850 -53.966104 -69.786609 0.833747 -0.458804 -0.307189
49.480702 -57.222664 -65.778770 0.802660 -0.514754 -0.301275
31.421898 -43.163345 -123.848613 0.814272 -0.569235 -0.113720
31.074626 -45.137287 -118.254527 0.767123 -0.617766 -0.172881
28.733451 -46.574190 -123.666619 0.749459 -0.651775 -0.116195
30.804737 -43.902359 -127.284330 0.812019 -0.582678 -0.033334
26.907053 -50.138808 -117.780707 0.735793 -0.650488 -0.188345
32.519686 -42.625385 -119.629098 0.870482 -0.467806 -0.153030
45.032752 -59.551042 -72.703775 0.756841 -0.585971 -0.289535
-21.766519 -23.457083 -145.855351 -0.003904 -0.019412 -0.999804
-18.391785 -19.092242 -145.788064 0.002611 -0.172139 -0.985069
-17.376395 -19.348539 -145.397075 0.009092 -0.068411 -0.997616
-16.244047 -18.805654 -145.968895 -0.012296 0.038215 -0.999194
-16.258755 -17.347781 -145.679954 0.070008 0.056198 -0.995962
-18.618945 -20.050622 -145.905165 0.035438 0.039594 -0.998587
-16.629380 -14.686884 -145.390916 -0.017384 -0.031544 -0.999351
-14.722119 -15.680016 -145.887594 -0.085892 -0.094226 -0.991839
-19.389547 -16.728163 -145.819029 -0.008575 0.008060 -0.999931
-21.090035 -16.451433 -145.805356 -0.016416 0.002900 -0.999861
-20.133747 -14.849087 -146.029618 -0.047650 0.039196 -0.998095
-22.465505 -18.774485 -145.932460 -0.000579 0.023938 -0.999713
-24.965867 -17.583482 -145.714039 -0.043473 0.101280 -0.993908
-22.647097 -14.850845 -145.989022 0.034240 -0.032560 -0.998883
-26.569673 -16.918766 -145.640649 0.036320 0.008189 -0.999307
-18.218519 -17.359104 -146.025314 0.008644 0.006505 -0.999941
-16.836707 -11.278305 -145.582145 -0.020878 0.056119 -0.998206
-17.893090 -14.952840 -145.929189 0.117321 0.059500 -0.991310
-19.124238 -14.266203 -145.813389 -0.018621 -0.012150 -0.999753
-25.510732 -16.864632 -144.897081 -0.051809 -0.014755 -0.998548
-20.801288 -13.596015 -145.628628 0.023934 0.014586 -0.999607
-17.677026 -13.442542 -145.797050 0.061231 -0.019199 -0.997939
-15.403249 -12.978511 -145.951284 -0.095228 -0.009905 -0.995406
-18.868272 -11.859521 -145.976462 0.045952 0.060441 -0.997114
-20.963016 -11.870430 -145.859839 0.032158 -0.033179 -0.998932
1.859215 -20.702396 -145.859233 0.000313 -0.001249 -0.999999
-14.267522 -25.282173 -145.863219 0.000107 -0.000584 -1.000000
-14.539564 -22.748439 -145.783567 0.024412 0.040943 -0.998863
-5.770749 -22.561419 -145.873233 -0.022832 0.042647 -0.998829
-11.646453 -23.526646 -145.909326 -0.016725 0.097639 -0.995081
-16.220902 -22.096371 -145.922657 0.022026 0.014981 -0.999645
-7.893705 -21.278064 -145.454192 0.005110 -0.023173 -0.999718
-10.374054 -22.096797 -145.702322 0.022676 -0.048785 -0.998552
-15.414156 -20.832074 -145.641619 -0.044537 0.033927 -0.998432
-10.164030 -20.000216 -145.985347 0.013179 0.040292 -0.999101
-5.414742 -20.025705 -145.724982 -0.068757 0.003492 -0.997627
-11.633558 -22.285553 -145.507786 0.021152 -0.010565 -0.999720
-13.960214 -20.837191 -145.986701 -0.022785 -0.118666 -0.992673
-6.042855 -19.119787 -145.954401 0.059022 -0.086459 -0.994506
-8.627484 -18.620072 -145.864888 -0.068123 0.153570 -0.985787
-2.974547 -17.849594 -145.895322 -0.031911 0.028502 -0.999084
-30.423928 -65.800478 -103.704143 -0.396988 -0.898672 -0.186520
-31.690751 -65.827687 -101.327055 -0.359812 -0.898136 -0.252759
-32.300593 -66.365281 -98.987223 -0.320148 -0.879064 -0.353203
-17.578284 -73.993804 -86.876174 -0.071138 -0.919177 -0.387366
-14.646767 -74.120308 -86.826371 0.017447 -0.929723 -0.367845
-15.712908 -76.344602 -81.953843 -0.020739 -0.896990 -0.441564
-24.767285 -71.349100 -92.804118 -0.207891 -0.938558 -0.275482
-21.029306 -70.926252 -96.426264 -0.151650 -0.934925 -0.320807
-34.069361 -69.751909 -87.586766 -0.286612 -0.890433 -0.353528
-34.654344 -68.507681 -90.856592 -0.356847 -0.890140 -0.283392
-36.845575 -68.807074 -87.543028 -0.372693 -0.846145 -0.380971
-19.541585 -72.258170 -91.848376 -0.128145 -0.963062 -0.236834
-20.104030 -73.314834 -87.618585 -0.154663 -0.916475 -0.368989
-24.169727 -72.364196 -88.349126 -0.171193 -0.950601 -0.258941
-27.610306 -70.564517 -92.526738 -0.310684 -0.913900 -0.261270
-23.825562 -73.309339 -86.064758 -0.190438 -0.886604 -0.421505
-27.020634 -71.768144 -88.450156 -0.281987 -0.923788 -0.259035
-20.163960 -77.219816 -79.706321 -0.116684 -0.884024 -0.452644
-35.647696 -64.423142 -100.223178 -0.433946 -0.841469 -0.321902
-36.876362 -62.656455 -103.776142 -0.448263 -0.863650 -0.230582
-24.168359 -69.596914 -97.763025 -0.264325 -0.893600 -0.362782
-19.482574 -71.085066 -96.427102 0.010182 -0.947330 -0.320097
-27.761564 -72.510162 -85.560917 -0.258166 -0.880536 -0.397500
-14.090036 -71.700578 -93.741050 0.046597 -0.948866 -0.312221
-18.003528 -72.243686 -92.321227 -0.038037 -0.955123 -0.293756
-21.612508 -68.786677 -101.285658 -0.186458 -0.917276 -0.351906
-25.595937 -67.962976 -100.846464 -0.267548 -0.916000 -0.298933
-37.574914 -70.857650 -82.435121 -0.351200 -0.859297 -0.371843
-23.354150 -75.652010 -81.697010 -0.207102 -0.874679 -0.438230
-22.461823 -77.783345 -77.685652 -0.222928 -0.859502 -0.459956
-29.468242 -68.839241 -95.665806 -0.291691 -0.886167 -0.360035
-33.254578 -68.109002 -94.027665 -0.367801 -0.871226 -0.325096
-39.278673 -71.187882 -79.460316 -0.428729 -0.838327 -0.336750
-13.738655 -70.334664 -97.990433 0.003679 -0.959470 -0.281788
-11.421805 -73.692163 -87.352351 0.060360 -0.934548 -0.350679
-41.911781 -67.470605 -85.347192 -0.457269 -0.811364 -0.364135
-33.487560 -72.644592 -81.455875 -0.284861 -0.870395 -0.401580
-10.713581 -70.883811 -95.508735 0.052967 -0.963175 -0.263606
-27.772423 -75.306939 -80.096136 -0.269302 -0.868576 -0.415995
-17.784962 -79.140607 -76.913298 -0.123085 -0.832287 -0.540508
-36.702436 -66.298217 -94.046707 -0.452356 -0.830741 -0.324412
-39.591107 -64.475580 -94.333858 -0.515177 -0.789337 -0.333977
-42.362598 -61.983038 -95.384451 -0.594706 -0.722889 -0.351792
-40.337640 -62.492495 -97.488847 -0.564849 -0.753337 -0.336791
-39.305779 -66.985636 -88.709749 -0.464704 -0.803510 -0.372050
-42.963541 -63.985913 -90.037037 -0.561918 -0.741959 -0.365711
-38.545412 -62.949747 -99.624103 -0.546244 -0.792497 -0.271231
-35.439781 -78.124692 -67.422489 -0.434838 -0.795759 -0.421526
-37.906747 -76.341536 -68.417437 -0.478472 -0.808390 -0.342885
-41.730319 -74.891340 -65.941682 -0.542129 -0.771550 -0.332876
-25.990720 -86.095252 -62.139816 -0.378020 -0.839388 -0.390550
-31.721559 -87.624668 -50.444520 -0.397249 -0.880099 -0.260037
-37.760385 -83.226537 -55.067566 -0.455442 -0.843704 -0.284139
-30.914869 -86.257875 -56.435486 -0.396826 -0.866996 -0.301409
-27.392273 -87.002183 -58.217836 -0.330382 -0.894161 -0.302197
-36.100872 -75.199772 -73.594825 -0.400720 -0.842834 -0.359241
-38.396334 -77.571943 -65.233837 -0.527863 -0.745180 -0.407513
-42.397407 -70.916713 -75.742423 -0.483460 -0.816916 -0.314508
-38.800363 -74.209138 -72.530466 -0.482975 -0.818846 -0.310204
-25.880608 -84.301558 -65.321340 -0.310095 -0.803196 -0.508642
-35.419107 -73.123695 -78.884314 -0.325849 -0.859506 -0.393791
-32.217331 -78.324223 -70.296735 -0.359443 -0.840838 -0.404711
-26.497920 -88.974817 -53.076180 -0.414217 -0.861539 -0.293556
-34.841527 -83.014281 -59.614677 -0.425059 -0.807638 -0.408712
-29.357991 -83.644067 -63.688965 -0.402965 -0.795000 -0.453426
-30.091386 -80.877499 -67.643887 -0.401821 -0.786785 -0.468518
-20.543614 -85.192838 -66.815334 -0.197523 -0.838385 -0.508030
-37.224798 -82.049372 -58.784589 -0.514816 -0.763051 -0.390790
-42.326960 -72.985316 -69.730460 -0.533651 -0.798597 -0.278316
-27.784987 -79.308408 -71.825657 -0.301870 -0.831367 -0.466588
-23.669477 -87.107222 -61.806799 -0.256893 -0.883115 -0.392574
-18.835118 -88.250084 -61.759179 -0.145151 -0.903295 -0.403720
-23.780346 -88.568570 -57.335362 -0.313847 -0.890510 -0.329383
-23.663873 -89.659475 -55.410788 -0.364683 -0.801359 -0.474163
-21.278482 -80.846819 -72.987052 -0.270815 -0.812688 -0.515944
-12.384814 -84.319633 -70.516416 -0.071871 -0.835001 -0.545535
-18.521571 -81.649548 -72.913559 -0.169640 -0.827467 -0.535276
-27.583603 -77.028130 -76.405472 -0.272604 -0.865920 -0.419368
-13.334011 -81.733303 -73.954638 -0.024694 -0.814426 -0.579742
-15.226136 -68.831167 -103.714099 0.001518 -0.988181 -0.153285
-16.082010 -68.288712 -107.803009 -0.040844 -0.985991 -0.161720
-11.902713 -69.251970 -102.273907 -0.037802 -0.963264 -0.265882
-10.250814 -68.430321 -104.864643 0.044394 -0.968804 -0.243818
-6.707551 -67.705988 -107.093854 0.053659 -0.977486 -0.204062
-11.739727 -67.959237 -109.033584 0.075911 -0.982960 -0.167411
-7.332523 -69.508842 -101.995196 0.036039 -0.967146 -0.251656
-27.084180 -67.058218 -102.879639 -0.228835 -0.957491 -0.175629
-19.410337 -68.528009 -103.600784 -0.146139 -0.967490 -0.206411
-13.356029 -67.670417 -110.805512 0.013324 -0.954238 -0.298752
-24.428569 -66.730680 -108.447965 -0.172101 -0.975059 -0.140148
-18.151316 -67.874935 -108.582128 -0.160012 -0.966972 -0.198398
-18.662125 -69.347781 -100.788429 -0.049058 -0.947612 -0.315635
-6.472051 -66.907739 -110.978939 0.069442 -0.957820 -0.278852
-27.050769 -66.212497 -108.175764 -0.297936 -0.942147 -0.153599
-20.566524 -66.879790 -110.900443 -0.112328 -0.980350 -0.162162
-26.295420 -66.014698 -111.374765 -0.294922 -0.943271 -0.152516
-18.626213 -66.717872 -112.544631 -0.041619 -0.971914 -0.231625
-4.777406 -69.774770 -99.125134 0.048746 -0.970594 -0.235735
-8.665682 -65.024816 -127.975194 0.112042 -0.993691 0.004977
-12.958777 -65.803292 -126.431391 0.116015 -0.993110 0.016510
-10.722192 -65.302930 -124.815232 0.126673 -0.991531 0.028638
-19.287802 -64.659358 -130.774838 -0.104483 -0.991426 -0.078473
-16.999890 -65.025463 -131.341901 -0.139688 -0.990128 -0.011594
-18.205177 -65.431546 -122.256123 -0.000140 -0.998791 -0.049162
-13.910506 -65.568056 -124.672570 -0.005685 -0.999056 0.043073
-6.397389 -64.743875 -124.222771 0.059708 -0.997386 -0.040687
-30.702732 -62.113324 -120.941068 -0.417280 -0.905762 -0.073980
-27.023923 -63.780847 -120.454155 -0.352573 -0.934770 -0.043562
-21.967070 -66.427476 -114.689623 -0.086297 -0.985739 -0.144473
-21.067966 -65.213279 -125.138653 -0.113537 -0.990320 -0.079849
-17.468766 -65.349789 -126.108824 -0.091835 -0.994256 -0.054969
-13.926699 -65.706167 -127.835056 -0.091845 -0.994824 -0.043472
-10.886911 -65.274169 -121.046444 0.062463 -0.997894 -0.017495
-36.741628 -59.873772 -116.862676 -0.523255 -0.835249 -0.169008
-36.423661 -59.507310 -120.229962 -0.481878 -0.870219 -0.102534
-39.433730 -57.521442 -124.347967 -0.504973 -0.863046 0.012412
-34.965887 -59.898500 -124.287264 -0.440478 -0.896923 -0.038837
-24.154521 -64.608387 -125.260300 -0.269857 -0.961731 -0.047434
-33.125899 -62.076560 -115.533023 -0.403754 -0.893260 -0.197662
-23.731326 -64.318596 -129.967106 -0.142997 -0.988142 -0.055919
-25.807860 -63.811673 -130.053965 -0.298977 -0.954087 -0.018201
-35.087048 -62.223507 -109.709327 -0.500572 -0.847339 -0.177324
-40.024449 -58.607366 -110.886592 -0.581853 -0.790071 -0.192966
-28.079854 -63.641815 -118.279836 -0.364496 -0.913253 -0.181966
-21.062474 -65.490274 -119.948181 -0.077848 -0.989753 -0.119705
-23.210874 -65.071928 -119.747905 -0.255813 -0.958451 -0.126216
-27.643404 -63.372840 -126.571356 -0.370667 -0.928122 -0.034571
-23.713226 -66.033673 -115.723389 -0.339973 -0.914216 -0.220515
-18.239665 -66.043787 -116.435168 0.025674 -0.988212 -0.150927
-10.572643 -65.810977 -115.463176 0.073411 -0.963826 -0.256223
-13.979433 -66.515028 -113.710157 0.005765 -0.959340 -0.282192
-31.714423 -63.849980 -111.343272 -0.416111 -0.887577 -0.197632
-32.410492 -61.711807 -119.290056 -0.426336 -0.885443 -0.185008
-12.297883 -65.490431 -118.654700 0.056418 -0.993253 -0.101315
-39.036839 -57.865540 -117.544647 -0.557932 -0.824351 -0.095699
-40.454911 -56.951776 -119.564337 -0.553525 -0.832227 -0.031760
-49.785503 -58.168876 -89.746037 -0.701700 -0.603946 -0.377976
-52.784207 -56.080531 -87.419425 -0.664964 -0.554541 -0.500307
-53.925923 -53.375785 -89.474839 -0.735912 -0.536394 -0.413176
-55.107483 -53.243054 -87.902385 -0.752587 -0.426946 -0.501328
-49.729883 -55.890772 -93.864270 -0.725015 -0.579590 -0.372060
-47.762478 -60.517456 -89.291755 -0.582175 -0.680634 -0.444759
-47.692858 -58.449520 -93.427445 -0.626555 -0.689982 -0.362428
-53.536728 -51.146918 -93.047365 -0.764414 -0.525660 -0.373301
-55.556942 -49.924863 -90.161147 -0.806588 -0.478811 -0.346636
-43.642643 -65.108184 -87.342498 -0.507082 -0.722708 -0.469639
-55.212889 -55.421154 -85.474550 -0.712920 -0.530471 -0.458634
-58.010984 -47.932085 -87.568056 -0.781212 -0.398861 -0.480226
-47.130469 -64.870664 -83.825518 -0.548615 -0.777003 -0.308689
-46.605286 -64.450123 -85.288563 -0.522032 -0.706472 -0.477891
-44.767270 -69.606882 -75.281702 -0.547978 -0.792132 -0.268787
-46.466673 -67.142378 -78.658022 -0.585647 -0.766703 -0.263029
-49.302049 -61.706780 -86.023879 -0.568332 -0.655452 -0.497374
-50.402973 -59.396228 -87.366444 -0.645893 -0.548678 -0.530825
-51.403957 -60.958410 -84.755166 -0.637123 -0.651089 -0.412501
-53.628396 -57.962824 -84.940638 -0.664419 -0.515712 -0.540914
-54.641641 -58.171279 -83.086972 -0.736939 -0.590255 -0.329423
-40.666455 -59.064850 -107.943629 -0.659550 -0.720202 -0.215180
-39.450940 -60.753900 -105.111576 -0.549738 -0.803973 -0.226750
-43.396518 -56.280081 -107.991703 -0.662032 -0.727660 -0.179512
-30.846766 -64.826292 -107.714440 -0.404272 -0.901328 -0.155471
-41.712289 -59.435887 -102.940159 -0.647179 -0.730078 -0.219422
-41.770867 -60.483311 -99.608019 -0.619733 -0.728468 -0.292003
-45.039917 -54.356306 -109.941826 -0.686727 -0.702826 -0.185585
-47.031117 -56.876715 -97.215525 -0.643541 -0.690939 -0.329330
-46.428434 -55.006414 -103.374071 -0.661433 -0.707309 -0.249440
-48.892711 -55.135653 -96.655617 -0.747612 -0.585046 -0.314322
-49.748622 -52.690392 -99.269682 -0.780824 -0.573062 -0.248823
-48.301743 -53.183169 -102.870165 -0.742439 -0.640578 -0.196073
-4.363881 -64.667326 -128.208550 0.091286 -0.995525 0.024421
-7.766210 -66.255053 -144.036882 0.069187 -0.955941 -0.285290
-8.694265 -66.494681 -142.323903 0.066299 -0.996786 0.044965
-3.460296 -64.828221 -136.861630 0.102009 -0.994403 0.027513
-5.085341 -65.094385 -138.117521 0.113260 -0.980163 0.162644
-0.585420 -64.370352 -138.238507 0.232771 -0.967533 0.098477
-7.189483 -65.005732 -134.944530 0.084422 -0.995766 0.036377
-7.900156 -65.121273 -145.605913 0.014468 -0.502833 -0.864263
-4.306616 -65.691345 -141.147519 0.181457 -0.969192 0.166554
-3.924776 -65.921897 -143.599215 0.157834 -0.987182 -0.023672
0.783169 -64.775872 -143.121482 0.266211 -0.959996 0.086824
-0.304052 -65.009222 -144.705642 0.265613 -0.903799 -0.335556
-7.623612 -66.110522 -141.388898 0.102956 -0.978564 0.178361
-13.247452 -65.697690 -136.744576 0.060574 -0.990055 0.126972
3.711464 -63.865255 -143.061155 0.256204 -0.966364 -0.022365
-10.414341 -63.350661 -146.024062 -0.000851 -0.029019 -0.999579
-1.866719 -64.347593 -145.856299 0.151226 -0.333891 -0.930402
1.937454 -63.874035 -145.024567 0.214523 -0.683007 -0.698199
-14.581417 -66.251582 -144.758114 0.050615 -0.865716 -0.497969
-18.472051 -66.216210 -145.506206 -0.012803 -0.853544 -0.520864
-14.932515 -64.918884 -145.816059 0.044462 -0.316025 -0.947709
-18.186065 -65.222423 -145.950407 -0.021575 -0.157053 -0.987354
-11.907974 -66.499473 -143.694092 0.022691 -0.985028 -0.170896
-11.846167 -65.625084 -145.392728 0.033502 -0.642128 -0.765865
2.229982 -63.531893 -136.991993 0.324878 -0.944389 0.050830
-15.774013 -62.893464 -146.001989 0.004448 -0.003906 -0.999982
-15.178024 -58.877993 -145.854436 0.000539 0.003772 -0.999993
5.982183 -62.247415 -138.139140 0.294444 -0.940518 0.169495
-3.505699 -65.340900 -145.522840 0.089671 -0.758018 -0.646040
6.258232 -61.973828 -136.473762 0.307371 -0.951212 -0.026815
-6.215982 -58.351633 -145.856856 -0.004176 0.022183 -0.999745
-4.945483 -63.708233 -146.023739 0.000708 -0.108594 -0.994086
4.687721 -63.163941 -140.320587 0.278091 -0.949073 0.148075
-0.904921 -64.443575 -134.484227 0.171658 -0.985006 0.017211
2.082959 -63.670766 -133.414149 0.306841 -0.951430 -0.025106
-0.176758 -62.029783 -145.992874 0.037526 -0.106982 -0.993553
5.149350 -62.720883 -131.000675 0.291757 -0.954902 -0.055147
-1.160279 -64.284807 -126.614203 0.125968 -0.991704 -0.025612
-2.492591 -59.529713 -145.919123 -0.002474 0.030028 -0.999546
5.550267 -60.230942 -145.971358 -0.007887 0.014374 -0.999866
4.131560 -63.464515 -145.059496 0.199160 -0.895353 -0.398345
5.285077 -62.307778 -145.775114 0.026656 -0.379012 -0.925008
6.181027 -63.305478 -144.180850 0.212447 -0.974142 -0.076904
8.275220 -61.294170 -146.106881 0.036725 -0.115944 -0.992577
7.245384 -62.757833 -145.536022 0.098471 -0.783258 -0.613849
-15.774287 -66.547814 -143.229769 -0.066727 -0.996470 0.050949
-5.420243 -65.695385 -145.055538 0.031011 -0.765077 -0.643192
-12.333800 -66.429339 -141.165808 0.009739 -0.990492 0.137223
8.083836 -62.740802 -142.711791 0.328957 -0.930799 0.159374
-21.005620 -63.154128 -146.028070 -0.015673 -0.058698 -0.998153
2.927509 -63.494323 -128.405190 0.234196 -0.972072 -0.015097
9.384824 -61.474394 -139.170998 0.319497 -0.934308 0.158082
10.051758 -61.027092 -136.560627 0.302482 -0.953146 0.004154
12.024955 -60.523618 -140.163986 0.458292 -0.880841 0.118694
35.006384 -20.922413 -145.858211 -0.001540 0.000352 -0.999999
-29.140430 -55.289314 -145.856656 0.000281 0.000842 -1.000000
13.656048 -52.266455 -145.857193 -0.003207 0.004960 -0.999983
8.861249 -62.096928 -145.703169 0.416628 -0.762553 -0.494909
20.433223 -55.784039 -140.478437 0.572892 -0.804805 0.155189
17.188704 -57.389957 -139.055143 0.510381 -0.846597 0.150943
24.560729 -52.083827 -138.843718 0.619762 -0.768483 0.159148
23.773333 -53.861402 -144.107543 0.563122 -0.825992 -0.025114
9.898000 -61.208204 -131.558023 0.379401 -0.924866 -0.026039
12.020339 -60.178951 -135.999052 0.478774 -0.877281 0.033969
16.218726 -57.625590 -136.117788 0.531754 -0.845446 0.049588
9.962407 -58.759716 -145.992859 0.004365 0.005455 -0.999976
19.830509 -53.863005 -146.099830 0.064783 -0.097227 -0.993152
18.343604 -56.388482 -145.548568 0.387012 -0.561020 -0.731764
24.927428 -52.541809 -145.314707 0.394454 -0.505501 -0.767382
8.614052 -62.643353 -144.419778 0.388147 -0.916745 -0.094447
20.142118 -54.909762 -135.820907 0.582562 -0.806687 0.099385
5.753157 -62.846991 -127.010736 0.248122 -0.961866 -0.115103
9.846123 -61.359326 -128.091803 0.426388 -0.901330 -0.076148
11.067350 -61.081656 -125.743836 0.458546 -0.871476 -0.173969
8.178981 -62.571208 -124.353608 0.298789 -0.937853 -0.176514
8.449625 -63.692889 -118.311391 0.282992 -0.945458 -0.161325
5.921107 -64.166618 -118.536300 0.166855 -0.977242 -0.130988
17.369592 -53.995842 -146.030677 -0.005530 -0.006039 -0.999966
11.631682 -60.936364 -144.709204 0.426114 -0.842384 -0.329873
11.703736 -60.052612 -145.739166 0.223524 -0.384507 -0.895652
15.896614 -58.443106 -125.084958 0.526894 -0.839967 -0.129761
18.220080 -57.037121 -123.515078 0.609625 -0.777271 -0.155586
14.546001 -58.648621 -133.080685 0.495204 -0.868439 -0.024238
20.574757 -47.299194 -145.880339 -0.008421 0.012303 -0.999889
16.671146 -57.771745 -127.757721 0.482781 -0.873414 -0.063794
1.740548 -63.888388 -126.279819 0.195725 -0.974812 -0.106930
15.118599 -59.676547 -122.195636 0.536366 -0.819649 -0.201216
26.865604 -41.316324 -145.853013 -0.009779 0.010753 -0.999894
17.489799 -58.087883 -143.060300 0.489097 -0.861346 0.137357
19.347502 -56.770639 -143.193135 0.554399 -0.831144 -0.042907
14.881270 -57.854245 -145.993921 0.047183 -0.080664 -0.995624
19.364433 -56.109239 -125.651503 0.595703 -0.803204 -0.001059
11.758455 -61.035662 -143.158105 0.448048 -0.893839 0.017454
11.136472 -62.131847 -121.595538 0.424825 -0.885485 -0.188252
17.275597 -58.272096 -144.389933 0.532891 -0.819837 -0.209510
15.105918 -59.174723 -145.098929 0.385065 -0.797467 -0.464512
25.596639 -52.710072 -143.973093 0.618051 -0.777325 0.117385
16.456429 -57.873847 -145.725645 0.387564 -0.567584 -0.726390
15.890493 -60.398949 -116.910440 0.531752 -0.823212 -0.198902
8.974240 -63.926363 -115.156515 0.236431 -0.958769 -0.157679
25.443229 -50.261780 -130.595803 0.726183 -0.685463 0.052896
23.698402 -51.868942 -126.926586 0.724453 -0.689107 -0.017300
26.299075 -49.033327 -125.274059 0.741978 -0.670264 -0.014658
21.497132 -54.231248 -127.453970 0.712275 -0.700376 -0.046225
26.941505 -49.603791 -137.684471 0.761457 -0.631314 0.147057
27.489506 -47.922022 -132.070555 0.796408 -0.601913 0.058610
28.662842 -46.391325 -128.891372 0.770326 -0.637404 -0.017711
24.934450 -50.879631 -122.625826 0.730951 -0.669393 -0.132757
23.049016 -52.419238 -131.958908 0.649150 -0.759862 0.034837
25.584854 -50.770537 -136.256865 0.668479 -0.738078 0.091524
18.075767 -56.435038 -133.129405 0.540860 -0.838290 -0.068850
19.635897 -56.267387 -128.393542 0.597136 -0.799447 -0.065666
29.794620 -45.897460 -137.493057 0.743447 -0.622992 0.243244
26.716839 -51.516733 -143.832443 0.669382 -0.647049 -0.365042
22.105942 -53.982150 -122.746718 0.682377 -0.723673 -0.103242
20.428325 -54.661636 -132.575475 0.663958 -0.743751 -0.077425
23.310363 -53.804665 -118.509779 0.706303 -0.674065 -0.216268
26.106123 -50.604078 -145.579568 0.318647 -0.347420 -0.881909
28.120653 -49.732873 -145.105360 0.493452 -0.692194 -0.526661
27.820900 -50.371075 -142.823386 0.690369 -0.701002 0.178850
27.674423 -47.962195 -145.963657 0.123440 -0.235831 -0.963922
24.966652 -48.534821 -146.011600 -0.003158 0.001255 -0.999994
23.541018 -51.099637 -146.001589 0.068468 -0.060589 -0.995812
29.024227 -48.233933 -141.280705 0.721997 -0.639583 0.263920
30.478557 -48.049265 -145.628725 0.552622 -0.599489 -0.578983
29.899608 -48.708090 -144.241370 0.687894 -0.711134 0.145225
31.334416 -42.856783 -133.509150 0.801343 -0.588496 0.107342
32.521315 -41.133839 -131.508447 0.823399 -0.567154 -0.018741
31.202287 -45.646995 -145.993751 0.119873 -0.086989 -0.988971
-4.840219 -71.207272 -93.264635 0.049823 -0.955331 -0.291308
-5.705804 -73.940599 -85.978289 0.071573 -0.921357 -0.382070
2.512820 -70.699030 -93.885559 0.077856 -0.958596 -0.273921
5.553651 -69.774498 -95.560967 0.159343 -0.934742 -0.317597
-1.370662 -71.372194 -91.911535 0.064260 -0.954187 -0.292228
0.063317 -73.346211 -86.109009 0.088394 -0.914689 -0.394373
3.810146 -72.871487 -86.435664 0.068558 -0.945050 -0.319657
-4.684403 -68.485006 -103.878772 0.067670 -0.955438 -0.287331
-1.342454 -68.043698 -105.072934 0.053442 -0.969428 -0.239484
-5.320070 -78.181989 -78.991563 0.024562 -0.825192 -0.564319
-5.327180 -76.023958 -82.190871 0.076235 -0.846181 -0.527415
-9.958261 -75.338786 -83.860980 0.027131 -0.877018 -0.479690
10.069745 -71.468254 -89.337135 0.132155 -0.938988 -0.317547
-3.694971 -74.122204 -85.041712 0.080578 -0.871091 -0.484466
5.224693 -74.027883 -83.546403 0.116521 -0.855335 -0.504802
-0.024963 -69.749907 -98.970995 0.053758 -0.967090 -0.248690
4.664581 -68.743890 -99.601726 0.255536 -0.911239 -0.323025
10.510873 -65.758685 -104.821636 0.269240 -0.922540 -0.276460
9.326570 -67.365545 -100.490587 0.201602 -0.927890 -0.313649
13.353805 -65.955377 -101.450152 0.311322 -0.889794 -0.333685
15.131986 -67.876238 -95.175596 0.331653 -0.884900 -0.327044
10.964768 -68.703170 -96.244582 0.205908 -0.917840 -0.339369
2.574706 -69.611536 -98.535010 0.160737 -0.949134 -0.270755
1.846445 -67.982381 -103.839584 0.174744 -0.951556 -0.252992
7.018513 -66.580583 -105.056519 0.218746 -0.944092 -0.246660
6.418723 -68.003079 -99.842336 0.207144 -0.935955 -0.284744
10.453346 -64.715999 -108.593812 0.248463 -0.948439 -0.196797
17.103951 -64.738621 -100.554128 0.409750 -0.841839 -0.351301
18.719767 -66.884890 -93.349321 0.422385 -0.836003 -0.350271
6.675007 -68.890328 -97.607572 0.169925 -0.923922 -0.342772
11.200835 -70.505716 -90.891671 0.221257 -0.916402 -0.333545
7.116959 -65.524864 -108.533715 0.265832 -0.938777 -0.219161
3.535887 -66.948095 -107.368333 0.232014 -0.948999 -0.213475
5.051031 -65.836762 -110.512993 0.233717 -0.943940 -0.233139
1.170207 -66.779027 -110.083274 0.126694 -0.957846 -0.257835
12.537739 -63.255281 -113.787696 0.385536 -0.903196 -0.188678
24.746736 -53.988657 -114.087293 0.717868 -0.645735 -0.260177
15.294880 -62.833317 -107.775642 0.504127 -0.840027 -0.200527
15.226108 -63.831355 -104.902931 0.448062 -0.828006 -0.337115
22.929311 -55.971806 -113.452798 0.623782 -0.742299 -0.244720
18.406600 -58.550330 -116.856418 0.598868 -0.773152 -0.208789
21.335217 -55.191067 -120.300834 0.637087 -0.742860 -0.205621
22.145516 -58.162951 -109.100090 0.508411 -0.802068 -0.313378
21.515903 -60.844988 -103.672806 0.474838 -0.805019 -0.355630
26.576867 -54.383610 -108.589313 0.708205 -0.634895 -0.308795
28.206593 -49.321414 -115.079904 0.735689 -0.626561 -0.257260
12.810496 -64.099920 -107.606164 0.371311 -0.899060 -0.231989
20.234375 -58.926155 -110.550546 0.568358 -0.794764 -0.212883
24.500100 -55.890360 -109.975130 0.644649 -0.701747 -0.303280
15.890619 -61.489058 -112.851663 0.545691 -0.815821 -0.191462
13.322800 -70.847382 -88.138512 0.313560 -0.889857 -0.331413
11.103561 -63.033899 -116.137624 0.375151 -0.908278 -0.185184
-2.202018 -65.469001 -115.099894 0.067750 -0.959676 -0.272822
-2.513413 -67.099111 -110.000454 0.038896 -0.969749 -0.240987
5.878453 -64.733777 -114.337162 0.167233 -0.970941 -0.171192
-2.081612 -65.097077 -117.194717 0.060166 -0.994502 -0.085714
3.532223 -65.277624 -113.366251 0.140703 -0.944082 -0.298180
-1.129275 -64.795167 -122.821037 0.073109 -0.993545 -0.086734
1.642362 -64.615746 -120.181043 0.160725 -0.981987 -0.099344
-6.902210 -65.234004 -116.724320 0.052992 -0.993082 -0.104784
14.433705 -61.430111 -116.231200 0.461645 -0.861702 -0.210602
-6.035084 -65.736144 -114.271069 0.051406 -0.957780 -0.282868
43.971833 -58.414436 -77.691296 0.771729 -0.532926 -0.347022
42.184396 -61.531872 -76.220817 0.715678 -0.633869 -0.293284
40.772976 -68.769076 -64.597522 0.692146 -0.624272 -0.362241
38.997417 -51.893802 -90.819879 0.761000 -0.432169 -0.483849
37.359841 -52.045789 -92.846945 0.716968 -0.492244 -0.493611
38.180451 -66.784720 -73.378800 0.670183 -0.663899 -0.331803
37.295164 -63.293653 -81.604232 0.572070 -0.711091 -0.408761
39.846784 -63.046340 -78.076937 0.638057 -0.681331 -0.358708
37.846630 -60.771648 -84.572694 0.531481 -0.627162 -0.569382
39.142854 -61.031464 -82.642699 0.643619 -0.635057 -0.427150
38.483546 -55.123209 -89.064033 0.693090 -0.436648 -0.573555
37.745328 -57.866449 -87.434434 0.554158 -0.584044 -0.593128
40.399269 -58.390315 -84.127541 0.670392 -0.525006 -0.524351
32.103775 -60.577792 -89.604461 0.564053 -0.685648 -0.460142
33.141910 -61.202789 -87.747998 0.488228 -0.643319 -0.589723
41.475535 -59.970577 -80.318857 0.717512 -0.574172 -0.394338
41.444678 -65.006579 -69.826846 0.718412 -0.616295 -0.322592
35.549697 -54.784064 -92.783125 0.677402 -0.538960 -0.500648
32.879490 -57.635195 -92.958452 0.656798 -0.627814 -0.417691
35.457366 -56.485013 -91.061663 0.579422 -0.615433 -0.534333
34.301652 -53.552015 -96.351262 0.726661 -0.527920 -0.439618
35.704173 -68.462855 -74.462263 0.590118 -0.708941 -0.386217
33.592386 -69.061475 -76.232336 0.518106 -0.737938 -0.432450
35.539455 -64.117173 -82.437616 0.483260 -0.738990 -0.469418
42.921908 -55.407980 -83.556031 0.735514 -0.451116 -0.505483
44.544589 -61.962053 -68.597500 0.731206 -0.619293 -0.286032
31.566370 -66.045177 -83.012136 0.386445 -0.759167 -0.523761
31.699487 -69.192077 -77.957405 0.439181 -0.756879 -0.483998
46.769401 -56.656185 -73.555299 0.790580 -0.526130 -0.313324
47.981280 -58.503131 -67.386677 0.762008 -0.571437 -0.304636
46.088125 -54.285127 -78.892530 0.796554 -0.470967 -0.379066
48.421240 -51.236428 -77.236162 0.849493 -0.398662 -0.345588
43.938556 -44.918963 -88.921328 0.774066 -0.372806 -0.511700
50.852236 -22.923025 -90.958005 0.908156 -0.259863 -0.328213
46.385140 -50.799558 -82.049488 0.816950 -0.379312 -0.434414
49.058782 -27.230424 -91.288147 0.895317 -0.304346 -0.325241
50.613440 -26.431120 -87.128503 0.898719 -0.224124 -0.376925
51.565918 -43.239364 -77.040036 0.890233 -0.269903 -0.366929
40.871598 -47.571699 -91.815443 0.796725 -0.419529 -0.434999
42.173956 -49.464323 -87.943309 0.719881 -0.378395 -0.581884
43.980427 -51.543168 -84.883594 0.699781 -0.376716 -0.606952
47.986222 -54.051214 -74.587419 0.811741 -0.482194 -0.329492
54.481722 -35.843263 -75.051484 0.910817 -0.228671 -0.343687
44.620196 -46.260006 -87.165407 0.719476 -0.343820 -0.603441
47.705796 -42.592497 -85.151830 0.791442 -0.273102 -0.546840
49.837532 -33.040924 -85.734653 0.865996 -0.204977 -0.456108
50.224011 -38.806775 -82.692840 0.836248 -0.215619 -0.504180
48.389068 -31.714289 -89.552683 0.887946 -0.284355 -0.361517
45.847488 -41.126396 -88.321477 0.814912 -0.246000 -0.524788
46.491003 -36.325247 -89.736055 0.858283 -0.318940 -0.402029
45.883055 -48.569202 -84.426358 0.773962 -0.329010 -0.541050
44.694899 -52.711779 -83.135090 0.750271 -0.389093 -0.534509
41.256460 -72.443743 -59.073769 0.527954 -0.333855 -0.780900
43.478763 -77.881364 -56.140625 0.363270 -0.738843 -0.567578
41.532071 -77.126712 -57.832359 0.297274 -0.670846 -0.679407
43.139774 -75.550295 -58.525130 0.276117 -0.428338 -0.860399
44.356881 -73.523504 -58.719638 0.295163 -0.042734 -0.954491
41.780910 -71.245532 -59.351243 0.618546 -0.498212 -0.607606
38.318177 -73.501775 -61.512802 0.664586 -0.611552 -0.429337
43.951120 -67.040000 -61.315063 0.731434 -0.570450 -0.373619
44.071183 -70.720513 -58.342950 0.497908 -0.019609 -0.867008
49.064097 -70.506872 -53.959024 0.527757 0.252457 -0.811010
48.512016 -68.648624 -53.306504 0.325912 0.282294 -0.902270
43.672910 -68.962317 -59.394262 0.723315 -0.446825 -0.526463
49.611319 -73.092022 -52.622598 0.770535 -0.463008 -0.438063
52.533366 -69.713532 -51.302327 0.798743 -0.380899 -0.465752
50.758219 -70.360114 -53.125656 0.671650 -0.231169 -0.703880
44.522453 -75.890899 -57.577841 0.456263 -0.549068 -0.700249
46.015816 -69.745628 -56.614100 0.736899 0.084837 -0.670658
49.282675 -72.306649 -53.889792 0.758868 -0.115047 -0.641003
47.191161 -69.341450 -54.882280 0.744035 0.243626 -0.622140
47.328698 -67.067118 -55.041574 0.824485 -0.294012 -0.483509
42.354153 -72.763950 -58.707653 0.167645 -0.024931 -0.985532
46.323947 -71.648126 -57.319529 0.654632 0.204044 -0.727889
45.142104 -68.478810 -57.739116 0.777196 -0.248901 -0.577940
46.150846 -73.782485 -57.610358 0.718241 -0.254831 -0.647449
46.204794 -75.483511 -56.315656 0.726399 -0.494851 -0.476936
40.109782 -75.909601 -58.984634 0.248611 -0.238272 -0.938839
51.789265 -67.722362 -52.667737 0.399437 0.194167 -0.895963
36.082147 -71.003302 -69.331848 0.646381 -0.659694 -0.383400
46.403460 -62.342877 -63.586024 0.742720 -0.583771 -0.327992
34.093452 -74.750949 -66.145960 0.598642 -0.686954 -0.411973
36.920047 -77.120378 -59.609619 0.391220 -0.557841 -0.731956
33.497822 -79.936799 -59.110614 0.465709 -0.674541 -0.572809
36.252869 -78.892509 -58.453660 0.338079 -0.711589 -0.615909
32.437234 -77.315334 -63.838175 0.517728 -0.736911 -0.434649
35.252830 -76.514077 -61.499820 0.558055 -0.659892 -0.503107
38.557033 -75.067485 -59.888283 0.528739 -0.444909 -0.722835
30.838854 -79.669303 -61.934986 0.480262 -0.726059 -0.492125
26.675128 -80.934430 -64.118155 0.445054 -0.765605 -0.464516
47.673537 -65.292159 -56.265874 0.770729 -0.517161 -0.372185
34.120125 -81.616407 -56.269328 0.382186 -0.783735 -0.489584
39.519623 -80.537500 -54.575160 0.298744 -0.782338 -0.546534
49.882964 -59.258612 -60.954071 0.769414 -0.550713 -0.323602
48.142364 -67.439062 -53.331050 0.786239 -0.227696 -0.574442
50.077767 -63.341728 -53.609741 0.805894 -0.489694 -0.332767
51.139933 -62.661679 -51.467790 0.846802 -0.442514 -0.295140
49.790989 -65.061741 -52.541751 0.728948 -0.116172 -0.674640
51.164572 -63.640456 -50.607535 0.830249 0.097031 -0.548882
52.245649 -63.318905 -48.423090 0.913094 -0.050933 -0.404556
52.005169 -64.777392 -49.964246 0.645660 0.554325 -0.525211
51.004806 -66.158122 -51.942554 0.444383 0.374335 -0.813878
52.853956 -66.350288 -51.124474 0.534051 0.574368 -0.620396
53.301976 -63.735479 -46.835168 0.642456 0.631368 -0.434309
54.256130 -65.657579 -48.545435 0.715535 0.446822 -0.536991
45.047408 -33.495427 -96.485757 0.883467 -0.315078 -0.346716
46.818951 -30.851260 -94.220531 0.887912 -0.265714 -0.375510
45.446021 -27.668498 -99.251176 0.892997 -0.263498 -0.364864
43.305368 -30.486445 -103.242395 0.894115 -0.318246 -0.315083
47.024249 -24.981736 -98.482377 0.866356 -0.315251 -0.387355
47.154166 -22.185191 -99.953194 0.901766 -0.231115 -0.365245
44.163455 -28.177303 -103.001055 0.940577 -0.264445 -0.213035
49.415678 -18.301639 -96.456629 0.930062 -0.131932 -0.342898
50.073680 -13.252652 -95.800273 0.928226 -0.150590 -0.340176
45.020255 -24.487534 -102.725921 0.929023 -0.297141 -0.220509
47.079560 -27.735097 -95.718958 0.873204 -0.305975 -0.379333
48.234213 -14.637465 -101.234802 0.937189 -0.170564 -0.304278
43.328485 -37.921565 -95.630803 0.865901 -0.358720 -0.348620
48.128811 -12.800025 -103.453564 0.952707 -0.191945 -0.235597
45.642479 -24.194298 -101.370731 0.844976 -0.376845 -0.379478
43.572210 -27.197518 -107.331756 0.903213 -0.357543 -0.237422
49.333686 -11.053675 -99.158910 0.942351 -0.183082 -0.280098
50.819669 -10.211492 -96.357677 0.922817 -0.156473 -0.352030
48.285496 -9.730516 -104.749141 0.939921 -0.183659 -0.287781
49.139986 -9.750225 -101.620344 0.953930 -0.212144 -0.212163
47.142646 -6.523518 -112.274453 0.980280 -0.122866 -0.154775
46.744111 -4.574959 -115.670768 0.977654 -0.128590 -0.166303
46.255446 -3.814585 -119.764652 0.981641 -0.115679 -0.151657
47.766670 -7.982516 -107.278177 0.959003 -0.179757 -0.219089
47.679578 -2.450795 -113.181929 0.961268 -0.175611 -0.212427
48.648092 -5.142953 -106.527045 0.950394 -0.184026 -0.250769
45.158582 -11.438605 -121.164872 0.953005 -0.235075 -0.191102
50.861902 -4.155015 -95.724548 0.984942 -0.062429 -0.161218
49.874652 -6.110867 -102.315465 0.971909 -0.115770 -0.204913
50.405878 -7.254413 -98.024643 0.968523 -0.083213 -0.234603
46.186397 -8.977001 -117.177994 0.987248 -0.094053 -0.128434
49.499160 -1.431747 -105.475778 0.964368 -0.169033 -0.203525
45.892375 -8.201883 -121.710932 0.984345 -0.097393 -0.146897
45.626505 -11.802524 -117.942390 0.967827 -0.191276 -0.163478
45.048518 -8.506089 -125.341052 0.964043 -0.229454 -0.134058
43.864156 -12.382072 -126.146762 0.971998 -0.212066 -0.101234
45.253810 -6.637228 -125.559426 0.994311 -0.029827 -0.102251
44.187271 -14.219082 -122.959078 0.974013 -0.161862 -0.158428
50.226615 -0.309013 -101.872247 0.979324 -0.124508 -0.159445
51.171751 -0.672839 -96.638632 0.970653 -0.188030 -0.149924
51.674149 6.218130 -101.940891 0.977817 -0.160721 -0.134325
51.901870 4.742301 -97.652633 0.991847 -0.096102 -0.083692
52.271298 7.170085 -97.664228 0.954152 -0.265188 -0.138814
51.007460 2.717945 -102.384717 0.965273 -0.205051 -0.161870
52.018378 2.883394 -96.075473 0.978032 -0.164985 -0.127410
52.083372 4.473478 -95.842061 0.994308 -0.025456 -0.103455
51.274015 -8.326658 -94.826038 0.960053 0.012209 -0.279550
51.984615 -2.330214 -90.838782 0.970269 0.053475 -0.236046
53.317749 0.476493 -87.237345 0.442310 0.194930 -0.875422
51.610501 -0.907442 -92.899370 0.982926 -0.083756 -0.163835
51.544889 -4.107078 -93.048813 0.962957 0.048420 -0.265272
52.376058 -2.931095 -89.497424 0.908337 0.182668 -0.376239
51.875361 1.727345 -94.069452 0.978138 -0.184931 -0.095112
52.521103 -4.736474 -90.023779 0.941150 0.100268 -0.322773
41.250011 -6.460003 -146.072717 0.036236 -0.014875 -0.999233
41.250655 0.892724 -146.007030 0.020602 0.010056 -0.999737
41.802401 -2.497995 -146.048879 0.265376 0.009914 -0.964094
43.608254 3.230441 -143.582944 0.975841 0.063340 -0.209101
43.855101 -0.658197 -144.114645 0.978750 0.040787 -0.200961
43.304802 1.076751 -145.022600 0.736134 0.082547 -0.671784
40.237044 4.418317 -146.016689 0.037466 -0.002656 -0.999294
35.675464 -7.864230 -145.854597 -0.010066 0.000637 -0.999949
35.706050 4.281861 -145.863106 -0.023266 -0.005989 -0.999711
42.818370 -0.925817 -145.698922 0.568332 0.067960 -0.819988
42.209482 -19.194341 -144.196010 0.989955 -0.140346 -0.017076
42.285299 -16.940536 -145.586116 0.916057 -0.118999 -0.382986
41.583444 -20.159281 -145.293446 0.713265 -0.131408 -0.688465
41.898582 -16.158522 -145.882922 0.375690 -0.050358 -0.925376
40.045352 -15.721856 -146.004280 -0.013078 -0.004435 -0.999905
42.689677 3.343046 -145.477143 0.564112 0.016400 -0.825535
39.356688 -11.520452 -145.990628 0.040746 -0.007939 -0.999138
41.768874 -11.679744 -145.594738 0.539424 -0.002862 -0.842029
39.711118 -20.910778 -145.909727 0.099798 -0.013599 -0.994915
41.487135 -23.127217 -145.410741 0.672946 0.048373 -0.738108
39.879627 -23.778839 -146.035557 0.043097 0.021312 -0.998844
41.773674 -22.323257 -143.509338 0.990722 -0.106801 0.084049
42.668246 -4.830701 -145.802568 0.508172 -0.038838 -0.860379
43.460173 -3.041728 -145.207904 0.828846 -0.004589 -0.559458
43.917744 -3.566239 -143.224536 0.994516 -0.028029 -0.100756
30.828461 16.243017 -145.851909 -0.006398 -0.004651 -0.999969
24.878525 7.365045 -145.884677 -0.001595 0.000813 -0.999998
42.746797 -13.003420 -143.645029 0.989392 -0.101691 -0.103742
43.280162 -10.046757 -140.204326 0.980078 -0.182164 -0.079145
43.916799 -6.401349 -140.524757 0.985063 -0.143278 -0.095511
43.371771 9.011477 -139.483037 0.990148 0.105214 -0.092393
43.377624 5.833333 -144.565090 0.978255 0.098945 -0.182285
43.237139 -8.895493 -144.054589 0.973949 -0.161781 -0.158904
44.159194 -0.604901 -139.766517 0.995254 0.050553 -0.083144
43.667248 -6.433951 -144.467726 0.966967 -0.094240 -0.236839
44.360092 3.248502 -135.021883 0.987844 0.075835 -0.135692
41.664159 -20.072889 -140.249495 0.983400 -0.163269 0.079173
42.498242 -14.950328 -140.395365 0.989359 -0.144384 0.017964
42.638607 -15.608825 -144.183513 0.994746 -0.101936 -0.009419
44.508326 -0.203522 -136.686048 0.996123 0.012894 -0.087017
42.200497 -9.115259 -145.613513 0.443350 -0.094820 -0.891319
43.054572 -7.041994 -145.344404 0.639130 -0.136373 -0.756912
44.751897 0.100840 -133.156894 0.992553 0.005327 -0.121694
42.130363 -17.294778 -137.777436 0.979185 -0.194649 -0.057522
45.280241 0.113442 -129.260080 0.990949 -0.058336 -0.120904
42.783456 -10.807770 -144.691442 0.836449 -0.149426 -0.527281
38.219522 10.247864 -145.994080 0.005254 0.004702 -0.999975
40.368980 11.935195 -145.553209 0.478945 0.193324 -0.856293
40.359146 9.709781 -146.007550 0.158359 0.066910 -0.985112
42.305442 8.398354 -145.381718 0.703694 0.230676 -0.672014
41.903356 11.491265 -144.014307 0.804845 0.298831 -0.512761
42.894980 9.284068 -143.387519 0.944228 0.271552 -0.186261
42.116855 5.741907 -145.735466 0.364526 0.027662 -0.930782
44.791281 -3.882659 -131.922425 0.996288 -0.022573 -0.083072
44.964872 -7.823768 -130.481348 0.985033 -0.157680 -0.069621
44.614524 -6.913196 -134.160437 0.992878 -0.069385 -0.096847
43.808895 -12.066778 -130.976788 0.976027 -0.198756 -0.088702
41.360657 -13.650880 -145.934739 0.204303 0.050604 -0.977599
42.395928 -13.753580 -145.278571 0.865681 0.055543 -0.497504
43.023992 -17.032252 -130.498339 0.970313 -0.220022 -0.100416
42.400645 -17.279758 -134.947034 0.968251 -0.228454 -0.101478
44.200553 -8.026114 -136.227123 0.973013 -0.203103 -0.109518
43.388794 -15.630677 -127.806238 0.984663 -0.148408 -0.091725
41.406644 -21.136137 -133.682079 0.949918 -0.304797 -0.068949
42.685569 -19.390214 -127.711057 0.957037 -0.263972 -0.119993
10.907352 -14.174356 -145.873190 -0.174516 0.214435 -0.961021
8.855155 -16.540282 -145.945891 -0.031132 0.028994 -0.999095
13.085706 -11.769057 -145.912734 -0.029241 0.002654 -0.999569
11.407202 -11.785012 -145.689396 -0.153241 -0.036758 -0.987505
12.685070 -6.422209 -145.945359 -0.017355 -0.005714 -0.999833
30.817228 -34.338451 -145.856615 -0.029224 0.010734 -0.999515
37.864700 -29.433664 -146.048452 -0.000434 -0.003828 -0.999993
39.895278 -29.164766 -145.722626 0.492189 -0.195638 -0.848219
37.074782 -37.382970 -141.499297 0.842276 -0.473064 0.258422
34.128693 -39.435989 -135.901891 0.839177 -0.496926 0.221012
35.799893 -35.722827 -134.508060 0.876947 -0.428255 0.218088
39.378648 -28.872221 -139.150583 0.933004 -0.289303 0.214024
33.952979 -38.778474 -132.373474 0.872766 -0.487640 0.022082
39.350991 -32.468862 -143.124283 0.936521 -0.301770 0.178503
41.385597 -26.663021 -143.623845 0.944376 -0.246987 0.217144
34.012242 -42.931062 -145.659897 0.375855 -0.240846 -0.894833
31.809107 -41.845067 -145.989819 0.002013 -0.000439 -0.999998
32.978989 -42.493285 -138.470120 0.790793 -0.542886 0.282704
38.210261 -35.463057 -142.142945 0.913276 -0.332834 0.234835
38.319184 -36.016049 -144.523996 0.926747 -0.357181 -0.116456
40.757382 -25.883844 -145.900138 0.316741 -0.060957 -0.946551
40.516098 -29.409138 -144.097394 0.932706 -0.336657 -0.129311
41.030472 -27.522909 -145.268211 0.870036 -0.326912 -0.369007
37.506324 -37.092172 -145.435999 0.631777 -0.262074 -0.729503
35.347487 -37.451267 -146.063946 0.052733 -0.023747 -0.998326
35.461305 -40.747577 -145.706452 0.416653 -0.221087 -0.881771
39.731220 -31.209942 -145.021467 0.870871 -0.303827 -0.386358
40.765939 -24.234687 -138.944291 0.963961 -0.229294 0.134922
41.083541 -25.382615 -141.694310 0.953497 -0.196725 0.228346
41.874472 -25.317814 -145.056394 0.971006 -0.098643 -0.217752
32.310248 -42.171321 -135.622837 0.793686 -0.575529 0.197051
32.709522 -45.497205 -143.571749 0.727467 -0.638179 0.252030
34.507052 -43.371193 -144.068177 0.823309 -0.518128 0.231747
35.361501 -42.184481 -144.900595 0.813754 -0.490585 -0.311657
33.433835 -44.800181 -145.236730 0.725002 -0.545498 -0.420481
36.684749 -39.481870 -144.111263 0.894623 -0.445641 0.032464
37.667684 -32.346192 -136.259130 0.920402 -0.340049 0.192944
37.760151 -33.761215 -145.841408 0.323999 -0.114760 -0.939071
35.283808 -33.052198 -145.989307 0.002084 0.001278 -0.999997
33.466885 -39.818764 -123.377142 0.864960 -0.500502 -0.036640
35.970821 -35.288906 -125.472408 0.861428 -0.504577 -0.057822
40.826990 -22.801413 -136.007464 0.968301 -0.249108 0.018401
40.177037 -25.783649 -127.343596 0.937909 -0.342379 -0.055702
39.115024 -28.456224 -135.546663 0.944783 -0.327086 0.019998
41.671608 -21.860778 -128.690432 0.915562 -0.382539 -0.124138
37.838479 -31.436340 -133.819447 0.897709 -0.439567 0.030010
38.059094 -31.127646 -128.760073 0.903058 -0.428644 -0.027407
40.447164 -26.409661 -122.820295 0.914019 -0.386747 -0.122459
42.814633 -21.580114 -122.245834 0.924038 -0.354697 -0.142628
43.615298 -18.560718 -122.404914 0.971813 -0.204171 -0.117870
38.560129 -30.757669 -125.488538 0.909384 -0.398987 -0.117603
38.740570 -31.657961 -121.361795 0.928631 -0.357922 -0.097656
42.976984 -35.205929 -100.209611 0.866021 -0.360645 -0.346327
40.485141 -33.772920 -107.442278 0.885868 -0.357353 -0.295867
39.972955 -36.508896 -105.780427 0.827532 -0.431468 -0.359203
33.516426 -50.456548 -101.216347 0.766728 -0.507900 -0.392641
31.356821 -56.157545 -97.870399 0.666609 -0.604368 -0.436316
31.294482 -53.090133 -101.660958 0.700480 -0.571172 -0.427890
36.493998 -47.373150 -99.513611 0.761200 -0.489469 -0.425434
38.238018 -45.393319 -98.515839 0.789437 -0.453276 -0.413920
32.448616 -48.445964 -106.557735 0.776046 -0.537216 -0.330380
41.379453 -39.793084 -98.604774 0.825971 -0.426129 -0.369034
42.049106 -41.021613 -96.237053 0.811942 -0.404798 -0.420582
37.347478 -40.585236 -106.257187 0.802369 -0.499156 -0.327181
44.431665 -41.625112 -90.512699 0.828249 -0.333227 -0.450514
29.327772 -59.967623 -95.075737 0.596445 -0.673388 -0.436808
38.901116 -38.175215 -106.070999 0.795444 -0.479267 -0.370908
28.641631 -54.938909 -103.306051 0.690982 -0.626484 -0.360640
29.286286 -55.669348 -101.138475 0.614414 -0.655282 -0.439433
43.198865 -41.314050 -93.292324 0.855578 -0.338740 -0.391461
38.808593 -48.979079 -94.130681 0.751400 -0.478206 -0.454661
37.971562 -34.742116 -115.580834 0.801874 -0.535534 -0.264955
39.097991 -33.983682 -113.275247 0.896136 -0.390094 -0.211584
40.966290 -30.647744 -110.291799 0.889673 -0.391781 -0.234497
42.547472 -26.932177 -111.317631 0.881759 -0.433969 -0.184856
37.776126 -33.379375 -122.155476 0.848354 -0.513941 -0.127123
35.076656 -37.676653 -118.141262 0.848793 -0.497962 -0.177720
38.858644 -36.822454 -108.423585 0.865288 -0.439535 -0.241007
34.420721 -38.334673 -120.161372 0.858493 -0.506195 -0.082197
38.418643 -33.127750 -117.592716 0.879885 -0.451893 -0.146954
36.745947 -35.287408 -119.394798 0.806688 -0.579280 -0.116998
34.906892 -41.824738 -111.231467 0.818762 -0.505861 -0.271539
37.847995 -37.360079 -111.291456 0.825024 -0.502349 -0.258807
35.640610 -37.819698 -116.049674 0.816640 -0.503464 -0.282175
33.778132 -41.561809 -115.549134 0.874169 -0.435422 -0.215027
32.833886 -43.977128 -114.571905 0.838829 -0.502620 -0.209140
31.648403 -45.561116 -114.904611 0.744908 -0.617077 -0.253630
25.271065 -60.396956 -99.383413 0.590678 -0.686819 -0.423532
24.284318 -59.042583 -103.609679 0.601480 -0.714024 -0.358316
28.284836 -60.851624 -95.137535 0.527806 -0.769914 -0.358684
23.942497 -58.034358 -106.811126 0.599607 -0.730302 -0.327308
30.066621 -50.108341 -108.864169 0.728607 -0.611929 -0.307692
21.462483 -62.784973 -99.637394 0.454632 -0.811280 -0.367607
32.136641 -46.886765 -110.212875 0.799181 -0.544423 -0.254781
24.762016 -62.360778 -96.597116 0.464647 -0.801490 -0.376453
29.944210 -60.896239 -92.115107 0.582311 -0.723383 -0.370988
-63.994396 30.095968 -128.248722 -0.855459 0.206295 -0.475008
-63.240764 23.841661 -132.572176 -0.863544 0.262122 -0.430794
-64.752121 22.729600 -130.171405 -0.881873 0.205173 -0.424505
-70.213154 18.943925 -117.934663 -0.958686 0.025114 -0.283357
-69.323939 20.790440 -119.859299 -0.927016 0.099522 -0.361576
-67.011931 25.804583 -124.193542 -0.901965 0.153807 -0.403489
-67.861287 16.615775 -125.761742 -0.934203 0.173660 -0.311621
-70.768950 21.629964 -116.565230 -0.957445 0.003917 -0.288590
-69.319332 15.327121 -122.179485 -0.942651 0.159874 -0.293002
-66.905353 18.586528 -127.381617 -0.911441 0.220063 -0.347630
-70.145881 15.071026 -119.254579 -0.966859 0.101800 -0.234137
-43.304842 2.260659 -145.908290 -0.001769 0.006675 -0.999976
-45.781759 3.603336 -145.903382 0.001557 0.034782 -0.999394
-44.209361 4.157499 -145.596066 0.002885 0.136367 -0.990654
-44.115364 6.015197 -145.233788 -0.070036 -0.004381 -0.997535
-45.354166 5.356780 -145.824475 0.055755 0.162586 -0.985118
-46.653051 4.252073 -145.600532 -0.082333 0.120283 -0.989320
-41.525235 8.961377 -146.000623 0.031277 0.034053 -0.998930
-48.695655 9.802442 -145.856313 0.001864 -0.005560 -0.999983
-45.508787 9.795925 -145.958332 -0.037340 -0.024736 -0.998996
-46.734203 6.691141 -145.448699 0.033207 -0.038884 -0.998692
-42.172153 5.009619 -145.899906 -0.052551 -0.019603 -0.998426
-49.746456 6.413053 -145.815225 0.090481 0.014338 -0.995795
-43.932502 7.468116 -145.801707 -0.186373 -0.250738 -0.949945
-41.414539 11.370342 -145.482345 -0.012221 0.094700 -0.995431
-39.954822 9.606185 -145.927190 -0.049885 -0.030329 -0.998294
-38.954605 8.666129 -145.681601 0.056597 -0.016066 -0.998268
-43.728810 12.109550 -145.970615 0.126129 0.046270 -0.990934
-19.378803 19.640453 -142.737283 0.633329 0.772831 -0.040338
-11.668056 17.734388 -144.065548 -0.056822 0.981804 -0.181196
-13.236758 16.288945 -145.667037 -0.057074 0.367910 -0.928108
-8.943209 17.564934 -145.626152 -0.273794 0.740744 -0.613462
-10.704473 17.549610 -145.368932 -0.131773 0.673224 -0.727602
-9.285246 18.274725 -143.556116 -0.280286 0.892865 -0.352465
-28.862202 24.089109 -145.856572 -0.004619 0.000559 -0.999989
-15.629943 18.158975 -142.948113 0.265162 0.925915 -0.269017
-19.167713 16.931812 -145.968155 0.018765 0.021766 -0.999587
-15.542719 15.739580 -145.805598 0.059730 0.186055 -0.980722
-22.963657 19.336321 -146.000346 -0.007444 -0.002254 -0.999970
-19.689996 18.776560 -145.775810 0.250103 0.330533 -0.910053
-16.528260 18.508736 -144.089468 0.388385 0.851534 -0.352202
-17.683262 18.983901 -143.440350 0.375580 0.872753 -0.311838
-13.521840 17.579017 -144.326084 -0.028168 0.853653 -0.520080
-20.518473 20.502123 -144.122109 0.766477 0.557431 -0.319037
-17.754518 18.409072 -145.134968 0.300107 0.568928 -0.765674
-19.325244 19.494097 -144.700409 0.498223 0.774708 -0.389360
-15.512922 17.554246 -144.914151 0.205180 0.716212 -0.667040
-21.197528 20.034107 -145.678427 0.432087 0.341238 -0.834780
-21.387577 21.857878 -145.170973 0.767874 0.129792 -0.627315
-23.189090 21.953855 -146.026105 0.081043 0.017689 -0.996554
-23.404178 25.629046 -145.994874 0.118469 -0.009591 -0.992911
-5.966862 17.109396 -146.009091 0.009936 0.011747 -0.999882
-20.776475 21.996160 -143.101344 0.952350 0.100640 -0.287926
-8.601339 16.226831 -146.048654 -0.056265 0.127538 -0.990237
-7.815949 17.631181 -145.981155 -0.178265 0.435164 -0.882527
-20.962185 23.800740 -144.436766 0.870322 -0.042802 -0.490620
-46.022998 23.189577 -145.846341 -0.001049 0.000644 -0.999999
-44.137516 15.252685 -145.982778 0.021097 -0.005725 -0.999761
-52.081836 21.551096 -145.852453 0.015234 -0.009376 -0.999840
-37.516401 20.775323 -145.885526 0.000591 0.007784 -0.999970
-34.401475 16.037692 -145.911475 -0.020041 -0.007802 -0.999769
-37.185228 18.204989 -145.814215 -0.026371 -0.131081 -0.991021
-37.734071 15.592740 -145.194241 -0.007273 -0.037522 -0.999269
-35.385157 12.792105 -145.558454 -0.035500 0.038970 -0.998610
-40.548719 17.290963 -145.913669 0.084139 -0.128734 -0.988103
-41.602015 13.797837 -145.387170 0.051584 -0.034103 -0.998086
-37.659425 7.340311 -145.949617 0.020695 0.046192 -0.998718
-35.392433 9.442450 -145.631786 0.000326 0.025688 -0.999670
-38.075308 13.898164 -145.927726 0.100571 0.211112 -0.972274
-39.623238 12.396300 -146.054640 -0.140886 0.052341 -0.988641
-37.129161 11.542123 -146.045649 0.090961 -0.038542 -0.995108
-39.859221 15.116671 -145.553031 -0.008572 0.079724 -0.996780
-49.653925 30.555114 -146.027850 -0.014504 0.009373 -0.999851
-13.713550 30.284219 -140.680240 -0.172748 -0.967141 -0.186539
-18.101475 30.919339 -142.238848 0.071721 -0.968597 -0.238068
-13.755338 33.827927 -145.893625 -0.031293 -0.244610 -0.969117
-11.198355 35.356309 -145.989176 -0.004321 0.013431 -0.999900
-19.024313 34.929379 -145.987937 0.009205 -0.019881 -0.999760
-17.403852 31.471362 -144.274627 0.285127 -0.841038 -0.459737
-18.746443 30.432271 -143.379726 0.555139 -0.822702 -0.122403
-15.227865 32.128511 -144.865051 -0.062510 -0.745403 -0.663677
-16.311344 31.037760 -142.181353 -0.072900 -0.950081 -0.303368
-6.723894 37.683905 -145.862967 0.008918 0.016730 -0.999820
-14.162348 30.896397 -143.438559 -0.253949 -0.892234 -0.373401
0.480903 29.206375 -145.860209 0.005182 0.001656 -0.999985
-7.912540 32.108011 -146.046344 -0.027164 -0.043273 -0.998694
-7.869888 30.438646 -144.944814 -0.585252 -0.810772 0.011340
-9.227169 31.267000 -145.414832 -0.297393 -0.753676 -0.586113
-6.529296 29.424670 -145.800849 -0.243459 -0.149758 -0.958280
-7.121430 29.672495 -145.133945 -0.763375 -0.629281 -0.145824
-6.982194 28.633331 -144.641719 -0.951650 0.166856 -0.257919
-7.236041 28.294224 -145.602708 -0.347785 -0.056172 -0.935890
-4.135643 26.077108 -145.956046 -0.060298 -0.008084 -0.998148
-6.009676 26.088436 -145.614718 -0.507881 -0.204441 -0.836816
-7.244591 27.416772 -145.126951 -0.697957 -0.441953 -0.563501
-8.861127 30.841367 -143.366179 -0.206629 -0.964662 -0.163501
-13.176355 31.653193 -145.048068 -0.151558 -0.607502 -0.779725
-13.001103 30.818579 -144.160427 -0.086930 -0.887719 -0.452104
-4.657656 22.760037 -146.003175 -0.011230 -0.005724 -0.999921
-5.698060 24.130068 -145.637474 -0.460341 0.042777 -0.886711
-11.382629 31.091188 -144.355518 -0.048124 -0.857989 -0.511410
-11.025747 32.399236 -145.780283 -0.099231 -0.327709 -0.939553
-6.800611 29.828343 -143.440464 -0.677457 -0.709615 0.193644
-12.717547 30.553655 -142.977313 -0.003428 -0.976004 -0.217727
14.108055 36.885979 -145.855994 -0.009042 -0.009827 -0.999911
-4.024535 29.875679 -145.963779 0.013000 0.005023 -0.999903
-6.321506 25.377193 -144.447639 -0.842243 -0.330107 -0.426212
-6.134974 22.708506 -145.763645 -0.569868 -0.133283 -0.810855
5.416945 46.396809 -145.913263 -0.000638 0.003370 -0.999994
18.551022 30.236474 -145.855111 -0.005180 -0.002758 -0.999983
19.811986 37.168033 -146.040614 0.012719 0.011969 -0.999847
5.122494 52.139359 -145.181045 0.104699 0.192276 -0.975740
19.534764 41.336395 -145.433777 0.341639 0.325800 -0.881554
16.012299 40.763718 -145.957788 0.015960 0.043488 -0.998926
11.425808 45.363699 -145.921381 0.060484 0.119709 -0.990965
8.679409 50.408773 -145.112685 0.180953 0.258130 -0.949013
15.130396 43.465671 -145.718838 0.147741 0.151399 -0.977369
20.717245 19.767042 -145.865121 0.007500 0.003975 -0.999964
12.464120 41.763072 -145.953622 0.003070 0.003030 -0.999991
20.875405 37.727523 -145.921888 0.298114 0.208308 -0.931523
22.793925 36.250224 -145.528127 0.347063 0.261203 -0.900733
17.622146 42.843219 -145.372870 0.261844 0.322616 -0.909592
18.240282 40.569365 -145.888650 0.119497 0.161373 -0.979632
19.602783 43.978876 -143.768189 0.514592 0.415014 -0.750306
23.184502 32.709216 -146.006423 0.141818 0.100041 -0.984825
24.607464 37.492679 -143.693647 0.571680 0.431956 -0.697564
25.648545 32.248110 -145.699907 0.270773 0.232266 -0.934203
23.745720 30.363361 -145.989067 -0.001342 -0.001989 -0.999997
25.283549 35.582710 -144.605609 0.545089 0.446540 -0.709563
28.929801 35.388038 -140.400345 0.701146 0.448787 -0.554061
7.535529 55.326606 -144.134387 0.192907 0.164158 -0.967388
26.083521 30.020270 -145.943847 0.106545 0.085669 -0.990610
-3.512773 19.446637 -145.900128 -0.080421 0.016243 -0.996629
6.885907 17.784651 -145.923977 0.005381 -0.011015 -0.999925
13.142779 22.313798 -145.933993 -0.000050 -0.006697 -0.999978
-7.442860 18.874554 -144.606267 -0.458550 0.797353 -0.392376
-6.284683 20.017708 -143.185357 -0.792674 0.557858 -0.245890
-6.137550 23.453922 -144.795195 -0.922563 0.304572 -0.236883
-5.913658 21.592177 -142.244280 -0.950464 0.290333 -0.111016
-7.338257 19.142810 -142.956105 -0.647217 0.757863 -0.082174
-5.811815 21.152803 -144.265278 -0.958124 0.035109 -0.284194
-5.314354 21.424581 -145.638566 -0.498383 -0.156362 -0.852740
-5.674161 19.470387 -145.350669 -0.468242 0.384656 -0.795480
33.001834 28.679941 -142.214924 0.681006 0.588760 -0.435422
31.017094 29.515275 -143.870955 0.605544 0.551690 -0.573546
36.827199 36.560985 -130.789184 0.748038 0.181097 -0.638469
32.053417 31.587620 -139.815870 0.698989 0.521318 -0.489532
34.359522 32.886514 -134.855445 0.750512 0.462606 -0.471939
30.211068 32.181094 -141.450768 0.684625 0.549144 -0.479300
34.338363 36.763599 -132.867486 0.728238 0.208612 -0.652802
32.166736 33.886188 -137.507525 0.736960 0.394552 -0.548833
34.605969 30.034122 -137.731466 0.723765 0.539841 -0.429809
31.120926 37.471762 -136.703976 0.726740 0.288147 -0.623555
34.518692 34.352595 -133.574516 0.769117 0.308725 -0.559596
36.849900 29.901901 -133.900841 0.780868 0.473169 -0.407868
35.314584 26.599071 -141.000326 0.757716 0.535124 -0.373507
38.055782 24.195116 -138.122536 0.827383 0.440053 -0.348984
28.021056 32.325726 -144.483342 0.539990 0.449525 -0.711574
29.004011 32.720577 -142.976658 0.681765 0.508551 -0.525902
37.319100 23.916805 -140.639709 0.827199 0.494333 -0.267164
36.775287 22.876147 -144.307457 0.761944 0.506884 -0.403125
42.534361 12.856923 -138.370914 0.922822 0.314528 -0.222421
40.156630 17.349284 -142.019392 0.899977 0.368167 -0.233443
40.964876 14.774771 -143.413516 0.900107 0.357050 -0.249646
34.531294 24.213379 -145.413018 0.384501 0.303979 -0.871640
39.773762 19.822076 -139.647414 0.890075 0.377379 -0.255642
40.713399 20.312240 -136.051117 0.882174 0.347188 -0.318165
33.003078 22.406410 -146.015986 0.049194 0.034512 -0.998193
38.566857 20.791103 -142.368832 0.860543 0.417307 -0.292096
38.613327 18.554210 -144.470965 0.763783 0.350151 -0.542245
35.477491 16.371677 -146.001312 -0.004728 -0.001551 -0.999988
27.228729 31.270970 -145.535960 0.362540 0.287495 -0.886516
36.323715 19.473299 -145.884347 0.260575 0.120759 -0.957872
36.725735 21.336719 -145.303195 0.569433 0.282216 -0.772075
30.989153 24.575305 -146.028720 -0.009789 -0.005258 -0.999938
32.054486 26.242831 -145.742285 0.233520 0.269614 -0.934225
27.485540 27.525471 -145.910747 0.137428 0.152923 -0.978636
29.884482 28.680476 -145.283462 0.350935 0.383739 -0.854160
33.495535 26.566149 -144.496957 0.628701 0.581653 -0.516154
37.498435 17.084902 -145.749378 0.348200 0.193267 -0.917281
43.455323 15.307195 -132.733435 0.944924 0.209784 -0.251215
43.087861 10.946328 -138.399269 0.969514 0.197131 -0.145543
39.071424 13.882786 -145.907167 0.177764 0.071425 -0.981478
40.015571 14.666540 -145.187535 0.676112 0.300294 -0.672827
43.371553 13.185412 -134.900166 0.969365 0.160214 -0.186182
21.650549 4.765313 -145.828049 0.002361 0.002265 -0.999995
16.813960 8.090557 -145.929490 0.025593 0.005884 -0.999655
19.201009 7.908969 -145.753261 -0.013169 0.083933 -0.996384
23.059548 7.354619 -145.743248 -0.023454 -0.006351 -0.999705
18.000133 11.642956 -145.954596 0.006076 -0.022912 -0.999719
17.325823 13.769977 -145.902886 -0.193574 0.042467 -0.980166
16.139021 15.636011 -145.535328 0.006867 -0.050021 -0.998725
14.659998 17.128263 -145.793932 0.036774 0.010103 -0.999273
15.952982 13.777821 -145.353818 0.037809 0.030781 -0.998811
15.722090 19.499895 -145.946037 -0.049457 -0.018187 -0.998611
13.645859 19.139468 -145.458106 -0.039320 -0.001368 -0.999226
15.487445 12.351790 -145.661205 -0.120041 0.030311 -0.992306
21.914298 11.888230 -145.907784 -0.005204 -0.019978 -0.999787
11.870288 19.643730 -145.641807 0.031273 -0.004383 -0.999501
18.461715 16.756402 -145.954024 -0.031575 -0.020820 -0.999285
18.722957 9.186045 -145.507972 0.070838 -0.030976 -0.997007
21.764995 6.900084 -145.990781 0.007781 0.036107 -0.999318
21.017047 9.310455 -145.668757 -0.024714 -0.023294 -0.999423
7.667276 13.320981 -145.957113 0.033116 0.016626 -0.999313
8.880392 16.325401 -145.773414 0.019673 0.001335 -0.999806
13.977795 11.335670 -145.186984 -0.056799 0.003393 -0.998380
13.194532 8.991816 -145.847576 -0.000531 0.157405 -0.987534
12.547857 17.768329 -146.026170 0.092126 0.161590 -0.982548
11.734714 16.247364 -146.112937 -0.075664 -0.033708 -0.996563
10.294146 14.396410 -145.499884 0.044803 -0.027582 -0.998615
15.384805 10.067606 -145.863822 -0.109193 0.093128 -0.989648
11.682651 11.837134 -145.426535 0.019248 -0.019716 -0.999620
14.492636 13.238554 -146.026510 0.068573 -0.104074 -0.992203
9.161904 11.286910 -145.996833 0.062158 0.030682 -0.997595
-71.713973 -0.501306 -102.618858 -0.981208 -0.192936 0.002700
-65.309892 -22.625661 -117.511674 -0.939011 -0.332083 -0.089323
-66.127839 -19.976264 -118.913854 -0.957458 -0.287235 -0.027772
-66.152369 -21.382803 -112.911678 -0.954707 -0.295606 -0.033952
-67.164738 -17.870424 -106.671547 -0.951123 -0.307989 -0.022540
-64.959868 -24.545961 -107.467093 -0.945503 -0.325595 -0.003487
-68.706507 -12.007643 -104.749348 -0.965333 -0.255642 -0.052728
-69.179628 -10.017546 -109.230736 -0.975664 -0.219063 -0.009570
-68.368751 -13.743457 -112.117295 -0.964848 -0.259711 -0.040239
-71.949228 0.323537 -100.344055 -0.935386 -0.253922 -0.246125
-67.990928 -12.806378 -122.076641 -0.961033 -0.275755 -0.019346
-70.865842 -5.455073 -103.871811 -0.967697 -0.245008 -0.059439
-69.186280 -9.408862 -120.487113 -0.965668 -0.254561 -0.051802
-67.003564 -16.858592 -124.842650 -0.963581 -0.267180 0.011209
-67.473987 -14.896159 -116.890074 -0.960947 -0.269326 -0.063593
-67.859859 -15.286328 -107.629107 -0.967800 -0.251262 -0.015173
-68.465644 -10.575366 -124.845018 -0.979575 -0.187164 -0.073496
-69.723149 -8.332931 -106.683216 -0.961755 -0.262138 -0.079443
-71.434188 -1.485018 -107.730833 -0.971537 -0.229754 -0.057702
-69.064920 -10.430514 -114.658501 -0.967750 -0.250693 -0.024737
-69.365576 -11.569134 -97.103840 -0.971264 -0.228260 -0.067407
-69.926455 -6.573321 -116.683956 -0.978107 -0.207976 -0.007310
-69.812695 -6.213757 -110.475691 -0.970172 -0.238866 -0.041341
-66.622243 -22.850474 -96.863295 -0.945291 -0.293414 -0.142595
-66.132695 -21.262546 -103.789671 -0.952783 -0.288798 -0.093808
-70.863753 -2.512921 -113.909850 -0.970740 -0.237522 -0.035328
-66.801713 -20.680747 -100.288806 -0.957500 -0.261449 -0.121812
-70.348305 -3.543551 -117.313619 -0.985752 -0.100382 -0.134968
-69.888987 -6.102295 -120.050294 -0.984844 -0.135990 -0.107650
-67.885698 -17.168065 -100.267644 -0.965123 -0.248601 -0.082067
-67.609594 -19.816194 -95.819968 -0.960166 -0.237068 -0.147917
-65.617499 -26.401845 -95.677307 -0.911553 -0.355857 -0.206000
-65.535382 -24.999723 -102.117210 -0.947270 -0.300806 -0.110432
-64.400889 -26.365661 -106.609893 -0.938364 -0.338640 -0.069251
-63.667249 -28.537344 -105.797185 -0.910277 -0.409244 -0.062574
-64.338082 -26.009503 -115.298455 -0.928057 -0.369598 -0.045909
-58.907846 -37.303516 -110.134586 -0.806178 -0.591460 -0.015876
-58.962954 -36.869161 -114.807077 -0.842383 -0.535478 -0.060445
-56.271765 -40.412401 -117.225674 -0.788848 -0.613318 -0.039489
-57.285809 -38.509301 -121.670892 -0.840202 -0.540247 -0.046835
-65.215799 -22.121019 -125.375382 -0.933074 -0.359069 0.021028
-64.535573 -24.039010 -120.033127 -0.925665 -0.372306 -0.067317
-59.566438 -35.303432 -117.749340 -0.885006 -0.457794 -0.084788
-59.043953 -35.216530 -122.265408 -0.886260 -0.461827 -0.035494
-61.307223 -30.985132 -121.967147 -0.888964 -0.454593 -0.055580
-62.540860 -28.522653 -121.037367 -0.916298 -0.399067 -0.033820
-60.940155 -33.824153 -110.747194 -0.888813 -0.455670 -0.048742
-60.206802 -35.326262 -105.755680 -0.850237 -0.523941 -0.050822
-62.719048 -29.722802 -112.439697 -0.905532 -0.420588 -0.055831
-63.154549 -28.276778 -117.347453 -0.900427 -0.426477 -0.085728
-68.022705 -13.039332 -128.572370 -0.987528 -0.152423 0.039447
-68.701523 -7.319218 -127.031840 -0.989430 -0.142205 -0.028401
-69.087558 -4.926597 -131.462492 -0.993545 -0.113092 0.008872
-60.149807 -33.074626 -126.243335 -0.897568 -0.439207 0.038334
-62.578283 -31.050409 -103.187942 -0.893211 -0.446562 -0.052505
-53.031202 -44.574658 -113.449323 -0.778041 -0.627334 -0.033211
-58.327699 -37.374873 -126.123285 -0.896804 -0.440004 0.046240
-69.500153 -3.407965 -125.326005 -0.986628 -0.139565 -0.084189
-69.783002 -2.334271 -123.196532 -0.995597 -0.058454 -0.073278
-56.921375 -39.807644 -107.482898 -0.797253 -0.603144 -0.024598
-62.996231 -27.579163 -127.551621 -0.902893 -0.428227 0.037503
-62.765229 -28.882004 -134.772732 -0.902508 -0.423998 0.075523
-65.472658 -22.747950 -131.162157 -0.941169 -0.335317 0.041995
-67.839816 -15.320335 -133.921265 -0.965573 -0.259003 0.024205
-67.002918 -17.443949 -128.856270 -0.957474 -0.285895 0.038837
-64.159119 -25.866643 -131.787849 -0.903359 -0.426315 0.046878
-59.265457 -35.516337 -130.019197 -0.902940 -0.424684 0.065891
-57.567249 -38.443602 -124.938105 -0.835807 -0.546825 0.049081
-17.645051 32.934991 -145.650181 0.173103 -0.374888 -0.910766
-46.121069 46.960127 -143.049573 -0.527180 0.293058 -0.797621
-45.108434 44.077257 -145.034497 -0.421409 0.308824 -0.852668
-20.692412 26.330172 -142.750200 0.923630 0.287915 -0.253009
-20.530341 24.065564 -142.388584 0.970047 -0.158566 -0.184025
-20.350601 28.746875 -143.310801 0.863569 -0.393740 -0.314989
-21.360694 28.326402 -145.554456 0.563815 -0.267914 -0.781239
-23.018035 29.430191 -146.001004 -0.003319 0.001172 -0.999994
-21.152216 26.021808 -144.779657 0.727712 -0.021438 -0.685548
-22.185656 23.694336 -145.700855 0.515146 0.041268 -0.856108
-19.257394 30.322772 -144.961096 0.586217 -0.579013 -0.566651
-20.631825 30.778670 -145.927771 0.219295 -0.180161 -0.958880
-20.611536 25.173483 -143.771224 0.952866 0.030106 -0.301895
-47.818601 40.572172 -144.559736 -0.603668 0.290676 -0.742356
-46.047681 41.425499 -145.334156 -0.367707 0.175624 -0.913207
-43.044712 45.937251 -145.075567 -0.359815 0.348084 -0.865662
-38.379863 45.880782 -145.798701 -0.079491 0.093609 -0.992431
-42.334370 44.453999 -145.800822 -0.153138 0.207499 -0.966174
-41.081692 47.788702 -144.981312 -0.268236 0.214127 -0.939255
-48.490021 45.761237 -141.649451 -0.632961 0.277854 -0.722604
-40.649540 43.031964 -146.010480 0.004990 0.007265 -0.999961
-43.987381 41.796661 -145.866906 -0.145725 0.078356 -0.986217
-53.226160 35.994082 -140.826506 -0.707728 0.325992 -0.626778
-50.773343 34.610930 -145.100542 -0.663183 0.360182 -0.656092
-54.782396 33.488084 -140.416337 -0.747895 0.301174 -0.591564
-46.189018 38.491563 -145.673609 -0.215365 0.133050 -0.967427
-52.024194 26.408089 -145.998039 -0.047267 0.045528 -0.997844
-48.785215 34.260958 -145.894752 -0.091349 0.065992 -0.993630
-48.840099 36.329878 -145.509559 -0.343214 0.272723 -0.898791
-52.693131 32.331331 -144.209130 -0.736037 0.363465 -0.571089
-54.313764 29.265615 -144.254582 -0.662593 0.421539 -0.619093
-51.345381 31.598417 -145.533457 -0.424778 0.223514 -0.877271
-48.624981 38.566783 -144.649409 -0.524204 0.346964 -0.777705
-55.771426 30.508545 -140.651920 -0.773650 0.345265 -0.531279
-55.475967 29.811426 -141.927144 -0.760684 0.477540 -0.439678
-53.410285 27.636909 -145.693687 -0.326862 0.228007 -0.917155
-71.223644 17.493972 -113.724161 -0.967595 0.017925 -0.251872
-70.380544 10.314486 -120.519298 -0.980568 0.088120 -0.175274
-73.352445 13.108607 -103.926701 -0.987947 -0.036432 -0.150446
-74.154654 12.249259 -99.404861 -0.992640 -0.047950 -0.111207
-72.989369 7.345202 -105.040880 -0.988075 -0.084466 -0.128741
-72.818563 5.530693 -103.524247 -0.980551 -0.188730 -0.053862
-72.962267 20.003487 -107.588375 -0.969064 -0.000543 -0.246809
-72.924691 14.302093 -108.459956 -0.985778 -0.013673 -0.167495
-73.877555 7.125011 -97.603661 -0.986832 -0.066778 -0.147321
-73.379809 18.777006 -105.631459 -0.987571 -0.039396 -0.152155
-72.534400 4.475798 -107.134843 -0.989886 -0.109096 -0.090690
-72.152672 1.599593 -106.491871 -0.983196 -0.179048 -0.035587
-70.654372 6.247019 -119.709119 -0.987491 -0.012434 -0.157181
-71.924076 10.920046 -112.808056 -0.979331 0.015890 -0.201637
-71.718437 13.329486 -113.163315 -0.967284 0.070035 -0.243837
-72.690228 6.883108 -108.306165 -0.992215 -0.050273 -0.113938
-73.064540 10.384516 -104.652665 -0.994626 -0.038071 -0.096279
-72.447897 2.969905 -100.839377 -0.970461 -0.203817 -0.129087
-74.246443 24.884213 -102.578365 -0.981864 -0.020756 -0.188447
-72.015924 5.966444 -112.160480 -0.985233 -0.024263 -0.169493
-74.273983 19.212695 -99.978578 -0.992539 -0.063734 -0.103948
-73.940475 17.302099 -101.131692 -0.988655 -0.044627 -0.143423
-74.137946 10.403457 -95.184075 -0.996170 0.058759 -0.064753
-74.148851 12.066380 -95.552003 -0.998595 -0.052813 -0.004353
-73.184988 4.461109 -98.990462 -0.912794 -0.041811 -0.406275
-65.431507 19.459725 -130.783612 -0.892281 0.299420 -0.337910
-69.472342 11.699949 -124.342016 -0.948295 0.211737 -0.236441
-69.567095 8.376348 -127.682518 -0.967095 0.190292 -0.168865
-65.776569 16.358981 -133.002727 -0.898765 0.342997 -0.273084
-63.811994 19.790946 -134.852824 -0.887037 0.345534 -0.306221
-61.616198 20.332603 -141.097002 -0.866712 0.412346 -0.280679
-63.188376 17.813208 -139.398419 -0.884282 0.396477 -0.246679
-64.367071 15.475109 -139.314302 -0.875023 0.455778 -0.163100
-62.087090 24.143950 -134.833001 -0.852813 0.398179 -0.337881
-69.877451 0.868153 -128.456872 -0.996367 -0.058665 -0.061728
-70.076925 2.120852 -121.293152 -0.990383 -0.071384 -0.118515
-70.094152 3.303981 -125.053795 -0.996287 -0.071595 -0.047809
-71.398684 2.331608 -115.803148 -0.982448 -0.069625 -0.173056
-71.365267 0.084186 -113.909946 -0.983683 -0.157161 -0.087566
-70.120973 6.178873 -125.817032 -0.991804 0.056284 -0.114702
-70.342203 6.029610 -123.892438 -0.996071 0.015686 -0.087161
-66.428388 10.421947 -138.782589 -0.937989 0.331542 -0.101270
-68.243421 8.424905 -134.779976 -0.934624 0.291338 -0.203960
-68.631838 10.454835 -129.392261 -0.931956 0.305273 -0.195619
-67.659191 13.081416 -129.251349 -0.934213 0.260467 -0.243729
-67.178694 13.837733 -130.848974 -0.926680 0.300452 -0.225815
-69.655617 5.648928 -129.841538 -0.986779 0.081569 -0.140050
-69.316299 -1.342802 -133.391743 -0.997966 -0.031065 -0.055673
-68.399444 6.507823 -136.355505 -0.976240 0.147736 -0.158525
-69.266672 1.166405 -134.553138 -0.991729 0.078122 -0.101841
-65.528903 13.460093 -138.299261 -0.917017 0.346344 -0.197800
-67.825185 6.886881 -138.668355 -0.950831 0.285772 -0.119390
-68.905211 2.647272 -137.334820 -0.983591 0.172792 -0.051879
-60.406505 22.612469 -140.977935 -0.804971 0.468117 -0.364537
-62.766556 17.590424 -142.315492 -0.852408 0.494353 -0.170342
-64.109680 15.134789 -143.925147 -0.835020 0.496080 -0.238004
-65.641780 12.800347 -141.920204 -0.913703 0.399902 -0.072286
-61.784695 18.143359 -144.336399 -0.762685 0.481896 -0.431379
-62.767523 15.788826 -145.060160 -0.456634 0.338438 -0.822767
-60.704186 17.165702 -145.645781 -0.387326 0.197217 -0.900602
-58.100409 22.335431 -145.612470 -0.537069 0.399983 -0.742678
-57.434891 20.848822 -146.049096 -0.096659 0.040193 -0.994506
-55.526217 23.464473 -146.078891 -0.006565 0.019247 -0.999793
-58.192023 23.981990 -143.244272 -0.730153 0.506746 -0.458351
-57.279102 26.934753 -142.200927 -0.759097 0.462593 -0.458018
-57.204817 23.863549 -144.429442 -0.703443 0.570518 -0.423882
-60.457843 20.382561 -144.493631 -0.745248 0.486450 -0.456040
-57.467828 12.769926 -145.908127 0.014535 -0.007785 -0.999864
-58.856875 16.511645 -146.000454 -0.069868 0.008094 -0.997523
-56.254922 24.626174 -145.591911 -0.566906 0.384511 -0.728539
-67.214993 6.998917 -144.242273 -0.918859 0.256206 -0.300095
-66.103382 6.388688 -145.885339 -0.545212 0.114386 -0.830457
-62.374858 -9.942518 -145.866707 0.024912 0.000315 -0.999690
-68.714337 3.823037 -142.398405 -0.947296 0.291471 -0.132948
-67.406196 4.629068 -145.117354 -0.765959 0.170965 -0.619740
-65.216799 4.579332 -146.126078 -0.088254 0.004580 -0.996087
-64.940690 9.355953 -145.858871 -0.345872 0.148328 -0.926483
-63.131852 9.645300 -146.050347 -0.005673 0.020965 -0.999764
-69.161064 1.852491 -139.545184 -0.973915 0.226087 0.019353
-69.312201 -0.366004 -137.538364 -0.998646 0.042907 0.029410
-66.770214 9.615624 -143.070584 -0.946099 0.313867 -0.079899
-66.516754 8.831122 -145.043255 -0.783630 0.253538 -0.567135
-65.822086 11.359384 -144.408316 -0.847172 0.364677 -0.386406
-67.537290 7.351406 -141.236600 -0.950158 0.308842 -0.042627
-67.556316 1.929499 -145.390247 -0.472987 0.183654 -0.861716
-69.139077 1.951830 -142.982315 -0.934519 0.262134 -0.240750
-66.734143 -8.398623 -146.035334 0.012554 -0.017779 -0.999763
-64.494130 12.707030 -145.563447 -0.403136 0.246699 -0.881261
-69.605250 -5.278074 -142.443132 -0.999639 -0.024117 0.011800
-65.236247 0.774177 -146.027037 -0.014826 0.002428 -0.999887
-60.765543 14.310044 -145.868869 -0.102871 0.080138 -0.991461
-66.906537 -1.064653 -146.022494 -0.114404 0.063686 -0.991391
-58.442773 -28.026155 -145.856819 0.002119 0.000295 -0.999998
-68.986062 -0.643359 -145.541611 -0.485711 0.074254 -0.870960
-69.660777 -0.411334 -142.470772 -0.998107 0.045997 0.040830
-69.277424 0.710442 -144.440481 -0.858669 0.364287 -0.360531
-69.155190 -4.931729 -134.854506 -0.998589 -0.027777 0.045252
-69.633637 -0.922291 -144.495913 -0.977736 -0.012951 -0.209441
-67.266881 -19.235902 -144.244760 -0.972946 -0.225114 0.051954
-66.090853 -20.931979 -137.906434 -0.958021 -0.277404 0.072400
-66.592455 -18.739045 -134.437033 -0.953967 -0.299483 0.016029
-67.844048 -15.515921 -139.966119 -0.965030 -0.257443 0.049397
-68.305894 -13.137381 -133.940911 -0.987587 -0.152827 0.036267
-62.677742 -22.537885 -145.936420 0.021338 0.002597 -0.999769
-66.528551 -22.291951 -142.892334 -0.958893 -0.257754 0.118693
-65.185786 -23.945948 -138.227196 -0.930019 -0.337589 0.145253
-67.770310 -16.203048 -143.748004 -0.971818 -0.208142 -0.110661
-64.663414 -24.855676 -134.911199 -0.925907 -0.377317 0.018109
-68.936503 -12.029347 -143.048897 -0.975029 -0.221796 0.011174
-66.442928 -11.333621 -145.837433 -0.145953 -0.028462 -0.988882
-69.498746 -8.740566 -141.784529 -0.988965 -0.118119 0.089416
-69.651774 -7.870537 -144.075818 -0.982405 -0.076777 -0.170253
-66.941831 -15.831458 -145.590435 -0.669102 -0.100846 -0.736296
-65.450494 -15.091779 -146.036537 -0.035290 0.004682 -0.999366
-66.101477 -17.826797 -145.935940 -0.255675 -0.038467 -0.965997
-67.048325 -19.020102 -145.457203 -0.735010 -0.108541 -0.669312
-68.699888 -11.167352 -139.124359 -0.980876 -0.187296 0.052935
-64.889038 -21.155839 -145.921737 -0.162625 -0.059895 -0.984868
-68.667827 -11.523424 -144.800931 -0.801163 -0.157188 -0.577433
-68.266256 -14.101004 -144.562272 -0.902957 -0.250861 -0.348910
-67.675206 -13.547549 -145.509380 -0.447445 -0.042719 -0.893291
-69.176875 -7.805924 -138.665542 -0.993071 -0.101147 0.059829
-66.547416 -21.301965 -145.221360 -0.854034 -0.224342 -0.469358
-68.242374 -7.183143 -145.993615 -0.334165 0.002647 -0.942511
-68.565806 -9.565213 -145.459912 -0.508241 -0.185460 -0.841009
-69.202814 -7.574131 -145.346635 -0.798702 -0.037844 -0.600535
-67.258138 -4.531011 -146.029003 -0.275028 0.010660 -0.961377
-69.055429 -4.748947 -145.112229 -0.838008 0.008719 -0.545588
-65.703249 -29.832497 -90.456120 -0.914620 -0.346667 -0.208069
-62.857691 -34.315590 -93.904665 -0.889633 -0.385549 -0.244754
-61.724535 -37.408591 -92.075864 -0.857301 -0.451974 -0.246485
-60.746956 -40.702514 -89.832893 -0.851254 -0.434295 -0.294541
-61.934146 -39.637790 -87.787744 -0.872768 -0.353465 -0.336659
-63.433429 -42.543007 -81.510407 -0.902897 -0.302562 -0.305340
-63.319240 -38.274429 -85.267493 -0.903749 -0.298155 -0.307152
-64.051297 -33.331599 -91.393186 -0.890236 -0.408469 -0.201579
-61.246226 -45.409459 -84.237314 -0.839499 -0.358505 -0.408307
-64.916787 -26.852428 -99.520474 -0.909313 -0.403434 -0.101933
-61.819814 -34.286901 -97.982181 -0.878835 -0.435630 -0.194617
-63.442741 -36.712767 -86.837663 -0.889995 -0.399213 -0.220312
-65.352212 -35.958336 -81.423175 -0.919476 -0.273818 -0.282112
-65.350626 -33.282610 -84.571852 -0.924818 -0.313916 -0.214868
-65.902191 -30.834120 -86.069793 -0.942349 -0.318987 -0.101126
-68.577202 -19.294138 -84.654262 -0.990683 -0.124900 -0.054280
-68.636501 -17.004077 -85.005075 -0.999642 -0.024108 0.011602
-69.187668 -19.604755 -81.752573 -0.963992 -0.130247 -0.231850
-67.275358 -26.088340 -89.329367 -0.946660 -0.303503 -0.108263
-67.531357 -26.492507 -83.956249 -0.954209 -0.253162 -0.159357
-57.942542 -43.690109 -93.314159 -0.833805 -0.462565 -0.301335
-56.600483 -43.092468 -98.762060 -0.830711 -0.512539 -0.217309
-56.163208 -45.302313 -95.688338 -0.811213 -0.501809 -0.300203
-55.414007 -41.897242 -106.985572 -0.837213 -0.527468 -0.144399
-53.833906 -45.999421 -102.481805 -0.827427 -0.537841 -0.161529
-67.881199 -23.536211 -89.105218 -0.985165 -0.168205 -0.033999
-67.998246 -22.280086 -91.816003 -0.953503 -0.246742 -0.173061
-68.080859 -23.360187 -84.244801 -0.976012 -0.156640 -0.151210
-67.715547 -30.299982 -78.672226 -0.941096 -0.245301 -0.232736
-68.931255 -22.009141 -81.656951 -0.959871 -0.110272 -0.257854
-69.352860 -23.640816 -78.726170 -0.951425 -0.215501 -0.219884
-59.479218 -37.357830 -100.743880 -0.842868 -0.519082 -0.141869
-67.440112 -33.512909 -76.666651 -0.933252 -0.239133 -0.268060
-68.567027 -17.094373 -93.109865 -0.979692 -0.182210 -0.083682
-68.670410 -18.503355 -89.012901 -0.992000 -0.123920 -0.024073
-13.000498 -65.480981 -132.253244 0.031544 -0.999418 0.012995
-19.443963 -65.761798 -141.454510 -0.123274 -0.985985 0.112415
-20.889977 -65.147254 -137.582615 -0.128141 -0.983109 0.130680
-15.928559 -65.466703 -134.857817 -0.105221 -0.989204 0.101998
-15.814402 -65.950344 -139.070602 -0.089931 -0.987839 0.126834
-12.154307 -65.516108 -129.512362 0.126777 -0.990364 -0.055737
-34.157171 -54.905967 -145.857007 0.003750 0.011206 -0.999930
-23.085821 -64.570367 -136.198792 -0.188997 -0.969424 0.156514
-20.389274 -64.609145 -133.390831 -0.134082 -0.988510 0.069782
-25.326953 -64.022013 -134.830978 -0.191437 -0.980244 0.049729
-27.113800 -64.110968 -139.092497 -0.282443 -0.947926 0.147183
-27.616616 -63.349167 -134.402481 -0.305509 -0.949133 0.076225
-37.898574 -58.280558 -146.019531 -0.037975 -0.049661 -0.998044
-38.581400 -60.264283 -143.879405 -0.444917 -0.892961 0.068338
-35.512858 -59.623456 -126.928481 -0.416343 -0.907981 0.047201
-28.765395 -62.716162 -130.174493 -0.393935 -0.918914 0.020297
-23.604512 -65.421815 -141.536674 -0.131948 -0.986198 0.100014
-26.258177 -64.985910 -142.236603 -0.239876 -0.958922 0.151421
-34.790322 -62.151634 -143.859083 -0.389714 -0.912370 0.125316
-33.606434 -61.844282 -139.773048 -0.394100 -0.906293 0.152705
-33.287616 -61.369907 -145.748724 0.062361 -0.526060 -0.848158
-35.392841 -60.604678 -146.092295 -0.013030 -0.038009 -0.999192
-34.539569 -60.403205 -130.235606 -0.436265 -0.896064 0.082113
-19.895464 -65.492880 -145.489151 -0.261318 -0.668563 -0.696230
-21.591838 -64.655054 -145.639966 -0.118212 -0.625617 -0.771122
-21.706661 -65.620154 -143.919895 -0.132885 -0.979973 -0.148305
-35.437726 -61.669713 -145.491860 -0.307136 -0.751597 -0.583755
-32.935672 -62.468831 -144.210026 -0.037604 -0.924688 -0.378864
-29.776370 -58.068929 -145.983466 -0.001810 0.020060 -0.999797
-26.101343 -65.125313 -144.524491 -0.179456 -0.952252 -0.247006
-34.655549 -60.792098 -136.070104 -0.442910 -0.891049 0.099306
-32.323066 -61.754622 -132.818174 -0.363744 -0.927993 0.080742
-31.017868 -62.592115 -138.006459 -0.353480 -0.929308 0.106952
-42.401306 -56.990684 -138.971065 -0.577585 -0.781497 0.235920
-41.497181 -56.948403 -135.002416 -0.550298 -0.826363 0.119568
-23.841584 -64.766383 -145.473626 -0.046346 -0.544975 -0.837170
-31.142764 -61.852971 -145.183514 -0.235880 -0.675562 -0.698553
-31.048512 -63.039768 -142.223511 -0.365284 -0.930735 -0.017327
-28.311606 -64.527790 -143.674046 -0.364244 -0.927269 0.086588
-39.619461 -58.788996 -139.327763 -0.458573 -0.872469 0.168844
-37.560357 -59.008059 -133.939834 -0.479346 -0.873988 0.079827
-44.405898 -55.058541 -137.686096 -0.627274 -0.768501 0.126225
-30.502627 -59.513877 -145.992886 0.002061 -0.183843 -0.982954
-25.907125 -62.328608 -146.057053 -0.000761 -0.005841 -0.999983
-28.932806 -62.098312 -145.831956 -0.171200 -0.204157 -0.963852
-28.991575 -63.907354 -144.730238 -0.466347 -0.726503 -0.504692
-27.001261 -63.653837 -145.839726 -0.174362 -0.475763 -0.862118
-18.707690 -66.255180 -144.151605 -0.190050 -0.981712 0.011050
-43.250772 -57.778700 -143.090613 -0.518725 -0.840418 0.156912
-40.260416 -58.988637 -145.618639 -0.300704 -0.568237 -0.765953
-41.846337 -58.671758 -145.010062 -0.489235 -0.796029 -0.356352
-62.548580 -33.504976 -141.016389 -0.880947 -0.265159 0.391948
-64.285003 -34.393146 -145.159765 -0.944520 -0.218619 0.245128
-64.011349 -33.717097 -145.949677 -0.316301 -0.089300 -0.944447
-65.247068 -26.519921 -143.168294 -0.936786 -0.305262 0.171019
-66.292783 -23.507108 -143.951522 -0.952496 -0.275084 -0.130694
-65.303402 -25.827120 -145.020901 -0.795695 -0.144031 -0.588323
-65.739341 -23.497541 -145.448306 -0.585967 -0.188616 -0.788078
-63.126252 -37.251752 -144.515927 -0.868871 -0.333595 0.365757
-62.039089 -39.607784 -145.125649 -0.852710 -0.384425 -0.353699
-60.998115 -38.064329 -145.942569 -0.139209 -0.067018 -0.987993
-63.223999 -36.783154 -145.557082 -0.621902 -0.322978 -0.713389
-64.445539 -31.623235 -145.549596 -0.724126 -0.077631 -0.685285
-64.624566 -31.265263 -144.892503 -0.950099 -0.170393 0.261299
-60.661121 -41.747396 -143.484293 -0.802322 -0.418686 0.425420
-63.276236 -31.861983 -145.938811 -0.001111 0.004187 -0.999991
-64.819851 -28.622291 -145.805410 -0.583361 -0.033651 -0.811515
-59.922301 -38.083181 -138.862267 -0.854398 -0.405481 0.324944
-62.133677 -31.116644 -136.375676 -0.915474 -0.351465 0.195907
-59.554941 -36.822390 -135.854143 -0.878928 -0.418195 0.229344
-57.463590 -39.764029 -134.869486 -0.817054 -0.530413 0.226020
-59.473265 -35.858173 -133.002109 -0.888868 -0.434832 0.144346
-63.532816 -27.158768 -145.996538 -0.060586 0.009683 -0.998116
-61.116649 -38.074673 -141.390582 -0.825512 -0.351707 0.441397
-58.130894 -41.120407 -138.797383 -0.786154 -0.472575 0.398290
-63.942640 -24.419252 -145.880314 -0.243468 -0.067287 -0.967572
-64.213516 -29.722021 -142.692922 -0.925978 -0.273612 0.260194
-65.113517 -27.856998 -144.821409 -0.981144 -0.171925 0.088313
-62.034282 -33.018168 -139.083810 -0.898397 -0.353647 0.260418
-57.490073 -43.942527 -140.764808 -0.740413 -0.524747 0.420034
-55.643087 -46.550327 -141.108842 -0.684192 -0.631592 0.364656
-56.352076 -40.528735 -131.787254 -0.818895 -0.569991 0.067236
-58.005902 -37.942128 -130.980734 -0.851241 -0.521075 0.062201
-54.717645 -44.833645 -136.743154 -0.763618 -0.556220 0.327881
-53.447929 -45.181029 -133.533388 -0.791379 -0.579725 0.194005
-54.592332 -42.811072 -130.681735 -0.782752 -0.614527 0.098264
-47.382486 -47.774582 -145.855344 0.008018 0.010779 -0.999910
-53.285937 -41.106496 -145.855927 0.015821 0.011302 -0.999811
-60.659000 -42.209864 -145.537478 -0.513355 -0.418964 -0.748956
-60.873255 -40.062850 -146.009379 -0.191209 -0.090497 -0.977369
-56.886115 -44.021850 -145.935831 -0.076966 -0.081459 -0.993700
-58.613614 -39.581459 -145.990919 0.017793 0.009852 -0.999793
-58.025667 -45.095685 -143.307123 -0.744249 -0.631018 0.218882
-57.989436 -45.071776 -145.166472 -0.644922 -0.577643 -0.500405
-60.641617 -42.510042 -144.413476 -0.781489 -0.592788 0.194621
-55.678286 -46.017526 -146.024631 -0.039116 -0.022604 -0.998979
-53.574580 -48.439427 -145.910140 -0.275719 -0.309206 -0.910149
-52.020208 -51.136794 -143.150660 -0.644109 -0.686819 0.336754
-53.517030 -47.580614 -139.123673 -0.677916 -0.665130 0.313102
-55.230607 -48.409917 -145.441752 -0.657375 -0.568062 -0.495140
-42.161095 -53.596604 -145.977186 0.005694 0.014544 -0.999878
-46.885967 -53.312095 -138.786592 -0.611229 -0.753063 0.243507
-55.256602 -48.586669 -144.275034 -0.696852 -0.677794 0.234505
-45.909633 -53.838821 -145.911030 -0.110789 -0.202349 -0.973027
-47.300713 -54.752622 -145.146949 -0.426849 -0.733682 -0.528687
-44.988090 -56.175346 -145.198738 -0.460103 -0.660356 -0.593494
-45.689029 -56.096135 -143.966048 -0.552623 -0.824102 -0.124352
-53.911303 -49.802629 -144.972224 -0.649101 -0.699724 -0.298419
-47.140182 -54.989867 -143.491181 -0.574911 -0.784762 0.231573
-51.034571 -52.668100 -144.594217 -0.579004 -0.770189 0.267514
-49.943200 -53.224445 -145.543528 -0.323182 -0.639148 -0.697884
-50.151887 -51.050592 -145.975055 -0.018698 -0.030600 -0.999357
-51.755735 -52.190955 -145.741092 -0.479940 -0.485480 -0.730730
-42.428507 -56.539978 -145.868371 -0.141843 -0.190289 -0.971427
-52.357302 -50.518806 -145.675567 -0.427984 -0.306698 -0.850156
-52.622858 -51.192126 -144.606057 -0.750815 -0.660451 0.008976
-49.611417 -51.724453 -140.137348 -0.625856 -0.713778 0.314366
-45.494588 -53.326611 -132.673694 -0.667478 -0.728267 0.155243
-42.922491 -55.249574 -130.167787 -0.673497 -0.735671 0.072041
-47.239545 -50.469803 -123.988920 -0.729211 -0.684254 -0.006921
-51.817955 -45.413724 -127.146535 -0.749108 -0.649713 0.129266
-55.319677 -41.131203 -123.017170 -0.772621 -0.634867 0.000425
-46.811721 -51.284047 -129.684737 -0.688167 -0.706779 0.163982
-50.127776 -49.667020 -135.811867 -0.674825 -0.709663 0.202457
-48.377058 -49.396370 -127.830522 -0.717729 -0.684301 0.128831
-51.870752 -47.400989 -134.320303 -0.734166 -0.645581 0.210299
-50.322160 -46.954192 -125.263751 -0.756912 -0.653226 -0.019509
-50.782201 -46.967901 -120.513825 -0.760016 -0.648315 -0.045434
-42.257299 -55.601670 -124.844560 -0.617047 -0.786872 0.009181
-43.806470 -54.190040 -125.538379 -0.716989 -0.697060 0.005849
-40.439912 -57.166323 -130.973674 -0.547940 -0.834895 0.052073
-42.192138 -55.741765 -118.489292 -0.639431 -0.767633 -0.043204
-40.880092 -57.007009 -116.181777 -0.583215 -0.803246 -0.121066
-39.997240 -58.144673 -114.401107 -0.596194 -0.789743 -0.144427
-44.054145 -53.987571 -118.489894 -0.718468 -0.695176 -0.023118
-46.910866 -50.916413 -118.512091 -0.718576 -0.694749 -0.031167
-45.679415 -52.511719 -114.442074 -0.712317 -0.689652 -0.130327
-42.926160 -55.479774 -115.049073 -0.688540 -0.715579 -0.117730
-59.763057 -44.355681 -87.958843 -0.823102 -0.427894 -0.373377
-48.974701 -49.429123 -113.570792 -0.735724 -0.654708 -0.173400
-52.724848 -45.238328 -112.053982 -0.827644 -0.537809 -0.160522
-52.312952 -46.848618 -109.610300 -0.780457 -0.600327 -0.174627
-53.767413 -48.417759 -96.693684 -0.785626 -0.541049 -0.300095
-52.019408 -49.045421 -100.870168 -0.792946 -0.578187 -0.192190
-48.868809 -51.079139 -108.565120 -0.714965 -0.674592 -0.183716
-49.733572 -48.204784 -116.452080 -0.724020 -0.688398 -0.043627
-53.506333 -45.360768 -106.722771 -0.856909 -0.498625 -0.130691
-51.789613 -47.924964 -106.978406 -0.787184 -0.601621 -0.135624
40.270123 75.558868 -3.805271 0.706512 0.693264 0.142222
33.520971 81.990950 -2.483495 0.678553 0.720814 0.141395
41.486373 75.928050 -11.269115 0.711518 0.690493 0.130239
38.184247 79.078105 -11.017621 0.689622 0.713438 0.124208
35.373689 81.452574 -9.835726 0.639676 0.761575 0.104010
43.578838 73.682915 -11.885301 0.780290 0.609878 0.138550
48.460441 66.441406 -9.624191 0.821499 0.552432 0.141274
42.980995 75.123773 -16.308432 0.735586 0.669935 0.100495
46.340949 70.986569 -17.391380 0.816616 0.572169 0.075904
40.006102 74.709877 1.358290 0.767968 0.607338 0.203386
45.205920 69.650470 -4.462187 0.804403 0.568419 0.172731
45.356205 67.395006 1.449178 0.797870 0.550509 0.245650
41.556924 78.449252 -26.038575 0.744317 0.637702 0.198312
37.054385 82.882861 -24.350158 0.673021 0.701782 0.233547
42.573578 76.262957 -21.922196 0.766006 0.633988 0.106276
45.349546 72.952585 -23.472385 0.799880 0.596284 0.068100
36.999835 80.953721 -15.941776 0.668745 0.732684 0.126308
39.304942 80.043754 -22.592336 0.704384 0.694534 0.146512
43.725224 75.565417 -26.010268 0.815359 0.565397 0.124565
32.166029 84.462296 -13.232130 0.606339 0.787320 0.111715
4.417662 96.983739 -16.401213 0.142893 0.975972 0.164501
34.900727 83.487244 -19.734405 0.641172 0.748080 0.171099
31.445661 86.008124 -18.998254 0.589108 0.789120 0.173898
26.799830 88.804966 -17.231257 0.484700 0.862221 0.147105
28.988254 87.371083 -16.769157 0.569626 0.810797 0.134665
27.423099 87.330946 -8.644252 0.542964 0.834181 0.096603
30.606159 84.308626 -1.623827 0.610011 0.782310 0.126008
28.409297 88.643163 -20.720187 0.545138 0.803817 0.238123
32.876167 85.901994 -22.246771 0.608024 0.755573 0.243756
21.065607 91.859070 -16.713996 0.448858 0.885123 0.122819
21.201339 92.966895 -22.694938 0.424210 0.889727 0.168619
27.346886 90.476945 -24.849567 0.432783 0.884617 0.173639
30.902477 88.745733 -25.670655 0.583402 0.776318 0.238687
19.016232 93.247947 -19.393205 0.391024 0.911215 0.129568
9.477957 90.978522 7.532432 0.194878 0.937605 0.287959
3.343126 94.487047 -3.077059 0.099828 0.969070 0.225694
8.997556 92.971982 0.450334 0.164201 0.959287 0.229798
-1.875124 94.075862 0.418498 0.051392 0.966400 0.251853
5.238660 91.520531 7.868409 0.091825 0.960761 0.261738
-3.663371 95.427235 -5.438006 0.034866 0.974008 0.223813
-1.029843 96.758148 -11.454147 0.052694 0.976561 0.208690
-5.996176 94.206720 0.299655 -0.008656 0.972514 0.232683
3.594973 95.781201 -8.909596 0.156341 0.970432 0.183900
13.204735 88.969551 10.636130 0.227425 0.882972 0.410656
19.290768 87.957738 8.503988 0.342425 0.860239 0.377802
14.717893 89.699271 7.669075 0.234899 0.929414 0.284626
14.916647 91.945327 -1.074529 0.251542 0.946065 0.204174
18.148035 86.759309 11.812576 0.303937 0.839032 0.451272
6.457701 89.881480 11.854849 0.174544 0.905472 0.386852
18.568347 89.579240 4.769842 0.272430 0.925589 0.262807
3.789258 89.417246 13.753465 0.107466 0.876921 0.468465
2.932900 90.685450 11.254422 0.083387 0.933612 0.348448
-2.607064 91.767665 8.682627 0.013051 0.955243 0.295535
-2.042805 90.182882 12.820869 0.001847 0.909427 0.415859
23.212361 86.259049 8.175659 0.426242 0.819119 0.383877
24.724354 86.258151 6.125059 0.492222 0.819334 0.293956
8.422940 87.797678 15.144779 0.205373 0.848492 0.487733
21.566620 88.659587 3.946165 0.415809 0.869769 0.265715
26.173933 86.718041 2.028219 0.513537 0.832006 0.209870
13.370107 87.017830 14.188297 0.249882 0.836365 0.487906
26.665892 84.129485 8.256579 0.541691 0.766074 0.345978
22.747802 82.059289 16.392646 0.415631 0.743612 0.523728
21.405797 83.778414 14.754372 0.381364 0.810366 0.444825
17.557105 83.923563 17.157269 0.315508 0.784349 0.534089
29.258347 85.637643 -4.508804 0.574202 0.813754 0.089981
26.142575 87.409566 -1.448262 0.547787 0.828758 0.114410
22.587478 90.114247 -7.604647 0.472051 0.876653 0.092989
23.528946 89.001255 -1.437022 0.482637 0.864994 0.137287
20.201709 90.385031 -0.527663 0.313665 0.933291 0.174879
21.806213 90.075236 -2.853943 0.404787 0.908739 0.101690
18.754372 92.028908 -9.487634 0.354549 0.925803 0.131088
28.305127 84.956262 3.060654 0.586719 0.764414 0.267268
11.272837 93.736392 -5.416398 0.185169 0.964815 0.186665
12.961471 93.963691 -9.048084 0.294609 0.941508 0.163610
0.075994 97.125078 -14.381458 0.090189 0.981049 0.171489
11.787600 94.833100 -12.769345 0.211447 0.963130 0.166349
40.301199 71.317761 8.231928 0.768990 0.565374 0.298340
41.100376 66.645005 13.972691 0.767988 0.505370 0.393441
37.754106 75.062846 6.941770 0.701316 0.640573 0.312765
37.319036 71.994092 13.193853 0.718470 0.590028 0.368330
44.546095 64.407146 9.412646 0.807031 0.497505 0.318103
34.755742 74.313120 14.255133 0.669833 0.627087 0.397599
38.997831 67.850844 16.138569 0.697079 0.572374 0.431821
38.116968 66.863680 18.764674 0.708729 0.521051 0.475615
34.603064 67.597306 22.819973 0.676688 0.531907 0.509085
33.990913 70.911186 19.825902 0.640275 0.596817 0.483588
31.484535 77.299921 14.467088 0.599195 0.693190 0.400566
31.876436 75.068440 17.249881 0.592063 0.644307 0.484077
37.591485 77.094575 2.180477 0.688495 0.700299 0.188561
32.526794 79.205968 9.145948 0.620543 0.711132 0.330482
31.789678 82.348838 2.386834 0.643849 0.736439 0.207644
34.365649 78.851110 6.094660 0.645746 0.714701 0.268728
29.102114 80.637174 11.748170 0.544315 0.742255 0.390869
24.596537 82.914967 13.176403 0.478844 0.767225 0.426701
29.072229 78.259304 15.962095 0.499039 0.716718 0.487110
25.474443 74.512820 24.510805 0.468547 0.706367 0.530575
31.730889 88.640984 -28.076970 0.581700 0.810138 0.072816
29.395574 90.221918 -29.051976 0.417803 0.902446 0.105031
24.839188 91.844460 -28.249997 0.337228 0.940086 0.050146
26.307242 91.554489 -31.805144 0.305466 0.947805 0.091412
33.172169 87.673045 -32.172067 0.604376 0.796162 -0.029245
36.525687 85.268698 -30.001719 0.621954 0.779902 0.070194
7.360233 96.121986 -29.645168 0.224648 0.966711 0.122486
7.700898 97.151463 -31.921643 0.288853 0.957372 0.001692
9.456516 96.252648 -29.705245 0.149397 0.987526 -0.049724
12.920758 95.593321 -30.960577 0.175069 0.974490 -0.140428
5.521392 96.936675 -29.369915 0.427050 0.857475 -0.286993
5.034181 97.744063 -30.568139 0.443492 0.884622 0.144080
10.001587 95.956082 -33.943675 0.247691 0.917338 -0.311673
10.786257 95.988556 -32.387370 0.274395 0.959506 -0.063681
6.212026 96.788244 -34.669443 0.220150 0.845644 -0.486232
10.201673 94.708117 -36.487553 0.156215 0.886507 -0.435549
15.141274 95.724317 -27.878095 0.311140 0.946961 -0.080355
9.847754 96.884122 -26.333067 0.204068 0.969828 -0.133381
10.953586 96.718452 -24.573044 0.251406 0.966502 0.051672
4.523851 97.962220 -32.869520 0.332827 0.915598 -0.225624
18.113736 94.076023 -29.068569 0.376736 0.921688 -0.092522
21.942819 92.867750 -25.628749 0.377411 0.926006 0.008567
14.461730 95.453665 -29.847247 0.302442 0.943043 -0.138558
18.531372 94.176925 -24.189724 0.369692 0.923949 0.098213
3.246853 97.558466 -34.716160 0.290971 0.811336 -0.507020
7.586897 93.937279 -38.339029 0.080674 0.887729 -0.453243
6.295584 97.995166 -24.210144 0.229965 0.968683 0.093648
10.427518 96.317274 -19.711532 0.265278 0.954667 0.135049
15.254873 95.658382 -25.313346 0.305783 0.946807 0.100264
15.175540 95.042208 -21.271839 0.334973 0.933447 0.128336
13.144679 94.350209 -37.071077 -0.065523 0.981489 -0.179959
5.941810 94.237232 -38.172488 0.136061 0.862417 -0.487569
8.285532 96.867031 -27.769022 0.215318 0.900653 -0.377441
15.498561 95.013745 -31.934459 0.114736 0.993265 0.016116
40.654773 78.076160 -41.589572 0.656266 0.653796 -0.376651
39.340649 78.487089 -43.262345 0.851107 0.453054 -0.265253
41.226474 75.347069 -45.890306 0.590108 0.777573 -0.217146
43.431300 74.353248 -43.754116 0.656423 0.701193 -0.278274
39.433408 76.721744 -44.911265 0.736723 0.622252 -0.264654
41.487817 76.134504 -43.482427 0.550208 0.736212 -0.394034
43.059478 77.283148 -38.306785 0.723824 0.640201 -0.257334
39.001405 80.992177 -39.511034 0.732320 0.613482 -0.295544
45.349845 74.231879 -38.591551 0.807866 0.570384 -0.148375
43.832497 77.010319 -35.258138 0.809768 0.583636 -0.060381
54.486057 57.625831 -25.351877 0.898130 0.439184 0.021904
53.589536 60.012578 -32.113814 0.887225 0.458339 0.052505
56.255413 54.647629 -33.881121 0.913737 0.401786 0.060442
52.226765 63.021967 -37.612814 0.851078 0.522251 0.054042
54.189387 59.961237 -38.850902 0.867444 0.485386 0.109273
55.658208 57.682301 -40.332611 0.872930 0.466765 0.141860
56.304105 55.397704 -37.316269 0.906329 0.401040 0.133171
52.626465 63.429040 -43.294744 0.810838 0.575254 0.107816
58.434131 49.556562 -35.942293 0.937514 0.330423 0.109031
57.784464 50.250474 -31.297924 0.940973 0.333418 0.058319
49.517088 67.309421 -36.014984 0.860255 0.509557 0.017692
56.886254 52.368894 -27.045907 0.923736 0.382995 0.005087
57.489894 51.054430 -21.770178 0.924637 0.380680 -0.011337
56.009668 54.360424 -19.520656 0.904692 0.425886 0.012373
51.476033 63.480743 -26.866827 0.868471 0.494985 0.027329
43.496371 77.337952 -31.486678 0.836243 0.539608 0.097577
46.771850 71.125346 -27.243547 0.842847 0.533722 0.068923
45.598786 74.430667 -34.794787 0.861998 0.505471 0.038180
48.480073 68.671287 -30.610352 0.861524 0.505940 0.042434
41.284775 80.471232 -34.476270 0.746214 0.654865 -0.119656
41.607314 80.134525 -32.331153 0.800021 0.597449 0.054966
49.569870 66.561628 -23.058826 0.840938 0.540389 0.028336
50.734521 64.068397 -14.810132 0.860289 0.497351 0.112000
51.179145 63.972476 -19.405513 0.855230 0.517581 0.026291
51.930949 62.636784 -19.830811 0.891057 0.452346 0.037413
54.899154 56.423123 -17.009890 0.891838 0.445616 0.077791
42.304478 78.465053 -28.834460 0.790065 0.591053 0.162648
39.615171 82.443794 -31.122442 0.743045 0.656680 0.129058
46.566527 72.525974 -37.786682 0.852608 0.515598 -0.084965
35.065430 85.873259 -35.437875 0.654909 0.751629 -0.078409
32.372096 88.266312 -33.897437 0.683484 0.729965 0.000478
37.309467 84.275836 -28.662387 0.685429 0.688810 0.236067
36.486040 84.135307 -37.721053 0.691176 0.706959 -0.149948
37.821317 82.354073 -39.414485 0.750350 0.642994 -0.153404
38.424251 83.644184 -32.858350 0.652287 0.749430 -0.113476
40.009465 81.035067 -37.075299 0.688053 0.690463 -0.223260
49.468815 43.143664 21.883313 0.805697 0.334266 0.488998
46.130694 43.702392 26.651529 0.776955 0.348607 0.524227
40.198067 44.664253 33.289038 0.664178 0.306310 0.681940
39.704952 49.740552 31.262496 0.704772 0.338624 0.623402
41.224802 50.430724 29.035270 0.741577 0.386510 0.548337
36.266722 51.648422 33.804940 0.621628 0.341178 0.705107
37.067616 46.015728 35.568212 0.604421 0.315928 0.731345
43.721550 52.861012 23.541013 0.767680 0.409632 0.492818
37.779724 53.458297 31.186632 0.687770 0.416563 0.594515
33.611874 56.815835 33.239798 0.619026 0.427585 0.658770
37.925363 42.119614 36.617361 0.616824 0.305239 0.725505
31.329630 48.666162 38.970876 0.551587 0.313316 0.773036
45.670352 40.057929 29.457182 0.747524 0.314091 0.585282
32.157414 54.289936 35.853424 0.546500 0.369968 0.751306
43.751340 39.124550 32.275236 0.698899 0.298415 0.649991
38.938005 35.301018 38.411959 0.633528 0.274100 0.723541
49.757911 45.169361 19.650277 0.821974 0.386695 0.418122
49.588538 49.929952 15.414153 0.817207 0.410644 0.404406
51.149765 47.944431 13.980682 0.861738 0.364191 0.353231
45.712184 51.731392 21.123342 0.803796 0.410895 0.430206
48.293575 53.858236 13.786454 0.834445 0.421115 0.355477
8.076091 77.042085 30.482386 0.211674 0.756445 0.618858
12.990311 76.300061 29.474307 0.273501 0.738061 0.616817
-0.489125 77.764036 31.329029 0.045910 0.754555 0.654629
-1.485879 80.119350 28.639815 0.065767 0.807852 0.585705
3.997665 77.522875 31.069813 0.148005 0.781386 0.606242
5.309363 83.949587 22.083377 0.140492 0.804464 0.577147
-1.181275 86.095109 20.108104 0.058414 0.834925 0.547255
13.000657 80.715984 24.034409 0.240732 0.775352 0.583847
9.068698 84.790122 19.659944 0.198188 0.814649 0.545040
13.933409 83.228407 20.015557 0.237254 0.816115 0.526941
11.102246 68.200107 38.622460 0.269012 0.576500 0.771544
8.218592 70.675610 37.516002 0.190437 0.631323 0.751775
7.863085 65.716847 41.310228 0.156082 0.558434 0.814733
9.598767 72.602211 35.146464 0.250621 0.714748 0.652935
14.313119 69.652713 36.127007 0.337912 0.646035 0.684437
14.497523 72.864796 32.759672 0.312892 0.702167 0.639578
22.662501 73.456511 27.828433 0.369807 0.679500 0.633658
15.502482 67.206730 37.569163 0.385713 0.573720 0.722545
3.349072 74.627318 34.467862 0.082719 0.730578 0.677800
24.497064 70.211911 29.976254 0.400703 0.614202 0.679848
20.046883 76.376861 25.912788 0.326524 0.743360 0.583779
22.729032 76.737465 23.725889 0.394823 0.732788 0.554199
27.017102 67.177116 30.985715 0.447442 0.556121 0.700375
26.398520 59.500597 36.813365 0.447505 0.501177 0.740649
29.284149 74.113049 21.313207 0.553631 0.648693 0.522197
29.555202 69.163388 27.003527 0.536284 0.623276 0.569145
26.067867 71.893276 27.087326 0.493761 0.644182 0.584149
30.886325 66.434831 28.480486 0.586385 0.529259 0.613218
32.100979 67.435748 26.202646 0.622395 0.578271 0.527472
25.171435 52.092847 41.607321 0.493028 0.353773 0.794839
29.653998 59.298921 34.878268 0.520573 0.441674 0.730704
29.313634 63.422093 32.276566 0.503785 0.514811 0.693664
35.817411 60.592483 28.207144 0.660162 0.482191 0.575915
31.935418 60.745169 32.063881 0.599003 0.481372 0.639903
25.973585 54.963390 39.739904 0.463154 0.418461 0.781267
19.065365 64.390145 37.731989 0.425212 0.534400 0.730487
19.834238 60.691926 39.950203 0.430694 0.485946 0.760499
17.193318 59.261924 42.220288 0.390392 0.445972 0.805421
45.337601 58.590629 15.028823 0.816314 0.439551 0.374735
43.790033 58.972769 17.536907 0.771699 0.450329 0.449093
38.056345 60.273098 25.623169 0.729305 0.457454 0.508773
39.744024 62.078940 21.220874 0.754952 0.471913 0.455353
62.476723 28.246077 6.424264 0.890642 0.288763 0.351245
58.999619 41.817937 1.723072 0.859597 0.428713 0.278025
66.287034 17.731441 1.163204 0.958702 0.170064 0.227967
63.677731 24.598075 5.693192 0.927837 0.201364 0.313961
60.186723 42.313288 -4.758776 0.911986 0.388296 0.132316
59.987291 36.185131 5.734995 0.878254 0.332083 0.344079
63.523170 28.543979 2.960134 0.921311 0.272026 0.277828
58.816818 44.336309 -2.095056 0.889722 0.411927 0.196753
60.797937 26.083331 11.770100 0.868519 0.252314 0.426629
59.237093 23.881706 15.622590 0.851800 0.200350 0.484042
57.913332 47.931857 -6.554933 0.893149 0.432407 0.123728
58.924355 31.444186 11.954245 0.853872 0.302695 0.423413
65.371664 18.483687 3.900479 0.936974 0.137454 0.321225
62.343349 21.775615 10.777812 0.908415 0.167164 0.383194
57.004230 34.610737 13.244166 0.825934 0.323763 0.461530
56.818520 27.292392 18.111795 0.840866 0.256381 0.476668
58.212580 41.199276 4.685760 0.835546 0.419552 0.354739
58.547615 37.315363 7.986355 0.827396 0.381344 0.412302
58.502337 48.732888 -15.448079 0.912549 0.402062 0.074837
61.864361 18.328037 12.950516 0.886584 0.132985 0.443039
54.831880 36.886835 15.459946 0.841908 0.332867 0.424724
57.573404 49.964708 -12.573950 0.890906 0.440865 0.109198
59.214716 47.204836 -17.276676 0.929736 0.368175 -0.006225
54.364062 54.521083 -5.773048 0.873210 0.461167 0.157575
55.801941 51.133394 -4.116635 0.855939 0.452033 0.251068
54.274145 56.511634 -11.347791 0.879695 0.457396 0.130095
51.441314 41.779855 19.215347 0.858706 0.316558 0.403008
52.619399 33.545022 22.258660 0.850230 0.284996 0.442590
51.110939 32.641335 25.488228 0.830232 0.252740 0.496828
48.992256 34.512725 27.798261 0.793266 0.288460 0.536209
53.818876 39.102745 15.778889 0.872081 0.342638 0.349391
52.039252 47.610730 11.954677 0.862061 0.400168 0.310993
54.904554 44.710112 7.844008 0.826632 0.403674 0.392080
53.675601 45.621920 9.728435 0.864130 0.369718 0.341449
48.050863 60.044846 6.446513 0.850821 0.423039 0.311676
47.604630 64.509715 -0.110239 0.844460 0.500447 0.190892
47.761661 62.405476 3.729076 0.845672 0.466435 0.259378
50.784112 59.170962 -1.522631 0.861341 0.457277 0.221337
53.855329 49.637797 4.279350 0.844896 0.440100 0.304076
51.452798 55.775063 2.156789 0.860643 0.426417 0.278320
50.100048 62.403264 -6.259419 0.855568 0.487837 0.173258
24.912973 36.181854 46.993364 0.443272 0.204023 0.872860
21.567910 33.687453 49.084252 0.383630 0.189698 0.903793
30.617830 40.511533 42.366915 0.525772 0.274557 0.805097
26.206066 40.856638 45.019085 0.485627 0.247487 0.838402
30.243507 35.734987 43.997045 0.488164 0.222299 0.843966
25.205248 47.583519 43.459275 0.484996 0.302618 0.820488
21.868413 44.831092 46.142918 0.408226 0.258488 0.875520
35.118780 31.556658 42.382646 0.499843 0.210019 0.840267
26.370430 21.747162 49.178299 0.423562 0.174836 0.888835
28.765648 27.023022 46.944907 0.462050 0.197163 0.864660
35.215480 34.733448 41.361532 0.532882 0.265703 0.803392
37.856550 32.379779 40.231373 0.592843 0.209239 0.777661
23.107675 24.892686 50.079208 0.347350 0.148083 0.925969
20.198753 47.709453 45.928116 0.370340 0.305413 0.877252
33.603386 45.224661 38.560897 0.560103 0.303228 0.770933
18.769310 53.211164 44.488465 0.390948 0.371156 0.842261
35.564919 40.870716 38.929026 0.554748 0.291793 0.779173
36.808711 22.128276 43.474039 0.543665 0.181870 0.819360
33.376477 22.803255 45.471224 0.473262 0.184839 0.861312
31.787826 18.732730 47.082278 0.470159 0.174354 0.865188
40.537387 22.160476 40.770561 0.619753 0.164556 0.767351
44.114628 11.277068 39.669026 0.646384 0.121500 0.753277
46.535629 13.015332 37.223114 0.686314 0.123974 0.716661
49.261138 6.565424 35.643836 0.721579 0.081476 0.687521
46.224549 5.664751 38.632222 0.661979 0.095726 0.743385
37.111774 14.720889 44.860225 0.524515 0.152666 0.837602
41.248592 5.101446 42.924961 0.626454 0.087568 0.774524
38.959763 11.916109 43.965197 0.626662 0.120060 0.769987
45.083432 20.671050 37.195911 0.669903 0.157770 0.725492
49.087667 17.765742 33.756427 0.743162 0.151505 0.651734
48.825674 12.409574 34.980390 0.733038 0.124052 0.668780
36.377380 2.525572 46.689780 0.546577 0.073274 0.834197
37.128696 7.411466 45.856842 0.577678 0.081436 0.812192
34.641580 6.634501 47.559099 0.477268 0.107169 0.872199
30.136134 7.919581 49.466008 0.420706 0.089295 0.902792
32.829184 4.437931 48.636869 0.447251 0.088003 0.890069
41.408599 -1.128160 43.550455 0.609900 0.081209 0.788306
46.249607 1.372547 39.026855 0.674493 0.075396 0.734422
28.348223 0.361508 51.246568 0.400224 0.067667 0.913916
47.528467 -5.365261 38.307619 0.720845 0.047579 0.691462
33.044178 -3.673352 49.192980 0.448979 0.057640 0.891681
39.237577 -7.978582 45.677133 0.581902 0.037444 0.812396
48.957809 -3.387929 36.557002 0.736759 0.026868 0.675622
42.549784 27.954603 37.578937 0.649746 0.210166 0.730521
43.413682 33.927284 34.868163 0.690140 0.251116 0.678710
46.264810 25.755144 34.617975 0.708472 0.207348 0.674592
48.157502 30.001380 30.997398 0.748702 0.252659 0.612869
47.978826 25.360972 32.790314 0.756951 0.201254 0.621709
50.022772 27.374912 29.431152 0.798521 0.220416 0.560162
50.208140 20.542338 31.593906 0.807098 0.175108 0.563853
51.987919 24.954360 27.445755 0.833307 0.211129 0.510906
54.976108 20.521499 24.303789 0.842158 0.174552 0.510197
59.648709 16.688254 17.602106 0.859189 0.156297 0.487201
58.787619 10.152331 20.888038 0.857691 0.142535 0.494014
53.489472 11.082977 29.517148 0.822537 0.150911 0.548324
56.327506 7.469099 25.940857 0.851914 0.144162 0.503448
52.176439 9.567837 31.679802 0.781375 0.116884 0.613018
54.642105 1.381096 29.757398 0.783940 0.088625 0.614478
51.540902 4.627356 33.267668 0.767376 0.073208 0.637005
51.268656 -0.130803 33.887996 0.743513 0.053544 0.666574
60.023773 11.060431 18.295202 0.885603 0.121057 0.448389
56.349422 3.183498 27.026105 0.843286 0.108351 0.526430
66.179647 -17.050582 5.600395 0.975273 -0.040884 0.217188
65.525474 -20.396929 8.336025 0.977992 -0.045824 0.203546
67.212647 -12.104669 1.550341 0.986185 -0.025705 0.163638
65.190801 -24.203098 8.700920 0.968629 -0.077967 0.235964
65.926423 -12.361470 8.048189 0.974682 -0.023169 0.222394
64.944954 -26.474570 8.723874 0.951070 -0.141186 0.274831
64.506222 -18.382073 12.521745 0.965768 -0.058101 0.252817
63.035431 -24.692661 14.757514 0.925549 -0.156188 0.344912
66.269316 -27.376209 2.222428 0.980871 -0.106003 0.163266
65.456775 -33.783915 -0.309912 0.966042 -0.207085 0.154526
63.094329 -37.636641 6.248424 0.939990 -0.225708 0.255880
65.490879 -29.523445 4.333587 0.954100 -0.206157 0.217238
64.021501 -30.287136 9.482857 0.935469 -0.199951 0.291407
62.414593 -34.131104 11.633156 0.923252 -0.207935 0.323060
61.548058 -35.505934 12.924448 0.914037 -0.242709 0.325006
60.435533 -31.888697 18.334964 0.917777 -0.186650 0.350495
59.838817 -27.307702 21.898374 0.904469 -0.170621 0.390928
63.284805 -12.622224 17.450726 0.925597 0.036241 0.376772
57.651635 -2.677865 25.933604 0.861941 0.097897 0.497467
60.612727 0.298019 20.004169 0.883750 0.098868 0.457396
60.218551 3.930043 20.100829 0.876325 0.120203 0.466482
53.627693 -4.423805 31.785001 0.740188 0.043498 0.670992
55.397629 -7.334645 29.753973 0.807484 0.059685 0.586863
55.789640 -2.985129 28.938580 0.817025 0.069381 0.572413
58.573481 -5.911938 24.909584 0.839414 0.092766 0.535518
61.782143 -7.400662 19.606698 0.892340 0.107639 0.438342
61.282259 -16.229313 22.028165 0.891552 -0.053664 0.449728
63.840375 -20.702018 14.056939 0.944091 -0.116944 0.308247
62.985762 -17.848500 17.874551 0.941219 -0.067315 0.331021
64.470143 -13.469601 13.826383 0.962649 -0.010545 0.270548
62.309747 -20.580433 18.636779 0.917382 -0.142462 0.371638
59.531036 -14.117894 24.935707 0.825990 0.076344 0.558492
58.585850 -16.859843 26.661910 0.813311 0.030499 0.581030
61.272640 -10.276111 21.479790 0.876406 0.086881 0.473670
60.838146 -22.507692 21.184107 0.908482 -0.140448 0.393617
58.060676 -20.189166 27.124920 0.852113 -0.089908 0.515577
54.899041 -10.064013 30.519987 0.756832 0.046901 0.651925
53.736666 -13.312118 32.011544 0.728045 0.024491 0.685092
56.327763 -17.423859 29.455152 0.737568 -0.004741 0.675257
63.250904 5.674598 13.344169 0.903868 0.105053 0.414712
59.030962 -26.590435 23.894237 0.869333 -0.145263 0.472398
56.972062 -22.545210 28.323038 0.800547 -0.107092 0.589624
55.629318 -25.882624 29.330160 0.777240 -0.154234 0.610008
57.107142 -27.995353 26.573507 0.819997 -0.190846 0.539613
57.201515 -36.895196 22.889663 0.849266 -0.228149 0.476125
66.953257 -2.702530 4.289210 0.970905 0.000377 0.239465
66.170926 5.648470 5.623010 0.949228 0.049269 0.310707
67.058876 5.088948 2.404227 0.974782 0.044908 0.218592
65.510928 9.266595 6.825955 0.941287 0.089281 0.325587
67.346632 13.828624 -1.457019 0.985821 0.075186 0.150015
67.096580 19.836583 -4.603957 0.978674 0.149226 0.141171
66.842634 13.079763 1.455704 0.959837 0.089016 0.266062
67.484360 19.298607 -9.234638 0.995343 0.088955 0.037140
64.346328 13.735713 8.584325 0.922333 0.117258 0.368173
62.869025 11.905982 12.426022 0.896098 0.111558 0.429609
-54.397243 48.041080 27.451303 -0.764826 0.318427 0.560040
-58.105481 45.763091 23.436580 -0.791452 0.350081 0.501046
-57.815512 43.299435 25.472586 -0.799957 0.301767 0.518658
-55.537738 41.065240 29.719488 -0.747440 0.275290 0.604607
-51.380043 46.763624 31.795344 -0.704928 0.301479 0.642018
-52.896084 48.063949 29.298522 -0.719505 0.270046 0.639834
-57.437485 49.491446 21.743354 -0.807238 0.349642 0.475517
-56.407737 49.305656 23.736136 -0.783413 0.372262 0.497679
-60.928170 45.675889 18.787620 -0.816937 0.339113 0.466495
-52.708862 49.438695 29.094767 -0.714198 0.404383 0.571310
-53.911554 49.974237 27.038675 -0.758896 0.392618 0.519546
-59.035292 51.465430 17.272413 -0.811286 0.398257 0.428026
-57.957208 40.640248 26.622319 -0.808888 0.234956 0.538977
-49.161263 49.877764 32.627964 -0.677158 0.335414 0.654947
-54.547116 37.674303 32.258311 -0.745469 0.218235 0.629801
-59.231389 32.977625 27.975401 -0.796093 0.221636 0.563128
-67.342207 33.439649 13.383715 -0.853724 0.208196 0.477295
-54.588640 29.909942 34.625841 -0.709404 0.207372 0.673604
-56.502782 31.445905 31.936198 -0.748715 0.221416 0.624820
-67.452975 37.460673 11.243530 -0.862502 0.252144 0.438763
-66.055511 24.547913 19.589780 -0.849955 0.185012 0.493302
-70.818822 22.124564 12.224603 -0.855181 0.193431 0.480884
-64.283305 31.971753 19.574871 -0.857001 0.197655 0.475901
-51.986750 38.782869 34.624371 -0.688143 0.247242 0.682151
-70.122852 27.772659 11.255923 -0.845253 0.207289 0.492523
-63.268861 40.072557 18.327185 -0.854182 0.244230 0.459047
-61.726490 34.233095 23.381266 -0.847505 0.200000 0.491666
-61.566853 38.980094 21.771739 -0.825284 0.237862 0.512179
-63.941971 24.763896 23.116867 -0.857114 0.178312 0.483281
-68.741395 38.140038 8.378869 -0.870774 0.277299 0.406027
-70.195760 32.798767 8.801420 -0.862500 0.238569 0.446294
-70.755084 38.597848 3.284182 -0.892479 0.304789 0.332543
-68.209598 41.893086 6.808879 -0.873293 0.327119 0.361045
-58.100332 58.441439 12.260652 -0.799994 0.454311 0.391932
-62.072647 49.548859 13.639868 -0.813347 0.394676 0.427431
-63.911936 45.469099 13.338079 -0.855205 0.303628 0.420041
-64.230314 48.932563 9.738584 -0.859401 0.358222 0.364839
-63.366121 53.825920 6.513975 -0.837272 0.408603 0.363343
-58.240338 26.666184 31.733689 -0.760694 0.205544 0.615708
-62.864919 19.379225 26.595956 -0.849908 0.119270 0.513256
-61.060014 24.112863 28.666380 -0.842591 0.181380 0.507091
-56.484176 23.744818 34.513724 -0.711959 0.151267 0.685735
-52.233721 28.152170 37.474454 -0.658923 0.172556 0.732151
-60.337072 21.812682 30.335529 -0.808631 0.107347 0.578439
-54.387391 16.943696 37.757863 -0.658043 0.132337 0.741260
-65.413885 18.455521 22.834714 -0.841506 0.139033 0.522051
-67.525570 16.408977 19.684020 -0.849978 0.146283 0.506102
-50.107952 22.473664 40.305686 -0.620314 0.143693 0.771079
-50.868772 15.468357 41.040541 -0.618563 0.110668 0.777902
-56.331677 16.424322 35.908669 -0.724054 0.079754 0.685117
-54.295416 12.599368 38.362449 -0.702775 0.082675 0.706591
-58.301523 17.204871 33.656964 -0.758719 0.101535 0.643457
-46.550665 17.636160 43.861644 -0.555929 0.140906 0.819200
-75.437048 27.435794 -2.304290 -0.960228 0.197067 0.197805
-75.502721 30.835217 -5.901868 -0.970068 0.215335 0.112249
-76.689912 25.056050 -7.118762 -0.971425 0.186977 0.146195
-74.949732 31.627110 -3.784065 -0.945127 0.250721 0.209463
-72.944339 33.716546 1.501690 -0.922385 0.255375 0.289811
-75.303611 24.790345 0.951371 -0.947608 0.193805 0.253928
-73.206296 38.254027 -4.630198 -0.931224 0.291798 0.218347
-73.850263 23.753066 5.765507 -0.917950 0.187203 0.349746
-74.597430 36.648205 -11.783874 -0.970590 0.235672 0.049137
-76.443403 29.197033 -12.742175 -0.975451 0.217679 0.033336
-72.552889 25.310045 7.862826 -0.877367 0.204894 0.433872
-73.017201 21.408978 8.365739 -0.889846 0.127923 0.437962
-71.094053 42.031180 -1.399431 -0.911723 0.311830 0.267436
-73.971263 39.485052 -12.879466 -0.955982 0.284475 0.071924
-73.318454 40.300071 -8.868026 -0.948227 0.290609 0.128110
-73.833128 40.325603 -15.809792 -0.966946 0.254325 0.018264
-71.615757 33.066039 5.387089 -0.894090 0.251211 0.370805
-68.820892 47.753445 -0.762002 -0.883000 0.355161 0.306874
-70.821303 46.466203 -6.142478 -0.923651 0.335330 0.185531
-71.168044 49.001999 -15.063823 -0.943948 0.315870 0.095850
-69.056481 51.121272 -7.355777 -0.893235 0.398010 0.209090
-67.375827 47.604142 3.034443 -0.866394 0.377022 0.327438
-68.652640 49.842115 -3.246039 -0.881305 0.407336 0.239539
-48.273892 82.701015 -15.400313 -0.643210 0.728100 0.236963
-53.503133 78.801198 -18.387034 -0.682077 0.697731 0.218956
-54.716647 75.117295 -9.197163 -0.671571 0.711037 0.208372
-48.929167 80.325467 -9.305147 -0.624063 0.749264 0.221694
-54.833415 77.996809 -20.212308 -0.730162 0.652064 0.204149
-43.652031 86.856496 -18.273273 -0.558138 0.786479 0.264448
-46.332215 85.921378 -20.325483 -0.586724 0.770672 0.248635
-51.330999 83.769834 -26.161174 -0.627376 0.747103 0.219629
-46.709749 84.761381 -17.752032 -0.553830 0.792422 0.255614
-43.182719 87.483135 -18.402573 -0.556050 0.790095 0.257988
-42.342481 89.337601 -26.548709 -0.327826 0.944712 -0.007077
-53.524530 81.886071 -26.510108 -0.698042 0.675773 0.236787
-42.934115 85.748462 -12.193376 -0.552689 0.797024 0.243491
-43.394014 86.230532 -15.043631 -0.531008 0.811672 0.243350
-45.427288 84.607193 -14.602457 -0.575975 0.777588 0.252210
-47.448645 86.706472 -25.867761 -0.568938 0.797110 0.202302
-44.461137 87.580912 -21.818908 -0.504705 0.840968 0.195054
-41.735145 88.980734 -20.431322 -0.485343 0.854307 0.186014
-44.286748 82.496708 -3.922698 -0.598888 0.777516 0.191838
-43.213378 85.196499 -12.094054 -0.589928 0.767766 0.250039
-41.545113 85.890038 -9.382155 -0.548106 0.800264 0.243223
-38.673344 88.446404 -12.521452 -0.494699 0.838940 0.226831
-39.176266 89.794866 -17.897082 -0.483645 0.839999 0.245945
-53.405883 82.533916 -29.219489 -0.682643 0.724216 0.097513
-53.585473 82.668908 -33.800926 -0.737446 0.669740 0.087302
-56.528180 79.777814 -30.985212 -0.726286 0.684439 0.063649
-56.595893 76.091073 -20.792340 -0.756498 0.621058 0.204934
-51.790787 84.307645 -30.908468 -0.710322 0.681792 0.174936
-50.197527 85.870091 -31.087301 -0.605975 0.771287 0.194708
-51.890930 85.483007 -34.109104 -0.646997 0.756459 0.095733
-47.614698 88.319265 -33.443303 -0.519222 0.837440 0.170592
-52.853049 84.247479 -33.693056 -0.833017 0.521759 0.183982
-53.767999 83.176911 -36.654047 -0.788556 0.611206 0.067871
-44.382688 88.470991 -26.241495 -0.416303 0.898565 0.138827
-40.621072 89.881782 -22.897407 -0.415518 0.908153 0.051017
-45.474859 89.071387 -31.856923 -0.256264 0.943167 0.211577
-43.741484 89.085789 -29.776449 -0.164184 0.984577 0.060437
-55.785524 80.588038 -35.209461 -0.774461 0.632393 0.017002
-48.198669 88.354554 -36.937068 -0.563092 0.823397 0.070317
-52.483472 75.040204 -2.467908 -0.657954 0.714974 0.236449
-60.017829 65.039810 -0.626831 -0.778724 0.538707 0.321533
-62.984192 59.837301 -0.200341 -0.840366 0.447792 0.305397
-56.840345 70.261779 -2.438444 -0.749746 0.593470 0.292704
-54.343985 73.103966 -2.304402 -0.707378 0.656842 0.261103
-56.765891 73.015152 -9.106551 -0.737170 0.637628 0.223632
-60.745558 68.364511 -9.812070 -0.795661 0.574518 0.191969
-55.461592 67.346539 5.722567 -0.760197 0.547581 0.349650
-60.791901 65.583011 -3.922624 -0.811564 0.523749 0.258942
-57.746761 73.105786 -13.566640 -0.749682 0.642368 0.159186
-46.757908 78.837885 1.749524 -0.639767 0.729654 0.241462
-63.829760 63.323329 -9.622338 -0.839514 0.503323 0.204654
-59.405027 63.085427 3.660869 -0.786750 0.497296 0.365679
-60.034052 72.365109 -24.631335 -0.836025 0.534112 0.125649
-63.481580 65.442577 -14.702866 -0.849893 0.517880 0.097371
-58.079709 74.665471 -22.533694 -0.802083 0.571920 0.171959
-60.294877 70.798869 -18.217343 -0.804592 0.581430 0.120707
-62.491908 68.887670 -27.066378 -0.861072 0.495510 0.114127
-64.242256 66.063543 -28.713965 -0.882808 0.464055 0.072823
-65.925193 62.029323 -20.547590 -0.890811 0.449409 0.066982
-50.672264 74.557130 3.376014 -0.681972 0.662764 0.309285
-52.498186 71.287867 5.599326 -0.724058 0.602140 0.336405
-64.354322 60.702607 -6.091224 -0.857782 0.448409 0.251275
-65.775004 54.701864 -1.581032 -0.871017 0.402489 0.281658
-66.354069 57.933140 -8.545599 -0.888149 0.401592 0.223416
-52.893407 68.390586 9.747460 -0.741255 0.562768 0.365832
-61.471273 57.671238 6.170856 -0.808357 0.459278 0.368269
-55.821605 61.570709 13.099146 -0.772542 0.507748 0.381275
-71.194300 49.808524 -19.037251 -0.957568 0.285629 0.038461
-65.548804 60.796055 -11.091838 -0.880392 0.454983 0.133795
-72.586270 45.233488 -23.372374 -0.969616 0.242546 0.031865
-68.014601 56.481202 -13.677479 -0.905596 0.407693 0.116969
-70.162477 50.642297 -11.899248 -0.919467 0.370211 0.132378
-70.261028 52.748162 -20.698864 -0.918798 0.389853 0.061837
-7.312138 80.678703 28.171400 -0.018612 0.786535 0.617265
-9.963116 82.950296 24.658547 -0.049187 0.831188 0.553812
-5.107916 85.420963 21.002437 -0.006816 0.840751 0.541380
-12.978685 78.005307 30.850460 -0.074331 0.758437 0.647494
-14.697552 82.008248 25.272695 -0.114190 0.805870 0.580977
-1.892449 88.725057 15.639105 0.006100 0.868053 0.496434
-11.247246 88.464332 15.868639 -0.028153 0.878084 0.477677
-18.794862 82.752160 23.201271 -0.173692 0.809119 0.561389
-13.039866 87.170512 17.919471 -0.091148 0.840516 0.534065
4.833969 87.410797 17.021169 0.130012 0.838498 0.529168
-7.845009 97.955936 -18.877200 -0.061136 0.991032 0.118821
-2.041754 98.026207 -18.220248 0.044976 0.991457 0.122438
0.361896 98.252268 -22.670924 0.088043 0.985267 0.146617
-5.014755 97.393133 -14.515540 -0.034364 0.986041 0.162917
-4.910136 98.666351 -25.165560 -0.017872 0.948495 0.316289
-1.821155 99.765476 -27.262028 0.074465 0.892686 0.444486
-2.896446 98.229588 -22.793037 -0.021947 0.991733 0.126426
-7.911946 98.240668 -23.199096 -0.020171 0.988616 0.149104
2.165194 98.435271 -25.265280 0.114374 0.980485 0.159898
-0.323469 99.356417 -26.268592 0.110373 0.958670 0.262241
-11.090347 98.048872 -22.606774 -0.066901 0.989983 0.124327
-7.795291 99.075195 -25.813653 -0.029967 0.869499 0.493026
-7.008596 96.553784 -9.870718 -0.023627 0.976598 0.213770
-22.425750 95.595466 -14.037514 -0.197774 0.963726 0.179213
-21.846624 96.382577 -18.108208 -0.177435 0.979809 0.092142
-15.851734 96.340956 -12.378994 -0.096903 0.986641 0.130958
-25.132226 94.541342 -12.668234 -0.290178 0.930111 0.225145
-14.087214 98.697928 -26.117469 -0.189412 0.885945 0.423350
-14.241511 98.062476 -24.088789 -0.158677 0.966881 0.199908
-18.653312 96.906937 -24.903638 -0.198110 0.971843 0.127569
-15.098505 97.625847 -22.105329 -0.135161 0.982936 0.124775
-12.265399 96.999037 -16.155894 -0.087502 0.986053 0.141573
-17.858104 97.018769 -20.212739 -0.117428 0.989932 0.079033
-10.176110 96.411687 -10.502876 -0.070168 0.985164 0.156617
-10.174638 98.506207 -25.026868 -0.065246 0.962574 0.263046
-16.225892 95.886841 -9.810109 -0.142955 0.964809 0.220699
-7.110955 95.337470 -5.049240 -0.057296 0.969769 0.237202
-13.970005 95.401459 -7.165785 -0.094540 0.965316 0.243368
-13.061611 93.516433 0.608291 -0.090516 0.963607 0.251532
-21.928454 94.923568 -10.643497 -0.228417 0.943186 0.241300
-19.140871 93.645171 -3.236948 -0.206700 0.946774 0.246767
-16.750149 92.674487 1.959034 -0.148001 0.954430 0.259151
-9.415916 90.695984 11.329526 -0.047961 0.930731 0.362546
-13.528830 90.151442 11.675162 -0.129754 0.918384 0.373810
-14.641906 90.963388 9.087264 -0.134315 0.945785 0.295721
-20.081088 88.733969 12.447828 -0.182925 0.916120 0.356738
-21.264185 83.792680 20.702458 -0.231828 0.829569 0.508006
-21.843476 87.439492 14.344762 -0.244108 0.856104 0.455519
-22.681863 88.390147 11.591676 -0.282845 0.894578 0.346017
-26.129578 85.267511 15.648819 -0.293801 0.823503 0.485308
-14.800468 88.591022 14.860698 -0.136471 0.889740 0.435590
-28.245608 82.783944 18.305397 -0.348578 0.783274 0.514757
-21.585862 90.738224 5.759827 -0.225079 0.935019 0.274004
-30.330464 85.265195 12.725115 -0.338842 0.838587 0.426564
-18.206531 86.734628 17.028855 -0.175154 0.845313 0.504745
-23.602408 82.272100 21.998064 -0.277685 0.780865 0.559590
-29.311693 78.485838 23.645627 -0.375750 0.736974 0.561855
-27.818823 74.087703 29.909837 -0.376093 0.666415 0.643774
-29.936627 75.365370 27.076160 -0.381014 0.711537 0.590376
-34.154089 80.824567 17.117478 -0.416533 0.734721 0.535431
-23.931138 78.677171 26.578512 -0.295549 0.742643 0.600942
-17.296873 77.433044 30.657351 -0.197608 0.758733 0.620705
-34.968239 74.117852 24.950455 -0.439773 0.685342 0.580436
-7.111747 93.680250 1.735335 -0.043437 0.964213 0.261547
-9.196775 92.444326 5.861546 -0.061876 0.957612 0.281339
-47.363462 73.697144 11.577353 -0.674596 0.645896 0.357405
-43.292571 82.305177 0.213481 -0.609212 0.758596 0.231067
-17.584640 74.309630 33.992043 -0.235659 0.688258 0.686124
-24.193142 74.816656 30.928872 -0.274680 0.703561 0.655403
-23.920866 70.434403 35.365969 -0.313548 0.645854 0.696104
-44.558855 78.813557 6.757477 -0.628304 0.713030 0.311163
-43.232018 77.744921 11.389104 -0.607322 0.693276 0.387980
-39.372139 82.341259 8.272300 -0.558660 0.760920 0.330000
-50.912500 67.241938 15.160579 -0.734137 0.539196 0.412687
-43.838208 84.295606 -9.865323 -0.563778 0.794134 0.226949
-35.170355 90.340220 -12.542073 -0.414443 0.880974 0.228304
-36.050635 88.010228 -4.601525 -0.452263 0.870005 0.196341
-30.774000 90.400116 -4.810725 -0.366136 0.904387 0.219153
-33.826853 89.311638 -5.271076 -0.391845 0.894343 0.215890
-39.060082 86.906526 -7.529198 -0.522657 0.827421 0.205436
-43.126901 83.988378 -6.645539 -0.559001 0.804361 0.201296
-39.882061 85.989395 -6.813790 -0.561565 0.804685 0.192681
-40.247860 83.859537 2.778295 -0.570183 0.781452 0.253424
-34.594846 87.072390 3.011349 -0.381629 0.895937 0.227281
-37.460296 85.389654 3.714919 -0.493154 0.826621 0.271103
-37.372043 86.755342 -1.612492 -0.490335 0.850490 0.190365
-31.942050 86.915230 7.151320 -0.344947 0.893102 0.288758
-27.262492 89.956339 2.592391 -0.313720 0.915790 0.250818
-34.970498 85.076495 8.406809 -0.442457 0.827905 0.344680
-26.728565 89.059667 6.056604 -0.293542 0.904730 0.308702
-40.541769 85.090417 -3.171270 -0.552367 0.817317 0.163960
-26.750668 91.666389 -3.432768 -0.296963 0.927442 0.227297
-49.311946 66.399502 18.221187 -0.694699 0.559425 0.452147
-55.903882 59.510135 15.778641 -0.764447 0.470205 0.441053
-52.724834 63.728550 16.250828 -0.760968 0.514966 0.394637
-47.608700 70.612128 16.109835 -0.644204 0.626737 0.438409
-47.641956 67.452217 19.876939 -0.652193 0.569879 0.499882
-43.456110 68.280241 23.944053 -0.589467 0.593686 0.547782
-50.948353 64.570936 18.426489 -0.716575 0.519900 0.465000
-51.429301 59.055761 23.472672 -0.723085 0.454052 0.520562
-49.098180 70.122241 14.332646 -0.703360 0.585991 0.402367
-47.577880 64.196849 23.515250 -0.664677 0.538360 0.518047
-55.850503 59.880017 15.015557 -0.793380 0.476094 0.379318
-41.541018 76.149047 16.374766 -0.578105 0.672672 0.461852
-40.045524 72.630584 22.502768 -0.522848 0.651386 0.549841
-38.284787 63.347258 33.402661 -0.459883 0.581698 0.670921
-41.191100 66.726451 27.772092 -0.542274 0.593189 0.595035
-44.428325 71.134457 19.610429 -0.596650 0.624748 0.503685
-38.257465 77.701687 17.757348 -0.484827 0.698334 0.526566
-38.338397 70.180818 26.654546 -0.481497 0.629752 0.609568
-44.460271 65.045440 26.140355 -0.599600 0.572242 0.559481
-33.754535 69.597985 30.698487 -0.438842 0.637221 0.633536
-43.805301 63.375842 28.187177 -0.566810 0.570626 0.594233
-37.579418 81.505032 12.809045 -0.521810 0.742654 0.419738
-34.347284 82.936762 13.599027 -0.395479 0.800785 0.449823
-30.707298 86.256013 10.174719 -0.318452 0.882866 0.345161
-35.002816 92.389572 -20.151620 -0.398823 0.914833 0.063415
-28.192312 93.591728 -13.481230 -0.353291 0.904589 0.238546
-31.687085 93.429786 -17.504715 -0.368727 0.904295 0.215153
-26.871041 93.013766 -8.667964 -0.362379 0.905337 0.221463
-25.085166 95.372588 -16.997944 -0.266571 0.950664 0.158676
-25.994319 95.274169 -16.967440 -0.275414 0.942905 0.187288
-35.840862 91.744366 -18.708426 -0.441429 0.875559 0.196307
-26.851105 92.542758 -7.765712 -0.294999 0.923291 0.245985
-24.019563 93.301331 -6.992994 -0.275308 0.929426 0.245709
-19.231414 69.711819 37.772232 -0.237180 0.625872 0.742987
-20.391923 63.959999 41.713910 -0.246308 0.541667 0.803697
-31.569155 67.364783 34.168809 -0.387719 0.605562 0.694959
-24.673339 66.974241 37.960379 -0.322940 0.582589 0.745855
-16.414728 68.994583 39.071929 -0.181061 0.607023 0.773783
-26.721856 62.541693 40.323026 -0.332603 0.524310 0.783884
-13.126766 68.580869 40.065017 -0.089131 0.636239 0.766326
-14.171577 73.632314 35.519110 -0.118154 0.692924 0.711264
-41.313963 62.034371 32.179209 -0.546691 0.544747 0.635909
-30.787848 63.239106 37.830554 -0.399908 0.543899 0.737731
-49.397425 50.857495 32.057032 -0.681671 0.357567 0.638334
-45.971253 49.669582 35.981505 -0.664197 0.334746 0.668422
-47.837284 52.158574 32.477399 -0.649949 0.366011 0.666035
-48.823711 60.621731 25.446368 -0.671320 0.491675 0.554603
-46.665400 54.640037 32.587198 -0.569542 0.369476 0.734241
-46.404565 57.289282 31.073030 -0.690752 0.433480 0.578754
-45.980882 55.116407 32.611797 -0.643180 0.418345 0.641332
-44.860638 53.015822 35.382454 -0.650478 0.398668 0.646485
-47.348228 46.150578 36.266665 -0.645681 0.278876 0.710862
-48.174706 39.181607 37.913182 -0.606607 0.225476 0.762357
-43.697097 45.862061 39.297996 -0.558396 0.258948 0.788125
-57.290031 56.806485 15.479248 -0.810849 0.437091 0.389199
-53.793448 56.593461 21.985802 -0.772275 0.412136 0.483462
-56.911682 57.079395 16.146811 -0.808442 0.408926 0.423321
-58.081408 51.888655 19.004493 -0.797606 0.393689 0.456983
-44.541687 62.406825 28.846617 -0.616258 0.543745 0.569709
-38.759980 59.835482 35.630766 -0.450780 0.488293 0.747240
-42.366234 57.497010 34.727599 -0.569337 0.459556 0.681662
-40.429244 55.489301 37.271476 -0.458195 0.422754 0.781880
1.120811 96.357028 -37.598307 0.438484 0.722118 -0.535049
0.116663 98.716343 -34.845724 0.464947 0.782628 -0.413905
-5.979348 100.985173 -28.837563 0.063080 0.930828 0.359973
-9.255669 101.171661 -29.414519 -0.062291 0.952056 0.299514
-6.453830 101.474973 -31.105223 0.087808 0.987858 0.128167
-5.440618 101.457106 -32.754744 0.246237 0.968956 -0.022180
-3.042372 100.669217 -29.223780 0.184064 0.969002 0.164791
2.199347 99.330601 -30.523458 0.384155 0.921685 -0.054047
-1.265015 100.408440 -31.178766 0.271733 0.960606 -0.058284
-7.424922 100.043743 -27.071570 -0.015808 0.848130 0.529552
4.326372 98.087553 -28.589259 0.468983 0.879747 -0.078103
3.084808 98.542665 -27.837504 0.277961 0.956052 0.093289
-0.110279 100.072435 -29.415230 0.271984 0.947033 0.170745
-13.216795 101.079363 -30.896501 -0.181475 0.947730 0.262440
-12.803932 99.873681 -27.623826 -0.133483 0.874046 0.467147
15.960550 93.910521 -14.205495 0.323608 0.936310 0.136387
7.377318 96.620957 -16.967880 0.196804 0.965680 0.169500
5.149038 97.533263 -20.582751 0.095649 0.982949 0.157045
4.117905 98.562607 -25.697034 0.104588 0.991076 0.082638
6.250284 97.941619 -27.051888 0.293746 0.933928 -0.203695
-41.046021 98.048951 -82.558399 -0.199067 0.968672 -0.148483
-36.634681 99.095523 -82.823705 -0.263052 0.959960 0.096340
-39.340256 98.230601 -83.951382 -0.315400 0.947089 -0.059547
-35.197930 100.307586 -84.691078 -0.426646 0.827585 0.364795
-38.253844 98.904547 -85.769754 -0.490076 0.850330 0.191738
-32.739471 100.374843 -109.507948 -0.703000 0.706587 -0.080778
-35.536285 97.594012 -108.614675 -0.679000 0.733239 -0.036322
-29.517961 103.891929 -106.522174 -0.719654 0.691620 0.061316
-31.137212 101.076811 -103.359093 -0.721571 0.689407 0.063671
-35.161291 97.752894 -104.331704 -0.606065 0.794636 -0.035208
-32.293628 100.093178 -102.610304 -0.596233 0.752411 -0.279969
-33.903388 99.066347 -106.659438 -0.709877 0.698615 0.089510
-34.977222 98.496189 -102.116624 -0.461323 0.694068 -0.552676
-33.901086 97.911578 -116.251038 -0.655941 0.734346 -0.174576
-36.346839 96.111432 -114.630262 -0.676120 0.723745 -0.138037
-37.806935 95.726709 -108.456204 -0.619470 0.777962 -0.105029
-36.924762 96.881731 -103.195041 -0.480487 0.832669 -0.275307
-38.188034 99.590110 -98.270526 -0.548323 0.700267 -0.457130
-40.625301 97.558573 -98.677913 -0.496417 0.785230 -0.370113
-39.507563 96.799185 -101.114038 -0.415228 0.778660 -0.470397
-42.226338 94.178634 -103.779100 -0.427683 0.821625 -0.376854
-39.393237 95.500299 -103.557166 -0.422634 0.850270 -0.313722
-37.039932 98.584598 -100.615712 -0.455069 0.694135 -0.557754
-41.370250 97.974033 -95.248621 -0.646958 0.758718 -0.076101
-40.493245 98.360333 -97.007168 -0.603781 0.752002 -0.264465
-38.041997 101.145475 -94.222273 -0.672266 0.740086 -0.018175
-37.595825 101.086934 -96.582066 -0.638647 0.724845 -0.258319
-35.570454 103.333466 -93.775594 -0.644562 0.761291 0.070535
-36.134171 102.714857 -95.547260 -0.644324 0.733388 -0.216769
-43.297815 96.082131 -97.739574 -0.591534 0.777664 -0.212898
-44.936357 95.165819 -94.928546 -0.607239 0.786390 -0.113366
-34.402410 101.154346 -100.187955 -0.410927 0.637931 -0.651294
-35.749206 101.501595 -98.746034 -0.550536 0.667050 -0.501950
-40.488006 98.627744 -90.678071 -0.645658 0.755849 0.108708
-42.140122 97.323161 -91.925959 -0.610248 0.792201 0.003724
-36.578731 101.795819 -90.505232 -0.594835 0.766335 0.242698
-36.622217 100.634470 -87.572948 -0.562356 0.767120 0.308680
-26.542326 106.605483 -104.396580 -0.661606 0.749455 0.024399
-28.035050 104.895423 -103.592713 -0.737187 0.665592 0.116372
-32.358938 104.751410 -89.821541 -0.581302 0.748273 0.319649
-37.848069 93.175739 -120.746511 -0.685559 0.706755 -0.174661
-41.516391 92.507710 -109.778430 -0.591889 0.768806 -0.242084
-41.243542 93.727241 -106.364528 -0.487013 0.832720 -0.263430
-44.458193 93.449051 -102.520859 -0.583070 0.741239 -0.332559
-39.343613 94.796025 -106.899726 -0.545569 0.821898 -0.163823
-28.172272 92.771796 -36.349770 -0.323894 0.811559 -0.486276
-23.890771 96.334982 -34.610113 -0.532792 0.718201 -0.447571
-26.090906 96.451153 -32.083982 -0.471646 0.812720 -0.342105
-28.275423 95.342899 -27.841605 -0.391512 0.917993 0.063295
-31.890381 93.550196 -23.878048 -0.405854 0.913629 0.023761
-30.736071 94.563534 -28.803157 -0.380885 0.924459 -0.017396
-32.352938 93.788437 -28.418275 -0.472386 0.881387 0.002926
-26.602146 95.517593 -23.269494 -0.231285 0.968519 0.092074
-28.670681 95.163293 -24.730381 -0.345293 0.937297 0.047404
-25.876973 96.792353 -30.528100 -0.439041 0.898467 -0.000598
-21.443009 98.520684 -30.434804 -0.312637 0.925092 0.215554
-20.871179 98.927046 -32.457576 -0.425466 0.904847 -0.015211
-25.330248 94.397840 -36.041199 -0.456058 0.740107 -0.494220
-29.330557 93.765395 -33.566354 -0.383111 0.830072 -0.405223
-29.346594 94.587402 -22.227362 -0.268928 0.961629 0.054295
-29.200030 94.895754 -30.767738 -0.428138 0.886314 -0.176481
-34.388527 92.475245 -26.847199 -0.507203 0.861012 -0.037469
-28.250692 95.100694 -20.533468 -0.315914 0.946391 0.067402
-26.308530 95.227922 -19.490718 -0.231360 0.971352 0.054299
-35.513978 91.458857 -30.489942 -0.579011 0.815172 -0.015508
-36.187866 91.181291 -32.298421 -0.538779 0.749191 0.385267
-35.907661 91.605891 -33.674449 -0.333245 0.942256 -0.033198
-24.710350 97.129712 -28.620672 -0.304413 0.929682 0.207421
-34.956150 91.666633 -29.801740 -0.582819 0.811282 -0.046296
-33.685839 92.852752 -30.573371 -0.540835 0.840877 -0.020581
-32.981166 92.892958 -32.423137 -0.325320 0.906695 -0.268459
-32.209405 93.650579 -22.878230 -0.370362 0.928874 0.004933
-36.593225 90.171314 -31.843500 -0.363316 0.887306 0.284058
-25.628624 96.122465 -25.972298 -0.261769 0.951128 0.163808
-22.091514 96.422141 -23.353876 -0.159519 0.986230 0.043625
-33.545279 91.605717 -35.997083 -0.126406 0.967814 -0.217619
-21.649098 98.244028 -33.988605 -0.571589 0.788254 -0.227907
-22.434374 96.853077 -35.876800 -0.699519 0.642177 -0.313499
-30.354492 91.766108 -37.086870 -0.200702 0.904682 -0.375858
-21.979591 96.818258 -26.061680 -0.162163 0.957350 0.239131
-30.934951 91.016280 -39.290466 0.013997 0.980652 -0.195257
-20.712800 97.813696 -28.116563 -0.237518 0.894302 0.379222
-23.122414 94.296593 -38.642167 -0.677569 0.603827 -0.419872
-32.008705 90.698513 -44.782825 0.287220 0.927778 -0.238188
-29.890771 90.396387 -42.332787 0.161709 0.970239 -0.180242
-29.146652 89.358921 -46.204806 0.132478 0.957343 -0.256796
-35.888004 92.033847 -44.489629 0.213112 0.976207 -0.040039
-26.311019 91.539222 -39.292902 -0.307262 0.824036 -0.475977
-37.552193 92.194278 -42.562059 0.125531 0.982628 0.136690
-27.912705 90.594904 -40.830516 -0.058014 0.950622 -0.304880
-24.994037 90.426609 -42.474769 -0.276352 0.900898 -0.334681
-26.975667 89.418578 -45.106932 -0.022196 0.971616 -0.235519
-25.653277 89.337816 -46.498154 -0.215780 0.968576 -0.123693
-32.398633 90.978416 -41.025453 0.213363 0.976743 -0.021184
-34.194135 91.151662 -39.416931 0.094390 0.995158 0.027404
-21.309800 96.406253 -39.531901 -0.791233 0.528323 -0.307936
-24.351585 89.895588 -44.853250 -0.369333 0.911814 -0.179412
-23.694980 91.643380 -41.404702 -0.557291 0.702735 -0.442255
-28.520896 88.320060 -49.557939 -0.146850 0.982358 0.115789
-22.827541 91.088158 -44.431922 -0.653436 0.724592 -0.219061
-21.949567 92.724035 -43.045126 -0.801043 0.508541 -0.315780
-21.427966 92.491708 -45.807193 -0.831146 0.552504 -0.062734
-42.053429 89.356289 -32.268611 -0.102608 0.960670 0.258038
-36.249069 91.268473 -36.342956 -0.094065 0.994948 -0.035087
-36.834582 91.303759 -38.553873 0.059659 0.985874 0.156506
-34.576236 92.627450 -24.189764 -0.409048 0.910915 -0.053975
-39.042533 90.844906 -34.456248 -0.146733 0.978275 0.146447
-43.650450 90.172916 -34.051848 -0.140178 0.946195 0.291659
-39.359224 91.085016 -36.993760 -0.060343 0.983979 0.167763
-40.189721 89.916108 -27.946721 -0.306222 0.925292 -0.223747
-41.423728 89.283687 -29.628155 -0.144798 0.988091 -0.052051
-45.429124 89.743408 -34.317428 -0.407870 0.905691 0.115611
-38.946564 90.286508 -33.010504 -0.212404 0.874285 0.436476
-36.801342 91.310243 -24.369153 -0.391114 0.917136 -0.076757
-38.436771 89.576441 -30.909094 -0.301551 0.945073 -0.126110
-42.834225 90.745644 -37.254122 -0.202960 0.962523 0.179877
-39.059390 90.657838 -26.579896 -0.329242 0.943860 -0.026992
-35.772355 91.498404 -28.039640 -0.416294 0.897096 -0.148046
-37.870997 90.761709 -27.573608 -0.287536 0.952649 -0.098905
-57.730660 78.876546 -57.058399 -0.558606 0.678865 0.476552
-54.558073 80.471807 -56.095826 -0.522249 0.745319 0.414434
-52.162772 81.729227 -54.697355 -0.608020 0.759421 0.231498
-51.990816 83.799480 -58.497890 -0.445617 0.705061 0.551647
-50.290600 84.072897 -57.190050 -0.522240 0.780401 0.343860
-56.277905 80.561772 -58.118825 -0.457237 0.654424 0.602215
-55.621484 81.809106 -59.000053 -0.450977 0.637688 0.624479
-53.909982 83.945799 -59.603007 -0.380948 0.557824 0.737367
-58.348544 76.479157 -54.133621 -0.640842 0.660665 0.390952
-53.830300 79.809775 -52.194094 -0.675492 0.733953 0.070876
-49.098343 84.464202 -55.160161 -0.601257 0.797089 0.056026
-51.937997 81.726365 -51.029575 -0.735651 0.662180 -0.142600
-49.433760 84.152928 -53.097322 -0.703096 0.708072 -0.065502
-61.653661 74.255443 -55.644676 -0.619065 0.660871 0.424273
-55.558121 78.852777 -53.976944 -0.595179 0.742771 0.306681
-55.251330 78.408962 -49.573990 -0.739674 0.669448 -0.068716
-56.719041 77.239169 -52.191445 -0.710698 0.675268 0.197286
-57.057287 76.296804 -49.967041 -0.800195 0.596501 0.062245
-57.126798 76.496659 -47.603386 -0.828507 0.535569 -0.163531
-59.279682 73.296819 -45.582296 -0.871775 0.480099 -0.097538
-58.602769 73.862077 -48.640772 -0.819852 0.572550 0.005408
-46.393306 86.481890 -58.659259 -0.380361 0.832582 0.402656
-44.842042 86.806975 -55.009819 -0.444327 0.869541 -0.215572
-46.077710 86.095439 -56.345808 -0.442909 0.896471 0.013098
-42.981268 87.483111 -56.898596 -0.384906 0.916586 0.108246
-34.698910 89.451377 -54.304393 -0.093592 0.979862 0.176383
-37.353723 89.146931 -53.911199 -0.118267 0.990717 -0.067031
-36.415648 89.319325 -55.905917 -0.260273 0.950088 0.172023
-42.908191 89.248284 -50.559243 -0.224181 0.884035 -0.410152
-38.922399 89.364040 -51.676240 -0.073024 0.958114 -0.276922
-36.058275 89.324769 -51.593468 0.046852 0.993820 -0.100635
-40.149506 90.187778 -49.572833 -0.060749 0.879405 -0.472183
-33.756176 89.396214 -49.506745 0.223659 0.925192 -0.306589
-45.130002 88.073835 -51.142614 -0.434193 0.815417 -0.382846
-42.915559 87.973467 -53.854527 -0.333813 0.904123 -0.266704
-40.470180 88.514286 -54.343019 -0.214541 0.965851 -0.145274
-41.334653 91.877408 -46.684939 -0.103042 0.882728 -0.458447
-37.689514 90.036861 -49.761993 0.093419 0.907182 -0.410236
-49.893798 85.580713 -59.366750 -0.290140 0.710127 0.641513
-32.459314 89.068094 -51.717465 0.066264 0.990827 0.117776
-44.314476 91.069918 -46.392009 -0.358925 0.848650 -0.388544
-37.918032 91.840400 -46.342842 0.142636 0.916371 -0.374058
-40.319238 92.269166 -45.684053 -0.021174 0.976663 -0.213732
-41.635413 88.147471 -57.696225 -0.284467 0.936995 0.202777
-47.841762 85.472380 -57.572626 -0.411401 0.868357 0.276957
-34.896658 90.325895 -57.058385 -0.269103 0.859376 0.434806
-29.888784 89.462176 -52.645685 -0.170711 0.910613 0.376354
-43.219450 92.060795 -44.810540 -0.253007 0.960217 -0.118199
-29.768917 88.407968 -49.073526 0.218607 0.947186 -0.234629
-47.509767 85.888581 -52.712238 -0.584656 0.781539 -0.217657
-47.396500 87.194813 -60.162418 -0.294971 0.686527 0.664584
-46.985111 87.493399 -49.862057 -0.592401 0.714312 -0.372585
-34.973612 91.382599 -45.659428 0.267207 0.895063 -0.357019
-44.743689 91.426451 -43.306199 -0.423838 0.900264 0.099427
-42.902652 91.952133 -42.355769 -0.203400 0.962758 0.178115
-39.751577 92.173891 -41.609645 -0.042997 0.975971 0.213616
-40.172461 92.512763 -43.896784 -0.001559 0.999905 -0.013714
-46.310333 90.234569 -45.933288 -0.511386 0.795996 -0.323844
-45.123894 90.087973 -38.023535 -0.369803 0.917934 0.143673
-49.922993 87.082758 -38.655237 -0.649252 0.759013 0.048695
-50.995569 86.361069 -42.970648 -0.722502 0.691049 -0.021027
-52.807633 84.472554 -37.915785 -0.721468 0.692427 0.005316
-46.924204 89.376569 -39.034309 -0.516149 0.846670 0.129385
-47.280219 90.033198 -43.550659 -0.624373 0.780278 0.036390
-50.209197 86.943486 -44.841005 -0.734230 0.654665 -0.179778
-53.531379 83.096848 -44.097362 -0.781072 0.592014 -0.198609
-54.792364 82.183843 -40.882123 -0.795821 0.604141 -0.041025
-48.195748 88.828495 -45.580989 -0.658075 0.681308 -0.320557
-49.075004 85.613523 -49.574844 -0.673549 0.653708 -0.344961
-53.056702 83.024900 -46.001568 -0.762946 0.561868 -0.319716
-57.145122 78.469498 -42.153631 -0.865314 0.489841 -0.106244
-56.500614 78.951298 -43.911264 -0.799429 0.560815 -0.215405
-54.763570 79.794549 -47.050004 -0.770876 0.579123 -0.265269
-50.573892 83.660927 -50.163573 -0.732848 0.614087 -0.292970
-50.584984 85.541805 -46.921255 -0.715864 0.621647 -0.317953
-17.577470 99.959872 -30.826590 -0.280217 0.929696 0.239048
-16.421992 99.756420 -29.191020 -0.248795 0.872467 0.420598
-9.379120 102.003173 -33.925420 0.067659 0.988738 0.133488
-18.222110 97.572594 -26.528856 -0.229887 0.874506 0.427072
-18.831358 98.100434 -44.934016 -0.932326 0.361433 -0.011580
-17.991420 99.861219 -44.089683 -0.816490 0.537723 0.210233
-19.858285 98.607680 -38.527729 -0.686864 0.700202 -0.194769
-19.329872 98.077545 -42.403241 -0.824295 0.522461 -0.218111
-20.117496 95.370488 -44.298786 -0.875445 0.442414 -0.194589
-0.630900 95.039527 -40.878910 0.628166 0.644111 -0.436495
-1.479331 97.835144 -38.508846 0.577687 0.685791 -0.442683
2.857254 94.309499 -39.207826 0.245707 0.799395 -0.548266
-18.994881 98.257566 -47.933943 -0.942365 0.284821 0.175568
-20.418094 95.858368 -50.316887 -0.849577 0.390468 0.354616
-22.006430 92.018145 -48.344427 -0.798927 0.557986 0.224425
-20.584012 96.629537 -51.163192 -0.705528 0.258266 0.659946
-19.717755 95.645531 -46.220536 -0.905834 0.422057 0.036497
-20.044808 95.490245 -48.304007 -0.891262 0.418725 0.174132
-22.848594 92.463904 -50.375082 -0.662578 0.517630 0.541341
-23.202937 90.501664 -46.900054 -0.606566 0.792962 0.057350
-18.460687 102.438947 -49.785843 -0.740882 0.466565 0.483126
-18.215938 100.973045 -47.739390 -0.911610 0.357566 0.202764
-19.005849 99.820648 -48.937835 -0.862270 0.208602 0.461493
-17.593793 103.111067 -50.778353 -0.319606 0.789984 0.523237
-16.585369 103.067800 -49.456255 -0.846813 0.498029 0.186750
-16.627742 103.180964 -50.338277 -0.532947 0.835659 0.132818
-16.945133 101.927635 -49.079385 -0.316790 0.937179 0.146082
-16.608075 101.166817 -43.073372 -0.651428 0.751509 0.104285
-17.500747 102.436614 -48.517890 -0.571520 0.806726 0.150196
-17.329156 102.694458 -47.259854 -0.842520 0.511803 0.167980
-23.707250 102.652751 -56.217017 -0.769451 0.362559 0.525828
-26.265491 99.665508 -57.963301 -0.744275 0.399361 0.535318
-23.766431 99.171088 -54.496575 -0.678985 0.277901 0.679523
-23.794240 94.012893 -52.629114 -0.633394 0.356617 0.686757
-18.073596 103.191783 -50.465561 0.105331 0.909455 0.402239
-19.827794 102.541422 -51.659326 -0.720284 0.382244 0.578862
-21.731391 102.789330 -53.978622 -0.707847 0.296300 0.641217
-21.018067 100.218594 -52.279457 -0.752262 0.185777 0.632130
-26.684905 97.057651 -56.704552 -0.692257 0.351775 0.630107
-26.162402 94.285684 -55.044457 -0.649067 0.328594 0.686104
-18.395242 103.266300 -52.361416 0.549734 0.835232 -0.013451
-18.644319 103.446934 -51.324644 -0.468923 0.766133 0.439490
-19.196461 103.788168 -52.701655 -0.243600 0.798119 0.551058
-20.241877 104.125414 -53.303253 -0.498733 0.310557 0.809209
-22.096836 105.639008 -55.952748 -0.805934 0.260599 0.531562
-18.759916 104.235958 -52.971985 -0.222744 0.072873 0.972149
-28.167947 98.783266 -59.625114 -0.651769 0.493566 0.575839
-24.117346 90.576281 -49.837390 -0.577581 0.686852 0.441174
-25.696213 89.250695 -49.170148 -0.426728 0.880704 0.205582
-26.299907 92.241892 -53.800559 -0.577906 0.562652 0.591141
-27.899803 92.040661 -55.137527 -0.489364 0.562172 0.666697
-28.528342 95.152940 -57.509907 -0.556950 0.451643 0.697012
-33.813719 93.436493 -60.078278 -0.462824 0.552982 0.692824
-27.211146 89.918518 -51.801721 -0.405711 0.767620 0.496144
-30.200438 90.770287 -55.210030 -0.348959 0.746525 0.566505
-53.313001 88.271569 -94.872671 -0.603965 0.734353 -0.309761
-50.292608 92.296764 -89.889156 -0.534392 0.776441 -0.334013
-50.312013 90.838964 -93.878061 -0.597323 0.758871 -0.259461
-50.484774 95.494747 -79.219014 -0.480419 0.870145 -0.109747
-48.714473 95.136405 -86.653113 -0.459748 0.866455 -0.194650
-51.109393 94.007891 -84.925016 -0.490591 0.832013 -0.258987
-46.444847 96.609193 -84.185737 -0.267234 0.937367 -0.223448
-41.276474 97.339368 -86.692342 -0.353914 0.935278 -0.000533
-48.658758 92.000324 -94.791843 -0.657036 0.730927 -0.184525
-51.171694 88.552836 -98.562061 -0.674966 0.689158 -0.263595
-54.301180 89.074490 -89.228590 -0.605594 0.714249 -0.350861
-54.590976 90.515142 -87.392908 -0.581320 0.680121 -0.446658
-53.098785 91.448557 -88.709775 -0.501676 0.785020 -0.363407
-41.716254 97.359283 -88.922521 -0.523079 0.839687 0.145998
-46.982389 94.355816 -91.380248 -0.575279 0.784147 -0.232740
-48.565531 94.553150 -88.116690 -0.548906 0.767387 -0.331391
-46.126256 95.802466 -88.131762 -0.379404 0.897281 -0.225700
-56.869808 90.623011 -84.666863 -0.560006 0.775539 -0.291431
-53.048523 92.632023 -85.741160 -0.522648 0.787606 -0.326369
-46.276572 93.539121 -97.927281 -0.666351 0.720751 -0.191033
-44.345539 96.158929 -90.483956 -0.461853 0.880264 -0.108751
-45.772405 97.904462 -80.131266 -0.341815 0.933180 -0.111073
-43.858734 96.704710 -86.889662 -0.277198 0.954670 -0.108474
-42.975276 97.082764 -85.286424 -0.197020 0.959894 -0.199467
-44.878462 94.099466 -100.071837 -0.636126 0.724280 -0.266013
-56.309081 88.590064 -88.440011 -0.465056 0.759823 -0.454305
-60.116978 88.158584 -83.698485 -0.692019 0.638511 -0.336769
-57.080376 89.846511 -86.045963 -0.574603 0.698106 -0.427176
-54.807788 92.499481 -82.900278 -0.539627 0.833752 -0.116881
-56.421477 91.631687 -77.416010 -0.578866 0.815422 -0.000933
-53.306385 93.918736 -77.106211 -0.560362 0.827605 -0.032631
-58.308225 87.472398 -87.863898 -0.632613 0.656014 -0.411638
-52.921319 90.282100 -90.842876 -0.620234 0.708498 -0.336662
-55.072910 87.961673 -91.759184 -0.603990 0.732056 -0.315102
-31.603503 104.221687 -87.434687 -0.472759 0.786871 0.396651
-32.460188 102.988233 -85.543535 -0.532387 0.758348 0.376129
-33.408851 101.901922 -85.281918 -0.521528 0.691560 0.499754
-30.536726 103.362025 -84.893444 -0.470121 0.736714 0.486044
-30.591479 101.733427 -82.800199 -0.504911 0.731266 0.458601
-51.396904 94.600954 -72.730140 -0.386633 0.890131 0.241210
-56.860619 91.081627 -72.967150 -0.620411 0.776791 0.108099
-55.647297 91.496332 -70.885140 -0.573288 0.753698 0.321374
-59.171329 88.846556 -72.517383 -0.675677 0.703921 0.218988
-58.778602 88.097572 -69.558905 -0.650796 0.684348 0.328835
-51.578118 93.670840 -70.404344 -0.404855 0.836739 0.368728
-46.313104 95.094893 -69.129243 -0.338490 0.827187 0.448537
-46.798468 95.846808 -71.166362 -0.372165 0.862450 0.343035
-54.400608 91.089936 -68.544564 -0.476363 0.758052 0.445461
-57.280210 88.008524 -66.828210 -0.583144 0.704594 0.404340
-54.347816 93.083147 -73.210639 -0.552199 0.823379 0.130856
-51.245369 95.267137 -75.788127 -0.472869 0.879287 0.056996
-60.864031 86.504791 -70.837239 -0.699305 0.662056 0.269545
-63.777375 82.943694 -69.996065 -0.727163 0.625946 0.281824
-63.083266 82.161723 -66.008656 -0.702619 0.634451 0.322177
-62.279872 86.399925 -74.785878 -0.732276 0.667600 0.134469
-60.562387 85.296225 -67.616053 -0.670367 0.669890 0.319149
-48.359999 96.539096 -76.126945 -0.343184 0.932974 0.108554
-51.495403 92.411515 -67.898965 -0.385065 0.782269 0.489674
-45.621545 96.986560 -73.310802 -0.351478 0.923919 0.151121
-60.673056 88.441587 -76.759518 -0.679797 0.722580 0.125516
-59.223328 85.086655 -64.983103 -0.608233 0.667041 0.430243
-56.051764 87.178651 -63.928108 -0.541038 0.688116 0.483502
-34.143019 99.210777 -78.793807 -0.130974 0.990353 -0.045250
-38.208118 98.826893 -80.297978 -0.124007 0.990156 -0.064909
-44.986169 91.500243 -63.270907 -0.288650 0.713770 0.638133
-49.912104 92.136425 -66.316719 -0.302002 0.775524 0.554399
-45.147242 94.159983 -66.815710 -0.310252 0.768155 0.560074
-51.131885 89.635378 -63.918263 -0.307378 0.729646 0.610849
-61.427432 87.785982 -78.940552 -0.794242 0.605474 -0.050797
-39.946503 89.363276 -59.027545 -0.308820 0.756549 0.576423
-40.383270 92.945348 -62.787968 -0.312443 0.699420 0.642800
-41.782199 97.338718 -69.323774 -0.334735 0.822591 0.459671
-54.997941 86.755166 -62.388322 -0.420887 0.720452 0.551183
-39.052233 96.098092 -65.934247 -0.349050 0.752137 0.558975
-42.971316 97.996172 -71.859116 -0.348506 0.902332 0.253654
-48.777759 88.899255 -62.211744 -0.239525 0.681988 0.691028
-53.187432 86.711451 -61.438886 -0.268493 0.661713 0.700034
-43.754273 88.393947 -59.495139 -0.311046 0.728706 0.610113
-64.021444 84.312699 -77.174541 -0.767493 0.636933 -0.072591
-43.709238 98.066825 -78.400300 -0.199534 0.977851 0.063195
-43.055369 98.038900 -81.160183 -0.137695 0.981681 -0.131690
-40.719454 98.890669 -73.564668 -0.275594 0.961182 0.013308
-37.951219 99.417794 -72.913441 -0.109385 0.992708 -0.050649
-42.957550 98.066388 -75.875287 -0.279534 0.959174 0.042966
-40.152792 98.692180 -78.137827 -0.181045 0.982053 -0.052864
-31.817785 96.430668 -60.940459 -0.520888 0.541703 0.659722
-35.757498 95.328816 -62.829812 -0.394827 0.671089 0.627496
-29.593616 102.335365 -67.232008 -0.767118 0.613379 0.187875
-31.169084 100.778606 -67.347311 -0.622320 0.776560 0.098350
-38.214832 99.147680 -70.980860 -0.233928 0.944915 0.228940
-32.478687 100.101089 -67.846020 -0.449200 0.887589 0.102006
-34.014404 91.781318 -58.650327 -0.334954 0.685444 0.646508
-33.421594 97.197364 -63.140192 -0.516858 0.663808 0.540570
-34.431526 98.539051 -65.930637 -0.442390 0.779978 0.442635
-34.218457 99.758609 -72.421293 -0.125222 0.990877 -0.049819
-30.270732 98.523230 -61.524667 -0.568964 0.618225 0.542290
-28.987619 101.655083 -63.792542 -0.692536 0.589221 0.416188
-31.449788 99.393109 -63.953577 -0.563200 0.684772 0.462486
-37.132200 98.255508 -67.964972 -0.327148 0.846052 0.420917
-34.606664 99.396348 -68.650339 -0.302820 0.915302 0.265559
-33.421981 99.881591 -70.024156 -0.208183 0.976624 0.053527
-30.907921 100.548676 -65.512484 -0.581456 0.770966 0.259845
-28.070493 103.815959 -65.223252 -0.842905 0.432056 0.320684
-30.452770 101.386345 -69.246589 -0.718913 0.694854 -0.018516
-29.138715 103.647504 -68.914798 -0.915971 0.348467 0.198918
-31.495324 100.362463 -71.274991 -0.401816 0.910832 -0.094497
-30.100971 108.148051 -71.895996 -0.910548 0.003957 0.413385
-30.827736 107.728710 -74.108259 -0.974603 -0.033455 0.221428
-30.083320 111.850597 -72.892978 -0.912835 0.345127 0.218217
-28.851683 110.791174 -69.636837 -0.860930 0.113913 0.495806
-27.850461 115.169423 -75.184867 -0.633460 0.705674 -0.317415
-28.068331 113.676823 -76.795633 -0.536455 0.585656 -0.607638
-29.457426 113.225692 -74.832897 -0.835223 0.500488 -0.227847
-28.107109 106.422437 -67.996459 -0.889046 0.156303 0.430309
-30.666858 102.081434 -75.769012 -0.991480 -0.021822 0.128415
-30.148879 101.276102 -73.961772 -0.971159 0.078990 0.224968
-31.305436 100.015921 -73.884181 -0.313707 0.948685 -0.039817
-30.273865 100.766669 -72.599539 -0.703254 0.701774 -0.113788
-26.615127 113.239088 -77.380404 0.309077 0.456073 -0.834547
-25.650759 112.419673 -76.700459 0.751783 0.146768 -0.642869
-29.510925 104.683866 -70.869619 -0.953876 0.013367 0.299902
-29.814109 102.767107 -80.472645 -0.901214 0.208096 -0.380145
-28.342960 104.324363 -82.109457 -0.758582 0.343428 -0.553724
-30.593927 101.981571 -78.285995 -0.979776 0.079529 -0.183612
-28.710814 114.675509 -72.967585 -0.822633 0.564134 0.070901
-30.802476 107.307098 -78.082271 -0.864913 0.160288 -0.475639
-30.430778 110.678183 -72.975322 -0.954095 0.112095 0.277736
-30.547563 110.695023 -75.406893 -0.958693 0.268518 -0.093842
-29.974250 101.783162 -71.212189 -0.924125 0.382072 0.003654
-31.201181 106.931467 -76.862242 -0.999910 -0.000565 -0.013387
-24.852084 112.272721 -75.568185 0.723041 0.023357 -0.690410
-29.916015 110.296349 -77.853981 -0.752840 0.427092 -0.500823
-24.932983 107.856491 -78.661680 0.646543 0.762192 -0.032348
-25.852082 108.933816 -79.364990 0.549579 0.678889 -0.486902
-25.240207 108.044400 -80.374636 0.317657 0.920486 -0.227597
-27.700144 111.940499 -78.209317 -0.211658 0.533331 -0.818999
-26.251533 111.606423 -78.064622 0.479522 0.420169 -0.770401
-25.669096 111.133662 -77.318361 0.832513 0.230241 -0.503896
-26.946169 110.075153 -79.209173 0.043753 0.517127 -0.854790
-25.914405 109.859688 -78.492185 0.538116 0.597060 -0.594937
-25.917249 110.622908 -78.185682 0.591147 0.293401 -0.751306
-26.641432 108.304200 -80.562611 -0.118557 0.667805 -0.734834
-25.617614 107.420574 -81.743310 -0.324968 0.860071 -0.393286
-28.813489 110.425005 -78.759827 -0.341663 0.454070 -0.822853
-31.020840 100.377257 -79.641389 -0.759005 0.650942 0.013666
-31.353393 100.249323 -76.566563 -0.679887 0.732623 0.031890
-31.874409 100.320061 -81.512107 -0.424490 0.839350 0.339557
-28.955012 108.145464 -79.782464 -0.531734 0.399777 -0.746617
-32.804144 99.488622 -80.017384 -0.315614 0.935085 0.161257
-57.543736 78.175339 -37.328276 -0.828634 0.558829 -0.032811
-58.946440 76.720847 -32.207105 -0.818073 0.575108 0.002700
-58.706802 76.105536 -38.393529 -0.857225 0.501995 -0.114740
-56.878339 78.934958 -28.979331 -0.780922 0.590317 0.204174
-60.684061 74.009806 -34.579334 -0.839961 0.538093 -0.070155
-61.904702 71.577387 -36.238685 -0.843164 0.526384 -0.109516
-64.189818 67.636082 -36.080759 -0.890111 0.454273 0.036601
-60.114842 74.457145 -29.909613 -0.841745 0.509537 0.178430
-61.681886 72.240289 -32.419782 -0.885798 0.457029 0.080541
-61.576704 71.265490 -50.461440 -0.663516 0.644879 0.379313
-63.363094 68.184762 -49.582255 -0.759461 0.596755 0.259041
-60.161157 72.308205 -42.587010 -0.842960 0.515308 -0.154518
-64.753190 66.289324 -42.703941 -0.793191 0.601126 -0.097441
-60.619034 71.272680 -48.079468 -0.790366 0.598589 0.130433
-65.863260 64.767348 -44.367037 -0.793701 0.606110 0.051668
-62.110105 68.863017 -46.094632 -0.751145 0.657714 0.056521
-61.256683 69.863086 -44.372906 -0.808316 0.578937 -0.107041
-62.068667 70.406772 -40.311150 -0.791588 0.587851 -0.166791
-64.115646 67.792293 -38.704611 -0.847080 0.528438 -0.056649
-59.196384 73.662117 -51.071034 -0.691909 0.652926 0.308139
-66.291441 64.656754 -48.384444 -0.754057 0.648270 0.105570
-66.489495 62.471343 -34.017170 -0.893220 0.443139 0.076064
-66.373631 63.670306 -40.735497 -0.879440 0.473747 0.046355
-65.384711 66.928667 -52.138815 -0.744343 0.541443 0.390887
-63.219808 70.915442 -52.523449 -0.725478 0.558461 0.402247
-61.673035 75.664331 -57.440223 -0.579776 0.601009 0.550135
-63.788115 72.560282 -56.276162 -0.657638 0.593210 0.464342
-73.674782 53.539301 -49.916858 -0.868494 0.474093 0.144754
-75.282071 52.543158 -55.874692 -0.878904 0.445549 0.170338
-73.454575 54.944124 -53.480227 -0.863672 0.469455 0.183531
-70.582453 58.889276 -50.487631 -0.848443 0.509974 0.141669
-73.231160 61.461514 -64.599285 -0.963612 0.235692 0.126101
-71.845159 62.676656 -60.186678 -0.912110 0.349307 0.214571
-71.388477 62.341194 -57.846833 -0.881290 0.388611 0.268903
-76.221403 51.199499 -58.367010 -0.948957 0.293954 0.114335
-75.873361 54.302117 -62.846412 -0.899563 0.416691 0.130974
-69.930070 67.223145 -61.120403 -0.847252 0.439783 0.297918
-70.927845 57.337097 -45.920819 -0.854945 0.497717 0.146103
-67.496427 61.980321 -42.958950 -0.842402 0.525348 0.119870
-68.109346 67.554659 -57.510548 -0.760725 0.500683 0.413054
-67.489226 72.099245 -61.702297 -0.808134 0.469047 0.356250
-68.683398 61.605594 -49.357728 -0.817409 0.555299 0.153247
-70.525261 62.529482 -55.478537 -0.831756 0.453190 0.320627
-72.716800 57.725200 -56.062393 -0.901526 0.374247 0.217235
-74.165704 56.884176 -61.722062 -0.872469 0.461334 0.161148
-73.398421 58.453480 -61.728878 -0.940941 0.298294 0.160156
-66.972511 64.426478 -50.768128 -0.750091 0.619536 0.231385
-70.621518 59.883272 -52.480693 -0.869018 0.402115 0.288289
-72.712505 63.844653 -66.162136 -0.944366 0.293917 0.147598
-72.146933 56.592349 -52.455602 -0.858430 0.472241 0.200216
-69.346946 64.576755 -55.714207 -0.747476 0.547765 0.375809
-68.925207 62.640169 -51.944155 -0.774674 0.538085 0.332182
-77.331144 47.411176 -60.804668 -0.988104 0.149874 0.034458
-69.427413 57.871499 -39.814007 -0.879833 0.460699 0.116832
-72.860313 52.962959 -43.956936 -0.890159 0.413432 0.191551
-76.915731 48.097706 -55.104148 -0.969794 0.214946 0.115314
-64.968936 70.655292 -55.690721 -0.744411 0.506978 0.434540
-65.559245 74.517200 -60.920572 -0.748149 0.499817 0.436413
-71.459355 68.806821 -68.764207 -0.908724 0.373948 0.185427
-73.556270 62.629253 -70.325416 -0.973779 0.218887 0.061997
-69.725712 71.144967 -66.012584 -0.850804 0.441247 0.285366
-72.645219 66.705579 -72.480464 -0.951739 0.302450 0.052131
-73.782945 61.222625 -70.992468 -0.980765 0.184159 0.064699
-70.804242 71.701830 -74.022413 -0.917466 0.392773 0.063128
-73.961930 58.673795 -68.565854 -0.941970 0.325027 0.083970
-73.400565 63.829412 -76.915637 -0.969405 0.242858 -0.035697
-74.217850 57.543500 -66.130003 -0.905304 0.413976 0.095120
-72.496844 65.457273 -82.659290 -0.956705 0.282731 -0.069124
-71.592819 69.699789 -77.596892 -0.941289 0.333133 -0.054753
-74.068863 60.240390 -78.418250 -0.953567 0.295074 -0.060350
-74.272296 59.886028 -75.154052 -0.961164 0.272230 0.045333
-75.419163 57.088967 -74.603438 -0.934588 0.355722 0.002708
-76.039875 55.466911 -71.005952 -0.899571 0.431619 0.066916
-73.656644 60.534147 -82.308099 -0.965361 0.252554 -0.065537
-69.908994 73.744806 -76.402023 -0.916658 0.399597 -0.007762
-70.122705 71.953630 -84.110324 -0.922465 0.369418 -0.112201
-71.706303 67.386599 -84.309119 -0.933529 0.348129 -0.085612
-68.870820 76.088938 -78.997177 -0.903034 0.421415 -0.083303
-69.045625 75.227854 -73.513411 -0.893470 0.436417 0.106069
-68.088276 76.140167 -70.915036 -0.862415 0.458688 0.214119
-69.584925 73.087030 -69.093048 -0.861107 0.472458 0.187825
-66.503082 80.938456 -74.237277 -0.886958 0.442765 0.131392
-64.208892 79.814172 -64.653723 -0.788924 0.508413 0.345130
-61.759969 82.077831 -63.850507 -0.612798 0.626838 0.481200
-67.209473 76.425394 -68.751713 -0.835609 0.484190 0.259455
-58.838358 83.276160 -62.294146 -0.499370 0.602247 0.622839
-66.334738 75.627813 -64.000063 -0.824698 0.487396 0.286912
-61.406844 80.388552 -61.505074 -0.573424 0.569699 0.588752
-64.937269 80.617168 -68.538540 -0.832247 0.488589 0.262002
-63.706642 79.037460 -62.829169 -0.681210 0.536666 0.497938
-60.312675 78.938730 -59.374011 -0.511881 0.594125 0.620478
-65.692932 80.909704 -70.997774 -0.835324 0.479033 0.269743
-64.113099 75.411107 -59.809406 -0.623189 0.548431 0.557548
-55.462184 85.057897 -61.138864 -0.437916 0.541733 0.717464
-60.670927 85.423162 -87.017207 -0.738652 0.545180 -0.396449
-61.183648 81.313942 -91.078535 -0.741835 0.551833 -0.380999
-64.239700 81.179189 -85.430432 -0.776219 0.532173 -0.338048
-58.099764 82.129441 -96.032760 -0.721067 0.601016 -0.344735
-61.088132 78.021833 -97.254714 -0.757255 0.560357 -0.335508
-57.542212 85.554334 -91.994462 -0.696821 0.599008 -0.394499
-70.988688 68.373359 -86.764098 -0.911034 0.382308 -0.154457
-62.732402 79.111549 -91.248823 -0.744817 0.556855 -0.367642
-63.157652 84.051083 -83.739379 -0.798853 0.534951 -0.275065
-66.994117 75.042672 -89.187050 -0.784600 0.530268 -0.321277
-66.917123 80.319246 -76.503687 -0.897897 0.440192 0.003430
-62.156885 86.037642 -82.603457 -0.789491 0.572421 -0.221446
-68.482797 75.354407 -84.098124 -0.844085 0.487069 -0.224242
-60.191461 88.693708 -81.923694 -0.655187 0.741204 -0.146105
-65.058217 82.736510 -80.030642 -0.805240 0.551342 -0.218199
-65.956157 81.935615 -78.273569 -0.855279 0.503834 -0.121035
-59.053284 79.153479 -99.902465 -0.759846 0.583964 -0.285692
-65.769113 74.125302 -92.990112 -0.738250 0.563435 -0.370847
-68.125990 71.951964 -91.164770 -0.838983 0.471167 -0.272231
-64.916731 83.037669 -73.025666 -0.748907 0.622493 0.227248
-59.952332 89.277031 -78.812616 -0.594515 0.803990 -0.012326
-63.190985 84.858720 -80.444186 -0.813669 0.575480 -0.082250
-63.517475 84.322972 -78.645979 -0.796912 0.595250 -0.103003
-65.472365 82.846540 -75.407704 -0.796720 0.603809 0.025524
-73.290577 34.110354 -106.596488 -0.968490 0.035005 -0.246580
-75.408103 45.016441 -94.287286 -0.988570 0.087021 -0.123110
-74.669694 42.602159 -98.418907 -0.978086 0.073791 -0.194686
-74.916945 45.274189 -96.708672 -0.963573 0.135787 -0.230412
-75.671738 42.282408 -90.048729 -0.998210 -0.045562 0.038736
-71.751175 36.161449 -111.768414 -0.954497 0.080509 -0.287149
-75.558938 45.579796 -91.288025 -0.994429 0.105013 -0.009115
-73.577889 40.921900 -104.526678 -0.968971 0.075199 -0.235459
-74.865688 29.836947 -98.539025 -0.990707 -0.021983 -0.134223
-74.743991 35.826217 -100.144194 -0.982703 0.020695 -0.184029
-73.285063 31.993847 -87.922718 -0.922052 -0.099762 0.373988
-72.297534 32.270567 -86.156871 -0.809279 -0.202531 0.551406
-72.283205 29.976985 -86.107844 -0.823010 -0.057079 0.565152
-74.839521 29.180284 -93.827246 -0.974808 -0.050946 0.217149
-75.332364 31.257420 -94.914942 -0.996421 -0.067916 0.050325
-75.412169 39.383372 -94.474310 -0.993588 0.017232 -0.111744
-72.853601 48.627395 -102.950175 -0.950746 0.174195 -0.256395
-72.905567 42.910680 -106.223495 -0.950841 0.135071 -0.278671
-74.910924 37.367560 -90.558228 -0.963608 -0.169496 0.206713
-73.578182 34.619887 -87.527547 -0.933845 -0.198645 0.297444
-71.774271 47.860640 -107.317538 -0.930310 0.194226 -0.311125
-75.451613 34.948467 -95.450643 -0.999049 -0.021499 -0.037931
-75.397449 38.991635 -92.168740 -0.991366 -0.084462 0.100300
-74.822362 33.161797 -92.064299 -0.964464 -0.096752 0.245861
-75.218237 42.618700 -86.455933 -0.971262 -0.172577 0.163914
-74.987973 28.417246 -95.697533 -0.999002 -0.044424 0.004721
-74.450850 40.620736 -85.489052 -0.893435 -0.296253 0.337650
-71.694062 41.098279 -110.555914 -0.943677 0.103547 -0.314249
-74.161783 49.975947 -96.197414 -0.971866 0.160776 -0.172124
-71.858706 34.250035 -84.814149 -0.873984 -0.289651 0.390199
-71.179025 33.834593 -80.332963 -0.924975 -0.366328 -0.101119
-70.417839 30.862392 -78.623872 -0.981296 -0.129775 -0.142183
-70.906037 31.820977 -77.367889 -0.929270 -0.279313 -0.241748
-73.479734 39.407545 -83.205229 -0.914691 -0.404152 -0.000823
-72.226645 36.386715 -84.249087 -0.877235 -0.322879 0.355257
-73.554931 28.902920 -89.312263 -0.945126 -0.043189 0.323838
-70.272735 29.305721 -84.748117 -0.847228 -0.088554 0.523796
-70.219860 31.086617 -83.297969 -0.966759 -0.244680 0.074218
-73.480052 25.445520 -89.080442 -0.937715 0.085218 0.336790
-74.880585 24.610504 -97.790170 -0.996134 -0.045905 -0.074899
-74.809654 23.432633 -94.511843 -0.996773 -0.034087 0.072682
-74.427712 24.676452 -92.068966 -0.975580 0.026071 0.218090
-71.836064 35.662478 -82.549761 -0.928163 -0.371074 0.028585
-72.578916 25.885614 -87.225558 -0.861491 0.060649 0.504138
-73.614239 55.977461 -94.045433 -0.970832 0.189389 -0.147028
-75.361399 46.712872 -85.493570 -0.989831 0.047648 -0.134027
-74.692042 54.955460 -87.156263 -0.983875 0.129081 -0.123806
-75.799124 53.525700 -81.016977 -0.984691 0.091526 -0.148347
-74.792222 50.533314 -90.944703 -0.987205 0.132673 -0.088455
-75.350064 46.238567 -86.539268 -0.997589 0.060322 0.034319
-76.288235 47.570542 -80.630613 -0.993445 -0.007595 -0.114055
-73.242343 53.431224 -98.192025 -0.960133 0.168489 -0.223060
-76.170989 53.638164 -76.738762 -0.989640 0.117323 -0.082750
-75.592774 55.677570 -79.582741 -0.956510 0.280498 -0.080060
-74.823699 56.623406 -83.540983 -0.959709 0.256064 -0.115711
-73.623384 59.450104 -87.198641 -0.969445 0.221444 -0.105540
-72.601820 57.441201 -97.058251 -0.919785 0.304153 -0.247964
-71.659692 65.201490 -90.460818 -0.902529 0.339615 -0.264771
-72.675240 64.234583 -87.825933 -0.929719 0.324066 -0.174941
-63.758621 76.393043 -93.067367 -0.762814 0.557079 -0.328294
-70.162493 64.253818 -96.239500 -0.900940 0.346503 -0.261233
-70.898305 67.630753 -89.311057 -0.882389 0.420568 -0.210979
-68.438810 67.733908 -97.023942 -0.797797 0.508188 -0.324446
-69.554426 68.399170 -93.122596 -0.869655 0.409596 -0.275558
-69.400478 71.604978 -87.676854 -0.875015 0.424466 -0.232758
-63.784727 73.341249 -98.595245 -0.754770 0.560967 -0.340056
-62.133523 72.255872 -104.216687 -0.786133 0.534754 -0.309892
-66.000311 70.022683 -98.950682 -0.764894 0.534021 -0.360221
-72.078497 61.330640 -93.444587 -0.918268 0.310178 -0.246116
-70.526831 59.548096 -101.268768 -0.907206 0.324545 -0.267671
-67.512731 65.504222 -102.468030 -0.769940 0.519929 -0.369954
-68.812477 61.947217 -104.282207 -0.875643 0.343058 -0.339942
-68.522761 55.917261 -109.731612 -0.874130 0.305221 -0.377805
-70.390443 53.373357 -106.878961 -0.917668 0.245116 -0.312736
-70.236419 57.300756 -104.410957 -0.905008 0.273838 -0.325536
-63.831372 67.967344 -106.199588 -0.790541 0.511174 -0.337263
-68.921864 63.780189 -101.308284 -0.871306 0.377883 -0.313098
-68.744949 65.846061 -99.764549 -0.855715 0.425771 -0.294060
-72.330704 55.374868 -99.882963 -0.924641 0.229148 -0.304189
-73.993417 46.068166 -99.583626 -0.962622 0.137479 -0.233363
-72.952163 60.335325 -90.864851 -0.954991 0.242425 -0.170947
-73.065850 63.205118 -86.891032 -0.973025 0.223233 -0.058214
-68.089693 58.233950 -26.968072 -0.898809 0.435222 0.052194
-71.606701 53.421486 -39.576481 -0.902408 0.392489 0.177798
-70.571341 54.801625 -37.002725 -0.916011 0.386674 0.106800
-69.093515 56.235547 -28.603024 -0.913279 0.401336 0.069645
-73.190665 49.299551 -39.577104 -0.922184 0.321309 0.215262
-77.983286 38.928100 -55.985631 -0.993662 -0.109972 -0.023300
-77.148663 33.113157 -49.020704 -0.996957 -0.060410 0.049262
-74.328693 39.538917 -28.632582 -0.977193 0.204771 0.056247
-74.965493 35.663620 -28.657376 -0.989240 0.146189 -0.005773
-72.173445 49.051858 -32.764240 -0.955058 0.286115 0.077477
-74.486775 36.230117 -37.025029 -0.981641 0.052551 0.183355
-74.345853 39.132183 -35.769207 -0.993099 0.058318 0.101752
-74.571369 36.021013 -32.476843 -0.994091 0.066587 -0.085726
-77.464174 41.050122 -51.204278 -0.984025 0.117603 0.133655
-77.928948 40.430760 -54.589548 -0.996897 0.012566 0.077705
-77.397625 37.193233 -49.123305 -0.992861 -0.002334 0.119258
-70.971279 51.848981 -30.255015 -0.931108 0.354335 0.086514
-75.452522 48.501864 -47.262572 -0.920401 0.334946 0.201674
-71.797161 51.080436 -35.170861 -0.932353 0.335285 0.135284
-71.391745 49.794217 -24.728767 -0.947374 0.316485 0.048176
-76.066209 49.738935 -52.787347 -0.907479 0.387882 0.161337
-73.600605 43.412395 -33.333731 -0.973645 0.218392 0.065736
-76.236994 45.823357 -46.878713 -0.960208 0.203855 0.190904
-73.953358 45.880543 -38.419265 -0.942017 0.229984 0.244360
-75.622466 41.817685 -41.318562 -0.958386 0.135682 0.251169
-72.952177 47.642219 -35.741719 -0.956476 0.245213 0.158189
-74.444035 33.751892 -33.916151 -0.994115 0.039019 -0.101059
-74.895326 31.817259 -35.941931 -0.978845 0.053968 0.197359
-74.473898 31.161172 -34.817490 -0.998346 0.056449 -0.010886
-72.836639 46.074470 -29.515677 -0.966302 0.250786 0.058022
-76.638523 33.084049 -44.117774 -0.989208 0.021509 0.144928
-76.772111 40.053653 -45.554290 -0.980404 0.069613 0.184285
-74.996400 41.892106 -39.524978 -0.960845 0.074287 0.266944
-74.153682 40.784060 -34.514359 -0.991508 0.130012 0.002915
-74.139025 42.741838 -36.687197 -0.969920 0.166121 0.177927
-77.054532 32.330314 -53.501245 -0.986987 -0.155445 -0.041157
-75.975545 36.736465 -41.730312 -0.958086 0.046892 0.282617
-76.203436 32.245744 -41.836366 -0.966718 0.060418 0.248606
-77.066092 33.783045 -57.744049 -0.966464 -0.221669 -0.129650
-73.745386 39.849109 -23.066833 -0.977810 0.205524 0.040591
17.718140 32.793068 50.665838 0.291459 0.181320 0.939242
19.351505 28.761080 50.939753 0.313122 0.152441 0.937399
9.209900 25.780743 54.445488 0.263729 0.170953 0.949327
13.831490 23.803258 53.350695 0.309032 0.161791 0.937189
19.888245 40.636312 48.138947 0.368957 0.226366 0.901459
15.858063 38.254026 50.191203 0.288143 0.192023 0.938137
8.569237 36.625023 52.508594 0.203642 0.212617 0.955680
6.360427 27.382657 54.725388 0.237284 0.220159 0.946164
8.081383 30.076729 53.906276 0.154220 0.182816 0.970976
6.920212 34.459411 53.304062 0.168227 0.184558 0.968317
4.844496 30.916155 54.171947 0.183788 0.209191 0.960448
15.127526 49.760781 47.138795 0.308135 0.320423 0.895758
13.181231 42.088500 50.128413 0.225182 0.244661 0.943098
15.026187 43.213144 49.307254 0.318838 0.268458 0.908995
-4.066871 41.536684 52.712557 -0.006150 0.244191 0.969708
1.616262 40.626205 52.671121 0.109066 0.227095 0.967746
-12.609886 44.940887 51.441332 -0.080476 0.262327 0.961618
-10.257205 39.402145 52.995321 -0.083083 0.225938 0.970592
-1.761688 44.972018 51.865449 0.013876 0.273809 0.961684
1.974483 32.900291 54.319997 0.136790 0.216528 0.966646
4.479400 47.018761 50.722115 0.168554 0.260345 0.950689
-1.138735 33.908197 54.477000 0.067251 0.230049 0.970853
-3.971852 34.963918 54.328828 -0.018790 0.239372 0.970746
-2.410463 30.825580 55.270226 0.091202 0.224889 0.970107
1.224958 49.302615 50.333370 0.040022 0.341454 0.939046
11.104674 49.387230 48.491575 0.229731 0.317260 0.920092
5.846897 21.266014 56.239629 0.207308 0.110300 0.972038
6.253687 24.593617 55.485738 0.297468 0.164947 0.940375
10.049435 22.837653 54.668569 0.234758 0.195086 0.952276
6.491318 24.086204 55.154741 0.292291 0.141103 0.945862
6.496390 20.265278 56.033731 0.200949 0.164111 0.965757
18.725318 19.229459 52.468847 0.331172 0.162307 0.929506
23.291036 17.849580 51.181317 0.343086 0.145988 0.927890
27.586527 15.869429 49.804704 0.401136 0.161426 0.901683
5.674148 27.889544 55.038019 0.148191 0.244744 0.958196
-16.397344 30.151052 54.004443 -0.174120 0.201390 0.963911
-12.403109 30.070638 54.463480 -0.199349 0.198191 0.959677
-13.777175 28.003978 54.824544 -0.140133 0.315091 0.938659
-20.717684 31.598318 52.818616 -0.252795 0.190339 0.948613
-19.268750 27.994106 53.865058 -0.279921 0.184777 0.942073
-17.091759 41.696632 51.606499 -0.181593 0.206352 0.961480
-25.883965 22.667147 52.801620 -0.309110 0.181041 0.933636
-25.294142 29.120114 51.862172 -0.305497 0.171866 0.936554
-4.549802 24.518892 56.813733 -0.010518 0.194662 0.980814
-6.222008 27.738647 56.161790 -0.074160 0.214643 0.973873
-11.235566 18.269861 57.584077 -0.089034 0.140965 0.986003
-6.787170 20.385053 57.498784 -0.038629 0.159394 0.986459
-4.522826 14.794142 58.196131 0.005482 0.137939 0.990426
-9.917920 16.435657 57.732920 -0.084115 0.111265 0.990225
-2.761739 21.031634 57.487241 0.037969 0.159361 0.986490
-2.777982 26.143851 56.409664 0.078534 0.238973 0.967845
-13.062090 24.303319 56.303103 -0.117009 0.207390 0.971235
2.460110 23.973605 56.563154 0.127180 0.181229 0.975183
-1.791254 18.183856 57.730942 0.093778 0.107555 0.989766
-8.905951 24.117791 56.520373 -0.078805 0.208926 0.974751
-14.569227 17.932969 57.278130 -0.166785 0.150625 0.974420
-13.163233 27.662014 55.322794 -0.134205 0.253421 0.958001
-7.859082 11.961142 58.707929 -0.051116 0.143623 0.988312
-2.348180 12.140393 58.581526 0.071160 0.155070 0.985337
-10.707559 13.841407 58.030643 -0.160208 0.126163 0.978987
-14.634198 8.393077 58.357691 -0.122233 0.159524 0.979598
-14.163545 12.949886 57.410290 -0.148778 0.147375 0.977827
-18.026381 12.503691 57.045426 -0.182957 0.150604 0.971517
-3.919358 9.022053 59.113589 0.059164 0.098517 0.993375
-15.600636 15.196796 57.172115 -0.136243 0.056592 0.989058
-17.348940 16.799068 56.742860 -0.239387 0.118832 0.963625
-13.790585 21.948968 56.345672 -0.203089 0.209348 0.956519
-5.027320 30.863105 55.399046 -0.054547 0.247290 0.967405
-10.765423 9.104237 58.730959 -0.123964 0.132131 0.983450
-17.464583 21.197330 55.799311 -0.260780 0.202187 0.943988
-18.499802 19.246512 55.978858 -0.301450 0.178200 0.936682
-16.219968 26.480143 55.098923 -0.200642 0.227232 0.952947
-27.538246 15.632466 53.621582 -0.323605 0.160515 0.932478
-29.104627 18.914728 52.409857 -0.373173 0.174468 0.911209
-23.699012 13.737013 55.162125 -0.324293 0.163271 0.931760
-19.946940 13.825166 56.387167 -0.285920 0.159641 0.944862
-14.183481 24.399548 55.779066 -0.204712 0.183725 0.961425
15.846042 57.604193 43.608874 0.293816 0.421844 0.857741
13.274142 54.938973 45.688845 0.256929 0.394150 0.882402
15.336023 63.502409 40.356855 0.343507 0.532982 0.773261
11.456753 62.807859 42.273623 0.244711 0.483751 0.840298
2.493242 68.457817 40.227058 0.073819 0.604838 0.792920
0.655324 61.834537 44.734490 0.076888 0.476082 0.876033
5.127524 62.713394 43.674517 0.141953 0.498575 0.855145
-1.115747 64.558521 43.297643 0.050940 0.501730 0.863523
-8.255392 59.253702 46.281456 -0.031248 0.479761 0.876843
-9.075415 56.728120 47.453681 -0.054783 0.385080 0.921256
-4.219784 65.072453 43.034545 -0.005956 0.564373 0.825498
-11.314977 66.676936 41.690399 -0.058021 0.548428 0.834183
-4.101836 54.730118 48.448860 0.011640 0.399786 0.916534
0.234311 56.791693 47.322144 0.057947 0.416091 0.907475
-4.225393 73.361549 36.606662 0.016869 0.719950 0.693821
-5.557305 70.948254 38.615460 -0.009343 0.620385 0.784241
4.293509 71.376078 37.616360 0.090267 0.672099 0.734939
3.163471 58.323136 46.310693 0.126757 0.423150 0.897149
7.419238 58.820314 45.349205 0.197561 0.439118 0.876439
8.033891 54.679059 47.120549 0.188967 0.383006 0.904211
6.388964 73.323274 35.334907 0.164795 0.728399 0.665039
-8.230547 73.334655 36.335222 -0.059447 0.693192 0.718297
4.420734 50.423246 49.535510 0.147800 0.367772 0.918095
-12.540493 50.741756 49.623919 -0.101965 0.340518 0.934693
-9.331155 49.019234 50.461446 -0.025188 0.325328 0.945266
-18.900875 60.008862 44.429811 -0.199295 0.468459 0.860713
-24.466412 59.563341 42.967460 -0.280678 0.454497 0.845371
-20.549216 55.341411 46.285434 -0.225662 0.397157 0.889575
-13.692448 57.483541 46.678575 -0.131192 0.422880 0.896639
-27.436289 58.894945 42.245658 -0.349399 0.434315 0.830236
-14.058874 61.539500 44.423700 -0.113859 0.494384 0.861754
-15.169394 65.672946 41.757716 -0.161754 0.536030 0.828558
-25.445988 53.774524 45.438793 -0.314706 0.389239 0.865710
-14.814395 52.338855 48.725457 -0.182892 0.353298 0.917459
-23.270614 50.513571 47.491922 -0.231533 0.339410 0.911698
-31.862634 59.327663 39.907792 -0.408850 0.482973 0.774325
-32.143353 56.437403 41.347968 -0.425399 0.423037 0.800047
-30.693679 54.248959 43.057102 -0.376196 0.363821 0.852122
-36.514402 51.067824 41.645020 -0.425460 0.340198 0.838600
-25.902667 48.942676 47.260412 -0.334417 0.300166 0.893345
-35.048336 45.508395 44.283344 -0.430063 0.243010 0.869478
-31.341498 42.823546 46.742037 -0.384157 0.210074 0.899051
-28.722481 46.009835 47.001087 -0.369061 0.264405 0.891001
-39.715016 47.306663 41.265588 -0.485421 0.268805 0.831932
-40.789919 39.535780 42.841318 -0.466900 0.214246 0.857964
-43.118378 52.227791 37.229895 -0.529414 0.342958 0.775951
-44.463488 38.733132 40.738658 -0.536896 0.203855 0.818649
-22.527111 41.193105 50.422425 -0.276862 0.218846 0.935657
-21.821224 35.410579 51.669211 -0.267769 0.185615 0.945435
-27.091363 34.433734 50.200290 -0.333408 0.191591 0.923110
-13.743989 33.488610 53.819238 -0.138022 0.194368 0.971170
-8.901478 33.893440 54.329577 -0.084768 0.218359 0.972180
-9.583482 32.470968 54.480334 -0.109260 0.225320 0.968139
-11.857456 30.363167 54.776725 -0.198362 0.226316 0.953642
-18.065223 45.891632 50.345897 -0.205769 0.287694 0.935356
-30.922538 29.751490 49.760904 -0.359505 0.175806 0.916432
-29.659283 25.234039 51.026121 -0.361725 0.163669 0.917806
-34.340856 34.357536 47.320476 -0.420226 0.193230 0.886607
-40.432610 32.927843 44.530139 -0.487941 0.186897 0.852633
-41.236548 26.232863 45.484051 -0.460475 0.179864 0.869259
-34.755335 25.501089 48.799879 -0.406317 0.169920 0.897794
-46.322753 25.922371 42.470358 -0.526676 0.173960 0.832076
-39.543144 20.079700 47.744018 -0.486730 0.162791 0.858250
-33.055886 38.896030 46.811685 -0.383067 0.197480 0.902364
-25.174696 39.744626 49.849048 -0.353084 0.199158 0.914149
-10.614259 -6.971312 59.835642 -0.102431 0.013393 0.994650
-12.401722 -10.591122 59.625027 -0.125723 -0.045491 0.991022
-17.972550 -12.782826 58.623082 -0.181662 -0.013609 0.983267
-14.734262 -8.829373 59.150458 -0.216413 0.077031 0.973258
-18.651650 -9.626623 58.326284 -0.212587 0.038420 0.976387
-15.890694 -5.892704 58.252952 -0.189485 0.036058 0.981221
-12.830470 -5.667390 59.379373 -0.236734 0.031139 0.971075
-17.639369 -7.342025 58.244256 -0.127048 0.113295 0.985405
-16.826688 -0.888869 58.266704 -0.235240 -0.014927 0.971823
-0.406692 -15.397368 59.685788 0.022319 -0.039322 0.998977
2.041411 -24.757444 59.208921 0.060438 -0.095684 0.993575
1.222610 -19.212280 59.603882 0.098854 -0.026065 0.994760
-7.790429 -15.126520 59.669140 -0.025340 -0.042798 0.998762
-9.135586 -12.275047 59.763748 -0.077387 -0.047129 0.995887
-4.386475 -21.475998 59.675053 -0.000573 -0.069393 0.997589
15.203831 -14.648923 57.326773 0.286560 -0.050680 0.956721
13.185835 -11.974335 57.836805 0.238478 0.069608 0.968650
20.570287 -14.351549 55.220275 0.353230 -0.034104 0.934915
18.726771 -11.599509 55.835743 0.324668 0.070402 0.943204
16.138286 -18.560149 56.552350 0.306442 -0.081381 0.948404
8.373249 -18.330494 58.553620 0.214744 -0.053451 0.975207
4.462233 -23.466177 59.028174 0.153184 -0.061351 0.986291
9.488215 -15.104563 58.516910 0.148742 0.009170 0.988834
7.957993 -8.175313 58.455066 0.165201 0.005827 0.986243
7.858965 -22.521296 58.461770 0.212880 -0.049288 0.975834
14.167113 -25.574492 56.804550 0.311802 -0.095712 0.945314
13.073629 -7.319878 57.254648 0.291726 0.067133 0.954143
9.391642 -6.386016 58.102585 0.239538 0.046427 0.969776
16.344709 -21.851093 56.272838 0.290554 -0.047290 0.955689
6.345579 -3.440017 58.975360 0.249714 0.045093 0.967269
21.677162 -7.454135 54.653680 0.361689 0.050286 0.930942
10.733298 -29.082218 57.495715 0.207466 -0.085652 0.974485
-8.128476 -34.781118 57.554105 -0.112642 -0.185859 0.976098
-10.076914 -33.366471 57.423309 -0.121372 -0.163794 0.979000
-7.098346 -26.310389 59.005209 -0.098128 -0.145478 0.984483
-4.121412 -30.793287 58.537937 -0.012114 -0.159797 0.987076
-10.113057 -29.048888 58.045388 -0.102096 -0.160713 0.981707
-10.639891 -38.631717 55.709759 -0.105582 -0.357185 0.928047
-17.665944 -34.576745 56.335973 -0.159512 -0.293150 0.942666
-10.810381 -35.531062 56.848713 -0.140711 -0.298389 0.944015
-19.026455 -32.648169 56.450923 -0.245474 -0.153058 0.957244
-17.346979 -38.953464 54.865124 -0.171230 -0.311439 0.934712
-7.527520 -42.902583 54.020541 -0.056895 -0.404011 0.912983
-11.350772 -46.391366 52.613098 -0.026661 -0.377677 0.925553
-22.835333 -34.822347 54.876476 -0.246422 -0.244647 0.937776
-15.024590 -41.516056 54.370367 -0.086001 -0.363177 0.927742
-18.726554 -26.669468 57.310393 -0.228016 -0.118075 0.966472
-23.402537 -25.164034 56.254862 -0.247664 -0.107831 0.962827
-22.540292 -30.447355 55.692411 -0.268362 -0.144126 0.952475
-15.433492 -30.007712 57.533089 -0.134544 -0.133194 0.981915
-16.253308 -20.804837 58.388762 -0.156203 -0.082581 0.984267
-12.231437 -27.118105 58.222152 -0.096420 -0.172911 0.980207
-15.089946 -33.731785 56.891755 -0.105935 -0.209122 0.972135
-7.916583 -37.596589 56.766219 -0.150181 -0.399823 0.904205
-5.208846 -40.092392 55.844507 0.007354 -0.438286 0.898806
-18.986240 -22.612895 57.650752 -0.251646 -0.082010 0.964338
-22.860280 -20.860011 56.654129 -0.233801 -0.094438 0.967687
-21.984649 -21.109015 56.726175 -0.296202 -0.115578 0.948107
-6.006798 -36.941686 57.200908 0.033517 -0.294355 0.955108
-20.209265 -18.362983 57.786742 -0.257678 -0.117726 0.959032
4.285792 -37.791544 56.420156 0.057800 -0.399397 0.914954
3.220396 -35.442029 57.127360 0.028225 -0.274086 0.961291
6.676581 -40.399719 54.781043 0.181396 -0.370439 0.910972
5.836784 -36.711131 56.475902 0.199816 -0.331819 0.921938
13.659204 -43.875180 51.925776 0.192862 -0.356768 0.914068
-0.844219 -35.904896 56.996304 0.051630 -0.284310 0.957341
7.200858 -44.856261 52.673452 0.119879 -0.396790 0.910048
4.147371 -44.239374 53.246232 0.050391 -0.421509 0.905423
0.308432 -38.649054 55.977028 0.042713 -0.394634 0.917845
11.925725 -34.870385 55.492776 0.242849 -0.315021 0.917489
-4.443703 -43.683616 53.894260 0.014926 -0.426474 0.904376
-3.814918 -34.084500 57.733393 0.065586 -0.249349 0.966190
-2.316863 -43.040873 54.106891 0.072299 -0.427394 0.901170
-0.082048 -41.148028 54.761432 0.044361 -0.413727 0.909320
0.337865 -31.116274 58.273615 0.033846 -0.230786 0.972416
8.360154 -49.636794 50.430369 0.116315 -0.435916 0.892439
4.848199 -53.724357 48.845477 0.064317 -0.457583 0.886838
-8.032141 -22.008796 59.491973 -0.110805 -0.080983 0.990537
0.592632 -28.106546 58.829137 0.025711 -0.139555 0.989880
6.410917 -31.394024 58.026944 0.105103 -0.169562 0.979899
-27.806145 -38.248765 52.677482 -0.263257 -0.265106 0.927585
-30.405216 -33.649036 52.930553 -0.319147 -0.179675 0.930517
-26.607891 -30.683275 54.586414 -0.265326 -0.161780 0.950489
-19.798507 -42.631776 53.114764 -0.184259 -0.309827 0.932768
-34.946293 -20.020218 52.866027 -0.434326 -0.063521 0.898513
-30.840753 -11.719138 54.942139 -0.422484 -0.003153 0.906365
-38.210653 -15.486922 51.347959 -0.465079 -0.009128 0.885222
-37.226482 -8.094284 51.740609 -0.449964 0.023287 0.892743
-42.941207 -9.319633 48.761405 -0.522112 0.007840 0.852841
-26.222370 -25.650086 55.554061 -0.261433 -0.123881 0.957239
-42.338794 -13.136116 48.930001 -0.557443 -0.028939 0.829710
-30.723662 -22.732407 54.365360 -0.365527 -0.103488 0.925030
-35.264861 -29.623843 51.677011 -0.420592 -0.113250 0.900154
-41.092529 -19.498972 49.529100 -0.515200 -0.044817 0.855897
-29.475657 -25.775320 54.517113 -0.329918 -0.130727 0.934914
-35.034302 -31.242713 51.519036 -0.416755 -0.168971 0.893176
-47.299234 -10.427867 45.481184 -0.607767 -0.006567 0.794088
-45.448191 -20.605729 46.583724 -0.586421 -0.048381 0.808561
-48.979114 -17.478029 44.007525 -0.636820 -0.032300 0.770336
-27.194255 -22.240033 55.518955 -0.257075 -0.095064 0.961705
-29.451862 -16.801473 55.407913 -0.347169 -0.016243 0.937662
-28.313231 -18.425590 55.787850 -0.294834 -0.093890 0.950924
-30.355200 -8.284076 55.134795 -0.412158 0.031226 0.910577
-41.212734 -24.600595 49.099826 -0.506073 -0.091002 0.857676
-19.704030 -14.882124 58.286223 -0.250035 -0.026569 0.967872
-24.660671 -16.274187 56.757770 -0.264217 -0.038922 0.963678
-29.072533 -12.043268 55.514370 -0.274937 -0.003346 0.961456
-24.881740 -11.665180 56.616251 -0.275576 -0.002433 0.961276
-19.419068 -0.497850 57.863937 -0.184012 0.011725 0.982854
-20.360184 -4.803115 57.962201 -0.194777 0.034858 0.980228
-24.472525 -0.949361 56.577695 -0.275018 0.037835 0.960694
-23.248555 -8.027349 57.137560 -0.263984 0.014642 0.964416
-28.542062 -7.227657 55.769938 -0.289979 0.031891 0.956502
-21.707717 2.217640 57.323562 -0.254372 0.038116 0.966355
-61.483875 -31.026666 30.208603 -0.748394 -0.192902 0.634582
-60.957334 -25.322813 31.995117 -0.711279 -0.098844 0.695925
-62.935874 -20.506496 30.435317 -0.822819 -0.072101 0.563711
-62.604408 -28.743550 29.338597 -0.822013 -0.121504 0.556355
-58.783848 -29.794197 33.415517 -0.698046 -0.172623 0.694934
-57.168284 -35.737288 33.369676 -0.710102 -0.226355 0.666723
-61.973913 -18.441513 31.669053 -0.706156 -0.088878 0.702456
-61.831335 -13.719265 32.463209 -0.752174 -0.023025 0.658562
-64.711906 -13.888110 28.167660 -0.839538 -0.012525 0.543157
-65.879079 -28.939093 24.118900 -0.846848 -0.112577 0.519784
-64.270130 -34.365860 25.296061 -0.801869 -0.169773 0.572872
-54.161637 -30.588068 37.744124 -0.689120 -0.145544 0.709881
-66.910931 -22.362928 23.902637 -0.853071 -0.095133 0.513049
-54.933766 -23.183498 38.163912 -0.686487 -0.094591 0.720963
-60.004154 -43.938951 27.510174 -0.704262 -0.256626 0.661935
-56.525480 -43.241282 31.254789 -0.704674 -0.259543 0.660357
-55.217872 -51.011173 29.359681 -0.691688 -0.319939 0.647461
-52.395025 -44.370017 35.424690 -0.707626 -0.261886 0.656262
-53.922689 -39.115976 35.583202 -0.705083 -0.208413 0.677807
-60.567261 -46.923704 25.583774 -0.734458 -0.299316 0.609082
-58.496416 -52.966330 24.655979 -0.713800 -0.380883 0.587723
-60.888890 -38.491820 28.329243 -0.735978 -0.218848 0.640657
-48.751727 -45.865713 38.564145 -0.654415 -0.284529 0.700560
-46.549519 -47.493316 39.808762 -0.614204 -0.347289 0.708621
-48.770833 -54.073086 34.380598 -0.621477 -0.404839 0.670725
-51.029772 -49.765442 34.410556 -0.683343 -0.316292 0.658029
-55.012662 -55.171731 26.880043 -0.672572 -0.453730 0.584616
-52.199355 -54.253936 30.846944 -0.663216 -0.404226 0.629878
-45.837287 -53.818299 37.052068 -0.566316 -0.414073 0.712622
-67.960874 -14.935452 23.171728 -0.855673 -0.038666 0.516070
-71.704673 -21.229722 13.724117 -0.949565 -0.071396 0.305333
-69.389680 -17.708595 20.085597 -0.905755 -0.068093 0.418295
-70.663636 -14.258494 17.598936 -0.935688 -0.033154 0.351268
-68.914010 -22.334837 20.216513 -0.895445 -0.092939 0.435362
-69.766176 -11.093884 19.844446 -0.905393 0.012444 0.424391
-72.856080 -5.756846 11.579559 -0.938025 -0.028878 0.345362
-72.804660 -17.861993 10.234503 -0.954052 -0.046164 0.296065
-71.129563 -9.012470 16.271780 -0.946633 -0.019537 0.321720
-74.285068 -13.698653 6.583213 -0.934520 -0.061740 0.350515
-68.739798 -5.659975 21.395194 -0.889494 0.056232 0.453474
-74.415481 -7.647960 6.834476 -0.919462 -0.055710 0.389211
-69.622596 -33.998525 15.776114 -0.943710 -0.081990 0.320452
-68.570307 -31.154252 19.205463 -0.880148 -0.102188 0.463570
-68.618687 -27.070457 19.672830 -0.902946 -0.093253 0.419513
-70.117920 -24.794551 16.787460 -0.922636 -0.105343 0.371006
-70.682362 -27.821889 14.042274 -0.945183 -0.101483 0.310370
-67.399392 2.199808 22.684091 -0.878302 0.065322 0.473623
-67.937105 -9.594499 23.104733 -0.854869 0.015538 0.518611
-65.867275 -3.509797 26.271945 -0.844407 0.047364 0.533604
-63.310230 -10.112740 30.496844 -0.830070 0.009985 0.557569
-62.809209 -0.121051 30.209684 -0.803415 0.092626 0.588171
-65.677905 3.584268 25.376055 -0.833326 0.089106 0.545552
-62.051689 -6.551330 31.996610 -0.794282 0.051379 0.605373
-52.916816 -14.273273 40.615838 -0.662725 -0.045856 0.747458
-56.891096 -20.074405 36.500075 -0.691564 -0.069910 0.718924
-51.831302 -20.305610 41.415616 -0.675366 -0.052824 0.735588
-55.592649 -9.334070 38.683605 -0.650253 -0.044345 0.758422
-52.121714 -8.332134 41.536512 -0.641676 0.008968 0.766923
-55.946348 -7.752666 38.399648 -0.688433 0.016851 0.725105
-49.418223 -23.850629 43.077145 -0.647100 -0.072509 0.758949
-48.253638 -27.811410 43.781100 -0.653309 -0.114802 0.748336
-54.991486 -2.810872 38.881402 -0.668216 0.039233 0.742932
-57.685925 -2.056698 36.200501 -0.716358 0.061346 0.695031
-60.135380 -6.011458 34.202697 -0.720938 0.038416 0.691934
-53.255970 6.322914 40.076156 -0.657080 0.051019 0.752093
-61.046102 -2.296259 32.670721 -0.746915 0.088843 0.658957
-47.969029 -1.481215 44.799867 -0.621175 0.031129 0.783054
-60.222359 3.511314 32.828677 -0.770643 0.077347 0.632556
-58.672837 -15.391861 35.506957 -0.682586 -0.069687 0.727476
-44.527655 59.990076 30.960562 -0.618174 0.502578 0.604381
-45.046767 57.560530 31.992097 -0.597293 0.437537 0.672162
-43.021953 60.848920 31.574823 -0.593035 0.512878 0.620697
-43.409727 12.619191 46.667030 -0.517123 0.138805 0.844581
-50.254181 36.211947 37.000680 -0.642269 0.207010 0.737996
-49.205939 28.491986 39.931096 -0.591226 0.179470 0.786284
-30.209475 10.501052 53.374341 -0.346539 0.149031 0.926121
-32.239153 14.581173 52.008219 -0.391114 0.149965 0.908042
-41.260873 9.680492 48.501409 -0.486439 0.111985 0.866508
-37.592929 10.185786 50.200540 -0.428547 0.108209 0.897016
-38.646023 17.324463 48.611042 -0.417811 0.157820 0.894722
-31.179422 5.470653 53.762429 -0.408671 0.098177 0.907386
-45.522378 8.794118 45.859088 -0.554966 0.101960 0.825601
-30.793973 -3.530528 54.631814 -0.406293 0.057668 0.911921
-27.424683 5.762595 55.322719 -0.345541 0.108907 0.932063
-41.660340 -4.918636 49.250990 -0.500304 0.021509 0.865583
-36.975480 -1.293812 51.654464 -0.433360 0.070014 0.898497
-40.593533 -1.054463 49.832359 -0.466601 0.044795 0.883333
-13.487406 2.059001 58.956829 -0.177325 0.022438 0.983896
-22.161805 8.294098 56.792088 -0.276456 0.132886 0.951795
-25.793375 4.706289 56.010585 -0.300427 0.053014 0.952330
-16.438547 6.339652 58.425051 -0.191497 0.074031 0.978697
-10.588933 -0.685180 59.567380 -0.130888 0.042171 0.990500
-8.168482 -3.560370 59.832722 -0.054438 0.026566 0.998164
-44.684054 -5.088353 47.332331 -0.582697 0.021313 0.812410
-41.253122 4.393211 48.898098 -0.474233 0.086013 0.876188
-42.952677 -0.424869 48.477288 -0.556570 0.054166 0.829033
-56.453723 7.719989 36.767510 -0.733210 0.068972 0.676496
-59.896993 12.224061 32.307507 -0.778729 0.073607 0.623028
-63.264108 10.120487 27.750006 -0.819842 0.096264 0.564439
-66.149193 10.447433 23.551004 -0.839595 0.113466 0.531230
-47.585841 7.434004 44.539725 -0.608240 0.067543 0.790874
-22.977786 -45.207589 51.748630 -0.207205 -0.335817 0.918854
-12.784500 -49.792351 51.057706 -0.037900 -0.431902 0.901124
-18.501435 -49.315117 50.754379 -0.117951 -0.395201 0.910990
-4.968189 -51.687633 50.042748 0.010444 -0.462987 0.886304
-11.720643 -54.739981 48.413546 -0.018263 -0.499662 0.866028
-12.499350 -57.741596 46.523621 -0.036550 -0.550824 0.833821
-19.925735 -54.033721 48.203903 -0.076819 -0.501180 0.861927
-4.700680 -58.571148 45.986697 0.008734 -0.548876 0.835858
-42.945372 -48.744257 42.067687 -0.550933 -0.383293 0.741322
-43.642610 -44.278975 43.455797 -0.596726 -0.262721 0.758219
-41.108805 -48.094034 43.615116 -0.484633 -0.376968 0.789320
-41.434180 -42.367257 45.726443 -0.529439 -0.253563 0.809568
-53.077167 -63.972786 20.736037 -0.642467 -0.602703 0.473271
-52.361977 -63.400726 22.237291 -0.597242 -0.566414 0.567871
-55.370119 -63.158550 18.343220 -0.702700 -0.596875 0.387238
-52.572162 -66.535742 17.798055 -0.641817 -0.652575 0.402760
-54.433800 -65.914529 15.402690 -0.690477 -0.649426 0.318571
-56.671728 -58.765588 21.639544 -0.651747 -0.534976 0.537611
-59.046264 -58.084169 19.125852 -0.736656 -0.532966 0.416275
-74.089676 -37.327269 -0.626158 -0.969703 -0.161278 0.183481
-62.559030 -48.072492 22.309658 -0.773548 -0.334211 0.538447
-63.826126 -49.889263 18.950436 -0.844969 -0.336333 0.415821
-62.681510 -53.756770 17.488497 -0.809281 -0.464435 0.359672
-66.657491 -49.748392 12.492836 -0.872716 -0.356752 0.333310
-66.484237 -44.692170 17.250158 -0.874022 -0.280639 0.396646
-68.035282 -40.845256 16.303358 -0.899521 -0.246799 0.360488
-63.766900 -44.891160 22.199737 -0.822066 -0.248644 0.512234
-71.141094 -46.572167 2.154455 -0.916944 -0.350920 0.189919
-72.687352 -41.748972 1.846418 -0.950213 -0.249926 0.186095
-70.315182 -46.063024 5.941423 -0.907563 -0.320159 0.271714
-69.080617 -46.483221 8.905518 -0.898879 -0.290494 0.328070
-68.225833 -50.836486 5.996685 -0.874422 -0.409704 0.259862
-71.481702 -41.831285 6.240619 -0.919245 -0.248044 0.305718
-72.605515 -37.716794 5.644695 -0.956589 -0.145104 0.252751
-61.750424 -52.473816 20.484891 -0.762528 -0.421341 0.490941
-62.624009 -40.757611 25.503725 -0.781971 -0.213736 0.585524
-73.120024 -44.591484 -6.419321 -0.946408 -0.300761 0.117709
-71.291272 -49.052101 -4.001848 -0.914653 -0.383692 0.127244
-74.934020 -33.981855 -2.378351 -0.957759 -0.169192 0.232532
-75.099431 -35.486814 -5.751647 -0.971007 -0.220177 0.093097
-73.964810 -41.550508 -6.587549 -0.970267 -0.228827 0.078868
-76.158167 -30.061879 -4.501131 -0.969597 -0.177034 0.168938
-65.160500 -53.182282 12.039784 -0.837179 -0.465562 0.287025
-66.307268 -55.704760 3.843954 -0.838964 -0.492485 0.231512
-53.837164 -58.596643 25.061063 -0.648577 -0.538218 0.538209
-50.816874 -61.812136 25.323639 -0.615367 -0.577461 0.536528
-44.211742 -68.067279 25.630144 -0.571246 -0.614580 0.544031
-61.377040 -59.994434 11.214345 -0.786804 -0.542024 0.295210
-47.388567 -70.260352 19.554082 -0.578980 -0.696456 0.423947
-46.680519 -69.013797 22.221813 -0.564265 -0.642889 0.517976
-58.075481 -55.732741 22.910091 -0.688284 -0.491692 0.533389
-52.114585 -56.646409 29.154798 -0.656752 -0.504091 0.560865
-44.494663 -64.995244 28.936041 -0.536742 -0.628532 0.562900
-49.669272 -70.359513 15.799061 -0.617634 -0.704151 0.350285
-47.475937 -61.366711 30.084210 -0.621189 -0.586464 0.519793
-41.789238 -67.253099 28.904006 -0.508042 -0.651496 0.563424
-43.672023 -63.286723 31.543663 -0.483997 -0.599789 0.637182
-40.221892 -67.442806 29.997997 -0.402883 -0.680031 0.612571
-23.837673 -69.180215 35.810608 -0.146662 -0.711077 0.687648
-26.476287 -67.716903 36.534007 -0.245890 -0.672607 0.697952
-29.779081 -70.300129 32.123624 -0.256637 -0.744644 0.616152
-23.116797 -64.681480 39.990192 -0.196587 -0.665278 0.720249
-27.457822 -60.718805 42.576919 -0.217331 -0.635963 0.740485
-29.268707 -64.396187 38.386691 -0.278204 -0.655148 0.702412
-21.997400 -72.734680 31.848643 -0.110634 -0.795506 0.595760
-25.564500 -70.245255 34.033359 -0.226579 -0.771767 0.594169
-33.400109 -67.946521 33.150009 -0.326334 -0.673405 0.663349
-21.538703 -62.223526 42.730197 -0.131203 -0.608771 0.782422
-22.504792 -75.687401 27.711016 -0.156386 -0.809297 0.566200
-32.202983 -59.850784 41.431385 -0.353261 -0.610182 0.709143
-19.162140 -63.349452 42.035586 -0.109497 -0.663921 0.739743
-19.045200 -68.381560 37.439883 -0.058492 -0.689473 0.721945
-33.893214 -64.728710 35.959209 -0.340453 -0.647287 0.681991
-15.792336 -61.247730 43.965287 -0.043865 -0.588857 0.807046
-7.648341 -64.003250 41.720687 0.013420 -0.679654 0.733410
-16.059090 -65.253708 40.503356 -0.015118 -0.674924 0.737733
-10.909470 -66.830733 38.973245 0.022465 -0.689686 0.723760
-8.842530 -74.138400 31.255897 -0.041078 -0.774725 0.630962
-13.392810 -71.372576 34.564052 -0.031540 -0.797778 0.602125
-12.665838 -69.865784 36.236822 -0.000505 -0.711908 0.702272
-16.992912 -73.964162 30.757536 -0.046369 -0.807773 0.587667
-12.442721 -75.672513 28.708583 -0.064967 -0.797133 0.600299
-17.784237 -71.296026 34.557432 -0.074359 -0.767951 0.636178
-7.751779 -70.911654 35.009336 0.044120 -0.711531 0.701269
-23.810561 -57.042759 46.018179 -0.135249 -0.536369 0.833076
-41.223114 -55.404034 39.530782 -0.498310 -0.453912 0.738682
-44.646432 -58.488802 34.958219 -0.534877 -0.496401 0.683735
-37.920538 -44.336510 47.042950 -0.446743 -0.301657 0.842273
-37.283933 -40.270209 48.588421 -0.426859 -0.235515 0.873112
-34.394867 -42.965984 49.054232 -0.340913 -0.278288 0.897961
-36.489812 -46.665708 46.863576 -0.407753 -0.363868 0.837459
-34.194281 -37.600254 50.599985 -0.372288 -0.211151 0.903779
-40.641554 -37.211854 47.613950 -0.454066 -0.184676 0.871618
-37.910746 -57.734110 39.983545 -0.417267 -0.561272 0.714746
-39.970443 -64.696317 32.759486 -0.394069 -0.616833 0.681342
-33.563707 -50.659688 46.364241 -0.352334 -0.413185 0.839726
-30.765658 -43.926660 49.984895 -0.262814 -0.318680 0.910699
-36.405144 -53.696748 43.532406 -0.441103 -0.429124 0.788214
-31.787157 -48.341818 48.126240 -0.311960 -0.346180 0.884783
-33.900722 -55.604343 43.637873 -0.341989 -0.491459 0.800945
-42.301871 -59.473155 35.827696 -0.450620 -0.567046 0.689493
-25.103665 -49.018884 49.595476 -0.233638 -0.354766 0.905292
-27.623863 -52.782332 47.581180 -0.259995 -0.426626 0.866252
-23.716684 -53.244904 48.152459 -0.157785 -0.420345 0.893540
-28.566151 -58.927976 43.550792 -0.270242 -0.520469 0.809988
-66.120448 -35.440659 22.376162 -0.833314 -0.165894 0.527321
-66.829943 -38.077019 20.187324 -0.855440 -0.224601 0.466666
-70.831355 -38.061188 10.736481 -0.926081 -0.182616 0.330191
-68.708668 -35.883401 17.459722 -0.898032 -0.172559 0.404675
-71.355499 -31.393157 10.646778 -0.952940 -0.063351 0.296467
-47.011369 -60.235128 31.692470 -0.588367 -0.509729 0.627694
-49.631526 -36.866187 40.711284 -0.678442 -0.165357 0.715803
-45.191369 -35.105802 44.937231 -0.610846 -0.184663 0.769913
-49.355399 -40.085790 40.159002 -0.654592 -0.230596 0.719955
-40.439483 -32.442104 48.513001 -0.474515 -0.126731 0.871077
-42.433359 -34.796596 47.009890 -0.549839 -0.144243 0.822722
-45.095690 -28.690094 46.019668 -0.574127 -0.100699 0.812550
-59.564393 -61.319343 -56.189783 -0.795274 -0.566242 -0.216586
-55.943909 -64.301058 -61.826506 -0.754078 -0.618588 -0.220714
-53.535144 -64.974601 -67.354287 -0.700475 -0.672933 -0.237691
-53.195354 -67.928336 -60.166800 -0.693951 -0.665906 -0.273864
-56.909046 -61.561144 -65.923646 -0.791796 -0.576305 -0.202315
-60.453453 -57.183042 -63.751458 -0.813064 -0.545730 -0.202743
-50.754756 -68.744494 -63.985698 -0.642111 -0.722597 -0.256023
-55.496524 -61.222451 -71.776842 -0.753796 -0.624746 -0.203675
-55.371946 -66.327996 -58.161519 -0.768402 -0.590815 -0.245959
-59.600458 -56.705902 -69.432007 -0.840606 -0.507388 -0.189577
-61.435090 -49.133579 -79.360969 -0.867894 -0.436659 -0.236831
-59.608639 -53.258574 -78.029392 -0.852670 -0.478062 -0.210740
-58.425395 -52.456505 -83.334843 -0.809241 -0.472689 -0.348847
-59.077101 -50.476125 -84.198692 -0.809850 -0.393373 -0.435203
-61.609299 -47.577122 -81.195495 -0.880163 -0.367030 -0.301000
-57.526223 -55.244388 -81.228793 -0.795520 -0.531131 -0.291629
-63.427153 -48.955464 -71.300445 -0.869753 -0.453362 -0.194919
-77.564622 -19.768084 -42.446540 -0.971428 -0.202082 -0.124459
-76.045349 -24.341145 -45.314438 -0.948596 -0.199946 -0.245331
-76.103450 -28.603378 -42.437661 -0.945301 -0.229263 -0.232044
-74.441681 -30.607174 -46.479732 -0.959006 -0.192014 -0.208416
-78.048109 -19.378715 -39.436075 -0.981656 -0.053504 -0.183001
-79.032995 -20.542182 -34.012503 -0.984454 -0.091419 -0.149976
-76.662015 -24.405083 -43.324812 -0.958782 -0.134409 -0.250342
-78.427813 -15.591035 -36.653384 -0.991129 -0.004261 -0.132834
-78.018708 -23.955305 -38.641664 -0.973054 -0.137437 -0.185140
-77.659115 -26.951399 -36.850651 -0.961434 -0.249167 -0.116447
-76.412544 -22.111108 -46.656678 -0.944680 -0.315520 -0.089591
-79.040007 -22.141700 -31.240983 -0.979883 -0.198131 -0.023945
-77.375477 -28.603686 -33.643143 -0.954789 -0.295197 -0.035164
-75.105455 -25.508750 -48.202743 -0.960343 -0.224904 -0.164801
-75.253268 -24.432316 -49.908913 -0.932040 -0.362354 -0.000626
-78.372881 -15.966200 -39.842534 -0.968325 -0.227236 0.103493
-78.120013 -17.718230 -43.691075 -0.932739 -0.358702 0.036471
-79.420624 -18.346759 -32.858112 -0.993737 -0.013314 -0.110952
-79.431518 -18.731922 -26.836114 -0.999138 -0.039355 -0.013185
-75.986264 -32.810555 -30.773970 -0.961669 -0.269216 -0.052103
-78.445958 -23.792954 -18.183360 -0.973054 -0.228792 0.028644
-79.073324 -21.474268 -26.836480 -0.979374 -0.201662 0.012616
-76.348206 -31.890035 -22.320659 -0.970538 -0.240945 0.000932
-77.190797 -28.558771 -15.947338 -0.977811 -0.209459 0.003476
-79.083264 -19.291213 -13.211927 -0.985448 -0.158016 0.062636
-79.261239 -19.885734 -19.124825 -0.987986 -0.152787 0.023223
-79.610341 -17.253204 -23.794222 -0.997272 -0.066320 -0.032403
-79.873547 -14.593684 -17.564115 -0.993911 -0.107363 0.024791
-77.145819 -29.480107 -27.151391 -0.965801 -0.259128 0.008990
-75.641664 -32.091650 -39.397133 -0.955868 -0.275361 -0.102438
-74.912621 -32.857414 -42.488835 -0.958760 -0.206189 -0.195614
-73.812628 -38.066687 -42.431826 -0.958300 -0.242211 -0.151641
-73.931741 -38.932341 -39.715840 -0.960582 -0.268027 -0.073783
-72.339637 -37.293597 -51.102209 -0.966586 -0.184810 -0.177641
-75.045315 -37.134137 -30.474542 -0.968435 -0.245314 -0.044203
-76.347677 -33.095562 -12.860280 -0.975513 -0.218029 0.028956
-75.165418 -37.703694 -22.088411 -0.973744 -0.226253 -0.025145
-75.859186 -33.696394 -27.064822 -0.972129 -0.233636 -0.019472
-74.210231 -42.000846 -16.695640 -0.967560 -0.252586 0.005313
-72.983701 -45.837689 -22.253799 -0.958032 -0.285043 -0.030427
-72.182339 -44.786379 -35.396184 -0.938683 -0.332993 -0.089382
-74.339670 -38.901604 -33.420567 -0.949448 -0.303416 -0.080549
-73.039394 -44.741704 -28.351181 -0.945419 -0.315370 -0.081998
-72.147004 -47.484955 -26.222796 -0.912333 -0.402935 -0.072748
-70.376521 -49.510482 -35.469834 -0.914151 -0.395457 -0.089123
-67.630239 -56.001545 -32.706698 -0.894059 -0.441963 -0.072986
-71.415053 -43.336413 -48.273126 -0.919738 -0.360105 -0.156227
-70.952126 -40.073192 -55.289291 -0.941876 -0.264464 -0.207190
-72.688516 -29.496036 -57.719631 -0.947176 -0.262726 -0.183940
-72.005818 -33.103726 -58.068967 -0.961284 -0.194019 -0.195677
-71.077327 -30.283484 -63.899741 -0.953810 -0.210992 -0.213842
-72.584849 -39.900215 -47.205712 -0.957086 -0.229369 -0.177136
-70.071136 -34.565389 -65.720572 -0.961349 -0.190359 -0.198926
-69.575378 -38.402719 -63.159453 -0.940464 -0.266992 -0.210340
-72.140903 -28.917332 -60.503386 -0.917648 -0.351929 -0.184577
-69.028558 -40.949211 -61.847240 -0.909479 -0.352681 -0.220146
-70.299125 -30.277681 -67.490840 -0.956033 -0.218491 -0.195610
-71.906964 -36.412752 -55.089282 -0.960671 -0.215224 -0.175469
-69.460026 -44.395976 -55.396678 -0.909396 -0.354514 -0.217530
-73.094209 -31.302911 -53.024533 -0.965745 -0.202113 -0.162746
-76.789041 -21.197833 -48.450463 -0.879577 -0.459896 0.121819
-76.256572 -22.619443 -50.821681 -0.774921 -0.546491 0.317561
-77.529909 38.358526 -59.933327 -0.981653 -0.146411 -0.122152
-77.971338 42.234935 -58.824005 -0.998391 0.024006 -0.051379
-72.853795 37.322942 -80.604879 -0.884777 -0.432980 -0.172328
-74.626440 41.412538 -81.026362 -0.913975 -0.363865 -0.179589
-72.166518 34.431827 -76.770814 -0.866492 -0.445116 -0.225972
-73.115317 33.276402 -71.472202 -0.888072 -0.373763 -0.267638
-74.411433 38.340357 -76.510515 -0.875079 -0.425546 -0.230538
-74.826928 20.858002 -54.926128 -0.988923 -0.049536 -0.139920
-73.882323 23.124175 -63.480100 -0.994472 -0.009111 -0.104601
-75.151584 35.432448 -68.437819 -0.874130 -0.419552 -0.244688
-74.573358 29.316689 -61.964123 -0.938260 -0.274809 -0.210113
-74.416991 25.946926 -60.287567 -0.985498 -0.074357 -0.152528
-74.979394 26.540165 -57.268820 -0.962376 -0.198797 -0.185233
-75.225764 25.178505 -54.587518 -0.975374 -0.122117 -0.183668
-72.104989 29.410604 -71.709720 -0.959461 -0.088178 -0.267694
-74.059831 18.634925 -61.298981 -0.994635 0.055917 -0.087032
-73.562383 26.091203 -65.745784 -0.984516 0.027422 -0.173139
-73.797655 29.825813 -65.808424 -0.964659 -0.126988 -0.230884
-73.778783 19.662547 -66.784812 -0.992774 0.075611 -0.093178
-72.827757 26.839832 -69.081488 -0.968209 0.034462 -0.247758
-72.437307 22.547431 -72.280440 -0.969036 0.125741 -0.212503
-73.287826 19.564602 -69.954966 -0.977378 0.107428 -0.182184
-76.140077 44.878518 -77.683905 -0.985737 -0.118926 -0.119078
-76.962924 44.068107 -71.858987 -0.986107 -0.108465 -0.125813
-76.478491 48.430894 -76.402327 -0.994225 0.005311 -0.107180
-77.117615 49.933188 -70.659476 -0.992207 0.082119 -0.093707
-77.705068 44.305739 -55.835540 -0.987440 0.138674 0.075715
-77.387929 49.528980 -66.898455 -0.993810 0.111089 -0.000707
-77.529656 44.128573 -62.369344 -0.999232 0.016981 -0.035310
-77.400689 41.138500 -63.046146 -0.994293 -0.066884 -0.083110
-75.868715 44.210942 -79.266565 -0.960403 -0.242548 -0.137099
-75.791402 41.100406 -75.247368 -0.946795 -0.260516 -0.188971
-76.573259 39.740078 -69.583909 -0.955411 -0.245499 -0.164074
-77.340603 46.832632 -69.762427 -0.997118 -0.018129 -0.073663
-77.036858 50.421097 -62.844531 -0.970114 0.221528 0.099020
-76.363059 54.410210 -72.479616 -0.977828 0.206495 -0.034818
-74.804778 42.591880 -83.416041 -0.948611 -0.316392 -0.005751
-75.694975 55.740666 -68.711961 -0.876341 0.474033 0.085553
-76.594912 53.042173 -65.537829 -0.960331 0.274795 0.047464
-75.337232 44.841461 -84.551329 -0.983787 -0.159463 -0.082065
-70.207766 27.685730 -79.470076 -0.980890 0.090075 -0.172459
-70.722817 23.355133 -79.753963 -0.973357 0.180896 -0.140902
-71.706407 22.225560 -84.966502 -0.866083 0.164021 0.472227
-70.491810 26.669214 -84.281017 -0.903186 0.148782 0.402639
-70.661897 23.502165 -82.633747 -0.976150 0.189127 0.106593
-76.497674 33.800960 -60.255890 -0.942008 -0.282667 -0.180886
-70.993691 28.323054 -75.504854 -0.969819 0.050269 -0.238588
-71.319638 27.628425 -85.576117 -0.724090 -0.011284 0.689613
-69.990846 28.107655 -82.506909 -0.998804 0.048146 0.008497
-77.037974 39.561874 -65.365011 -0.979716 -0.160367 -0.120159
-76.489797 30.477834 -54.859338 -0.951889 -0.258374 -0.164774
-71.528695 20.015979 -80.460832 -0.929156 0.361667 -0.076594
-75.204395 28.648835 -58.200859 -0.934521 -0.289321 -0.207275
-76.431868 28.214091 -51.730226 -0.968022 -0.193788 -0.159310
-76.415401 35.513593 -64.102410 -0.938992 -0.286426 -0.190405
-76.091429 36.388734 -66.372967 -0.938818 -0.285296 -0.192940
-71.539985 19.937699 -82.347902 -0.929975 0.358003 0.083555
-71.352720 21.189689 -83.771690 -0.885717 0.274435 0.374421
-73.127147 31.056246 -68.998258 -0.929967 -0.242860 -0.276008
-75.673679 38.374765 -71.809157 -0.909738 -0.357115 -0.211768
-74.741972 32.411247 -65.352005 -0.895157 -0.351127 -0.274597
-72.009704 19.928220 -77.663786 -0.933754 0.329265 -0.140316
-72.873845 19.155011 -73.529688 -0.952018 0.279289 -0.125137
-73.869748 16.748370 -73.581253 -0.860734 0.508682 -0.019475
-79.767707 -6.983790 -27.245847 -0.996614 0.011185 -0.081464
-79.277885 3.617725 -27.605442 -0.976893 0.087105 -0.195173
-78.184916 1.405013 -32.379203 -0.985928 0.145772 -0.081828
-79.282465 0.240981 -28.143275 -0.992031 0.041877 -0.118835
-78.679439 -0.657489 -31.292947 -0.965133 0.108987 -0.237991
-79.864397 -0.885591 -22.120997 -0.995496 0.028094 -0.090545
-79.285883 -5.778889 -30.320323 -0.986470 0.044046 -0.157916
-80.008420 -6.316542 -21.678381 -0.997305 0.003271 -0.073294
-79.184766 7.980907 -25.346255 -0.985852 0.120772 -0.116231
-79.730862 4.857146 -22.496191 -0.994852 0.043864 -0.091352
-77.328349 11.560213 -37.709267 -0.977273 0.163587 0.134818
-78.230172 4.753179 -36.249508 -0.962884 0.184049 0.197435
-76.405806 12.886476 -34.526983 -0.980308 0.150665 0.127655
-77.168733 7.932990 -33.118355 -0.988778 0.148836 0.012872
-78.216193 1.811890 -34.168227 -0.962619 0.162495 0.216704
-78.304697 11.204571 -27.407158 -0.960302 0.138242 -0.242300
-77.299210 9.132069 -31.393341 -0.959304 0.124637 -0.253380
-78.836801 -5.196308 -32.615029 -0.997228 0.052258 -0.052966
-76.246977 15.654188 -32.694810 -0.981019 0.103415 -0.164032
-80.356347 -1.328109 -39.169285 -0.959754 0.169237 0.224121
-77.148123 13.474778 -30.226364 -0.956968 0.141417 -0.253405
-75.674758 20.257619 -49.546541 -0.986159 -0.085050 -0.142324
-75.145621 18.016416 -52.173649 -0.990177 0.030042 -0.136558
-75.929147 23.175944 -50.067800 -0.979994 -0.125314 -0.154621
-76.659217 19.782981 -42.070290 -0.993741 0.003560 -0.111653
-76.480724 23.312609 -45.554679 -0.990512 -0.098512 -0.095816
-75.447755 15.704922 -50.921112 -0.984669 0.133240 -0.112578
-75.632419 12.979194 -55.742316 -0.962725 0.265667 -0.050811
-76.515198 11.259097 -48.163250 -0.971735 0.220442 -0.084478
-75.102934 15.706881 -55.251813 -0.983764 0.151156 -0.096750
-75.785435 29.724699 -26.543236 -0.985836 0.143933 -0.086083
-77.011613 21.119204 -27.000863 -0.976616 0.129632 -0.171512
-75.713897 28.039459 -28.836924 -0.979030 0.100151 -0.177400
-75.921507 22.318581 -31.547498 -0.974217 0.123653 -0.188710
-75.080603 26.719471 -32.048251 -0.982126 0.096028 -0.161884
-74.631484 30.348608 -36.290965 -0.978244 0.067598 0.196136
-75.104474 24.756096 -34.646089 -0.990980 0.126145 0.045226
-76.472040 17.119387 -31.290016 -0.977577 0.085944 -0.192240
-76.162179 16.275223 -35.332431 -0.985209 0.108171 0.132897
-76.910698 14.669380 -41.847177 -0.987890 0.056890 -0.144347
-77.411441 11.264604 -40.444031 -0.986723 0.138507 -0.084811
-76.961579 15.980367 -40.208486 -0.996251 0.085731 -0.011616
-77.671421 9.308035 -41.264939 -0.973412 0.217463 -0.071969
-76.326847 27.512497 -40.662876 -0.964881 0.088957 0.247165
-76.803485 27.295517 -43.159541 -0.992877 0.021158 0.117253
-76.992007 28.662031 -45.868623 -0.999279 -0.034285 0.016314
-78.881528 12.764136 -21.766928 -0.987540 0.140048 -0.071774
-76.593407 22.159223 -42.209480 -0.999576 -0.022246 0.018780
-76.032768 20.242338 -36.142059 -0.970502 0.101278 0.218788
-76.372326 22.506576 -39.184958 -0.991451 0.037279 0.125038
-76.950102 30.241776 -49.702737 -0.990261 -0.116728 -0.075886
-75.486429 25.972717 -37.868727 -0.951298 0.126629 0.281064
-75.617021 23.197974 -36.902282 -0.979549 0.161827 0.119564
-78.156007 16.535277 -24.026219 -0.977949 0.134219 -0.160000
-75.772855 19.462809 -35.087624 -0.996803 0.078984 -0.012079
-75.571196 22.352752 -33.663669 -0.988400 0.148148 -0.033442
-75.532566 32.297806 -39.607628 -0.965547 0.071395 0.250244
-75.237280 29.035920 -37.499901 -0.955432 0.051335 0.290715
-76.972850 15.134607 -38.745437 -0.982789 0.119136 0.141181
-76.594605 19.355428 -39.401797 -0.988890 0.080192 0.125167
-77.213323 23.936866 -22.376046 -0.982865 0.157113 -0.096397
-70.008672 -22.138340 -77.414263 -0.949301 -0.210425 -0.233557
-69.551481 -21.382454 -79.638033 -0.957553 -0.170309 -0.232565
-67.419786 -40.047582 -70.246034 -0.921740 -0.314757 -0.226545
-65.326532 -41.531736 -76.072545 -0.920174 -0.285603 -0.267790
-68.760213 -35.370663 -70.792188 -0.928882 -0.269899 -0.253640
-64.258710 -45.377345 -75.185687 -0.901849 -0.370893 -0.221598
-69.167996 -33.265878 -71.270686 -0.953587 -0.188323 -0.234961
-69.528077 -28.368618 -73.441130 -0.951866 -0.200753 -0.231624
-65.520209 -47.048376 -65.892982 -0.883416 -0.418078 -0.211631
-62.386827 -53.505327 -65.029619 -0.854985 -0.472609 -0.213640
-66.821979 -46.586680 -61.644765 -0.894007 -0.376496 -0.242903
-67.511581 -49.085548 -54.819289 -0.871597 -0.441013 -0.214073
-62.920859 -56.751298 -55.873139 -0.825750 -0.517839 -0.223564
-67.442177 -47.168562 -58.632871 -0.893010 -0.377768 -0.244591
-71.293382 -27.849330 -68.207888 -0.458438 -0.807717 -0.370712
-70.591778 -26.028220 -70.285019 -0.799289 -0.352307 -0.486844
-76.075681 -24.645233 -62.528056 -0.952216 -0.297870 -0.067507
-76.222369 -22.535011 -63.537510 -0.956131 -0.288282 -0.052029
-76.849449 -21.814456 -61.269450 -0.947894 -0.228329 -0.222176
-72.221304 -28.389377 -64.156066 -0.590062 -0.799346 -0.113455
-72.931939 -27.926432 -61.513560 -0.550034 -0.835042 0.012979
-77.690389 -20.119972 -61.984477 -0.714634 -0.699109 0.023348
-78.599240 -19.586685 -66.182824 -0.607248 -0.789465 0.089416
-70.048268 -24.857618 -74.382670 -0.966110 -0.194155 -0.170102
-70.276033 -28.472429 -69.636884 -0.959722 -0.176654 -0.218466
-69.722814 -24.207082 -76.712295 -0.946680 -0.225744 -0.229860
-70.240606 -22.882990 -75.675731 -0.955571 -0.220886 -0.195177
-70.289462 -25.330493 -72.075987 -0.964588 -0.179929 -0.192861
-70.878881 -29.127169 -66.146610 -0.852551 -0.472191 -0.224038
-70.735410 -22.026266 -72.641938 -0.728080 -0.294468 -0.619022
-70.849513 -23.525649 -71.794477 -0.402691 -0.334178 -0.852153
-84.646009 -1.699440 -57.905557 -0.921803 0.123318 -0.367521
-84.357131 -0.466669 -56.963115 -0.909267 0.415105 -0.030357
-81.441658 1.823277 -52.218421 -0.826976 0.358787 0.432878
-81.548820 -2.615554 -48.995977 -0.773280 0.346892 0.530757
-82.605099 -1.535102 -51.680978 -0.808051 0.393493 0.438426
-84.728729 -5.891781 -53.990738 -0.740792 -0.288018 0.606855
-85.223794 -5.821479 -55.394485 -0.906247 -0.410608 -0.100586
-84.403380 -6.556902 -55.426674 -0.301334 -0.939907 -0.160540
-78.801060 -5.468216 -53.792294 -0.572158 -0.006084 -0.820121
-83.820676 -0.428426 -54.657376 -0.851988 0.372824 0.367585
-83.690729 -6.274730 -54.521431 -0.055504 -0.858028 0.510595
-81.227687 -4.638815 -53.298920 -0.016590 -0.534276 -0.845147
-83.440835 -2.940138 -52.365570 -0.921981 0.205460 0.328233
-83.110350 -5.864160 -55.964707 0.232843 -0.829232 -0.508093
-85.411416 -4.206527 -55.360606 -0.958875 0.211032 0.189803
-83.015056 1.869646 -55.770148 -0.834829 0.508559 0.210780
-83.512570 -4.445876 -49.750632 -0.858415 0.210639 0.467713
-79.168531 -3.769162 -61.910319 -0.921919 0.159981 -0.352805
-82.902616 -5.119579 -58.012268 -0.328484 -0.716412 -0.615510
-83.599168 -3.638783 -59.364080 -0.672818 -0.355064 -0.649035
-84.470932 -5.692656 -56.868123 -0.505889 -0.624281 -0.595273
-85.243604 -4.298926 -56.770159 -0.891589 -0.141996 -0.430007
-83.526003 -5.119557 -52.915914 -0.922045 -0.366202 0.125417
-78.782935 -3.554786 -53.819132 -0.280025 -0.271553 -0.920785
-80.146181 4.375587 -52.253862 -0.844843 0.447325 0.293497
-80.124540 -5.391217 -52.869538 -0.319567 -0.152013 -0.935291
-82.222827 -6.437827 -52.038178 -0.630368 -0.167212 -0.758074
-84.482527 -3.270357 -54.032661 -0.833962 0.151007 0.530758
-81.382829 4.849816 -58.037410 -0.812675 0.582691 0.005518
-83.433743 -5.491329 -50.647212 -0.928083 -0.369996 -0.042017
-82.702013 -6.572550 -49.345750 -0.747713 -0.277100 0.603441
-80.831248 -3.700280 -60.651710 -0.371446 -0.673497 -0.639085
-81.089763 -2.274889 -62.211372 -0.536592 -0.508266 -0.673598
-81.152032 -0.018424 -63.778687 -0.736110 -0.326203 -0.593071
-79.664346 -1.404108 -63.605562 -0.440588 -0.603362 -0.664708
-82.780886 -0.590274 -61.126375 -0.832161 -0.090234 -0.547143
-81.012891 -5.396554 -47.546396 -0.840904 -0.015093 0.540974
-82.382413 -4.292565 -59.612331 -0.452511 -0.587390 -0.670975
-81.658846 3.685285 -61.437229 -0.857487 0.467845 -0.214095
-82.788432 1.304808 -60.483760 -0.909295 0.261113 -0.324041
-81.758834 1.690983 -62.947775 -0.896130 0.137652 -0.421905
-82.985488 -7.373232 -50.671703 -0.982887 -0.183494 -0.016216
-82.127500 -8.840473 -50.115090 -0.745105 -0.187440 0.640067
-82.754662 -9.138656 -52.348153 -0.951150 0.277384 -0.135546
-80.525460 -1.357982 -48.109348 -0.922397 0.253651 0.291281
-80.213583 2.173200 -49.863421 -0.904265 0.287802 0.315396
-80.482818 5.141309 -54.904490 -0.793215 0.577172 0.194121
-80.601109 -7.173874 -53.435716 -0.551668 0.277766 -0.786453
-79.423057 3.633630 -48.082898 -0.948253 0.288265 0.133115
-81.268822 -7.047525 -48.474981 -0.654308 -0.367061 0.661171
-80.987260 -3.804292 -43.440976 -0.992464 0.107669 -0.058501
-80.820461 -5.283664 -44.923036 -0.999241 -0.022715 -0.031641
-79.002993 -9.042355 -34.618979 -0.994039 -0.086214 0.066731
-80.693567 -1.483325 -41.129357 -0.989642 0.122211 0.075324
-80.958840 -4.951758 -41.321165 -0.994094 -0.024876 0.105636
-79.027594 -10.129780 -32.971238 -0.992566 0.016954 -0.120522
-80.376987 -0.005458 -41.701770 -0.965860 0.258945 0.007833
-79.405139 -1.535314 -36.086257 -0.946360 0.094503 0.308986
-78.505915 5.485381 -38.684004 -0.969437 0.232425 0.078551
-79.712827 -14.040928 -44.491924 -0.945285 -0.318386 0.071184
-79.401502 -13.798481 -31.560791 -0.995463 0.026486 -0.091391
-79.932372 -13.083842 -47.288846 -0.986991 -0.160738 0.003594
-80.440078 -1.908878 -45.766933 -0.983395 0.180511 -0.018701
-79.520141 2.472784 -45.236428 -0.966546 0.256344 -0.008782
-80.311321 -7.760613 -38.948211 -0.964945 -0.129875 0.228066
-79.477311 -8.880607 -36.841608 -0.946742 -0.182109 0.265549
-79.039477 -5.162785 -34.502107 -0.967182 0.002058 0.254076
-80.699088 -9.880717 -49.770801 -0.760850 -0.205822 0.615422
-80.716555 -8.472076 -43.895466 -0.994062 -0.087927 -0.064106
-79.975446 -11.782055 -41.075516 -0.939074 -0.266315 0.217292
-80.594750 -9.994475 -42.017530 -0.984999 -0.159487 0.065883
-80.483502 -7.599758 -47.500514 -0.979949 -0.174071 0.096951
-80.104766 -9.908728 -47.682936 -0.993699 -0.111591 0.010473
-80.165955 -5.069468 -37.689036 -0.958743 -0.007832 0.284167
-78.611494 -1.588709 -33.590211 -0.987349 0.102071 0.121339
-80.708025 -3.766421 -46.960258 -0.967946 0.145205 0.204931
-71.622661 -8.710651 -66.863755 -0.946709 0.315297 -0.065801
-72.123749 -8.932803 -64.096753 -0.822089 0.513911 -0.245083
-73.300518 -10.440449 -65.325164 -0.599794 0.731808 -0.323580
-73.214474 -11.142053 -67.071403 -0.644458 0.733725 -0.215225
-73.006317 -7.902070 -62.254254 -0.574272 0.537838 -0.617205
-71.642690 -6.873539 -62.626757 -0.785619 0.416565 -0.457468
-71.142647 -6.530748 -64.188157 -0.964777 0.252405 -0.074139
-80.472042 -6.268156 -62.025337 -0.780888 0.558467 0.279872
-80.240818 -5.636134 -63.909302 -0.637428 0.747787 -0.185744
-83.269942 -9.828827 -64.806701 -0.936342 0.348980 0.038421
-83.466344 -11.042414 -66.423834 -0.968713 0.229878 -0.093553
-72.942624 -4.184032 -60.799722 -0.301733 0.117308 -0.946148
-80.646328 -7.599177 -60.130574 -0.695196 0.670049 0.260262
-81.580473 -7.126053 -65.699188 -0.705628 0.672767 -0.222424
-82.039165 -7.818521 -63.461532 -0.818275 0.564304 0.109485
-79.521464 -6.203546 -65.728813 -0.262452 0.832064 -0.488660
-70.567909 -3.860754 -63.884440 -0.990368 0.102655 -0.092913
-78.965168 -5.771979 -60.127557 -0.738218 0.496854 0.456257
-81.765059 -10.430251 -72.339486 -0.472769 0.839590 -0.267540
-79.809756 -9.781216 -72.145257 -0.016722 0.924966 -0.379682
-79.923353 -10.602437 -74.270713 -0.077471 0.945041 -0.317642
-83.524104 -12.432534 -59.373270 -0.987126 0.126970 0.097271
-82.520684 -9.489532 -60.744078 -0.853136 0.496768 0.159313
-78.751023 -0.610300 -65.658925 -0.599946 -0.604161 -0.524457
-78.503717 7.843485 -62.310659 -0.811636 0.576384 -0.095012
-80.746689 -7.794792 -67.634592 -0.355498 0.809256 -0.467680
-82.777329 -9.403040 -66.991063 -0.805416 0.532438 -0.260413
-82.183236 -9.615852 -69.123116 -0.710129 0.650647 -0.269026
-78.185641 -8.569623 -68.776670 0.106613 0.917430 -0.383348
-80.099560 -8.895286 -70.088327 -0.201441 0.898491 -0.390045
-71.109010 -4.751877 -62.257622 -0.906192 0.168109 -0.388015
-78.319102 -4.886203 -63.843584 -0.301717 0.816318 -0.492536
-78.497822 -7.390787 -67.050330 0.033848 0.756355 -0.653285
-79.461453 1.301732 -66.480815 -0.727895 -0.199628 -0.655986
-83.713432 -12.809924 -63.516548 -0.999839 -0.006575 0.016711
-81.730592 -8.508056 -54.231488 -0.712839 0.683092 -0.158888
-81.553807 -8.549319 -55.746006 -0.726768 0.681949 -0.082183
-71.006831 -2.416163 -62.618059 -0.829202 -0.246606 -0.501608
-71.213251 -1.108280 -63.972123 -0.848968 -0.438820 -0.294433
-72.255823 -5.766804 -61.214986 -0.641526 0.312788 -0.700434
-71.749658 -3.755140 -61.126991 -0.705690 -0.084481 -0.703466
-77.513133 -10.678729 -72.988944 0.221049 0.905690 -0.361749
-83.143185 -11.252410 -58.467684 -0.951538 0.303195 0.051464
-81.856628 -9.049682 -58.540461 -0.769273 0.634307 0.076637
-70.661508 -2.590190 -64.593601 -0.974800 -0.159094 -0.156380
-72.288779 -0.127901 -62.332093 -0.748841 -0.349121 -0.563340
-72.942565 -1.925465 -61.166931 -0.618406 -0.329021 -0.713666
-81.265696 -8.454429 -57.121212 -0.707529 0.706682 -0.001799
-82.490421 -16.336872 -64.607906 -0.801048 -0.593661 0.076736
-83.437915 -14.441588 -64.522287 -0.955049 -0.293613 0.040901
-82.802584 -9.773897 -54.864182 -0.896419 0.428077 -0.114819
-82.543676 -9.733165 -56.815789 -0.871701 0.485774 -0.064510
-78.164561 -11.103065 -74.893129 0.183771 0.951650 -0.246151
-71.117324 -6.061151 -65.891464 -0.996278 0.073719 0.044678
-83.019780 -13.372985 -57.789916 -0.949908 -0.251548 0.185468
-79.869265 -7.555802 -57.991601 -0.623919 0.752351 0.211406
-83.177673 -14.691329 -60.633052 -0.917272 -0.382482 0.110990
-71.404238 -5.290309 -68.036883 -0.968979 -0.170243 0.179157
-71.001579 -4.087973 -65.883347 -0.983386 0.138346 0.117523
-81.957484 -16.548723 -60.688900 -0.683712 -0.724756 0.085243
-77.764973 -9.615817 -70.805555 0.168389 0.913718 -0.369818
-76.263127 -23.854093 -65.146941 -0.972713 -0.035791 0.229233
-76.485777 -21.851052 -65.875813 -0.932503 -0.300221 0.200763
-83.844707 -14.591930 -75.692446 -0.998962 -0.001346 0.045536
-83.426320 -12.674521 -75.025488 -0.870773 0.489944 -0.041345
-80.653997 -19.555590 -74.013695 -0.731698 -0.659691 0.171538
-79.497841 -19.392341 -69.659482 -0.647131 -0.743898 0.166848
-83.143640 -11.836918 -71.322878 -0.932237 0.355700 -0.066425
-83.580875 -13.878199 -69.225314 -0.999985 -0.003923 -0.003838
-83.172304 -16.127552 -70.089778 -0.946239 -0.313471 0.079803
-83.284708 -15.623442 -68.480651 -0.905925 -0.419139 0.060183
-80.796904 -17.965290 -64.615886 -0.614856 -0.782764 0.096083
-82.707786 -17.425098 -72.169876 -0.762929 -0.638873 0.098894
-81.948468 -17.683465 -69.875685 -0.658105 -0.743730 0.117313
-83.431768 -16.597161 -75.593433 -0.934054 -0.352486 0.057415
-78.140360 -20.858520 -69.261788 -0.843420 -0.453853 0.287507
-79.071702 -23.848681 -76.852461 -0.717666 -0.693435 -0.064060
-79.517128 -22.675928 -75.400558 -0.907370 -0.396845 0.138543
-79.498530 -22.366827 -78.578918 -0.790962 -0.593491 -0.148825
-76.109334 -26.043973 -65.102113 -0.894810 -0.385713 0.224813
-74.623960 -27.486262 -64.460205 -0.517303 -0.837177 0.177577
-76.823461 -26.754178 -67.482028 -0.865932 -0.404844 0.293705
-79.190004 -21.882190 -81.203874 -0.643883 -0.708129 -0.289772
-80.840891 -19.979552 -81.185953 -0.755439 -0.637972 -0.149343
-82.670899 -17.907685 -76.576281 -0.787425 -0.613533 0.059482
-71.512806 -20.926692 -72.250649 0.276990 -0.097098 -0.955954
-77.448191 -20.574308 -66.645060 -0.733955 -0.669674 0.113345
-79.209916 -21.594962 -73.170957 -0.892603 -0.371360 0.255639
-82.892668 -11.539250 -73.910469 -0.723382 0.679830 -0.120624
-73.500326 -12.260892 -72.819947 -0.625971 0.761996 0.165902
-73.503328 -27.970484 -66.002136 -0.126841 -0.991675 -0.022196
-78.049315 -23.803732 -71.215776 -0.948780 -0.195555 0.248144
-71.889828 -23.042690 -72.873193 0.733242 0.068391 -0.676520
-74.804784 -11.902338 -76.013762 -0.499115 0.858747 0.115918
-82.115400 -11.449075 -75.303372 -0.360867 0.903701 -0.230433
-71.392885 -26.260032 -69.829374 0.114429 -0.713040 -0.691722
-74.316324 -23.141454 -78.102815 0.546525 -0.718868 -0.429581
-74.579095 -24.764959 -76.339358 0.320436 -0.844820 -0.428486
-76.024952 -24.441302 -78.101393 0.151922 -0.899947 -0.408675
-74.642085 -21.775609 -80.289128 0.691666 -0.510822 -0.510548
-78.049232 -24.670914 -73.542117 -0.820309 -0.565601 0.084789
-77.491229 -23.440194 -80.025458 -0.306455 -0.868736 -0.389079
-78.041622 -24.320369 -77.623797 -0.398877 -0.848967 -0.346629
-82.054540 -11.670868 -77.500423 -0.465331 0.883036 0.060952
-79.603174 -11.207856 -76.372298 -0.062733 0.995023 -0.077423
-80.536669 -20.610324 -76.689578 -0.877906 -0.463908 0.118616
-77.540599 -25.673012 -69.527986 -0.974351 -0.136893 0.178605
-76.557706 -25.490701 -75.147967 -0.282743 -0.925337 -0.252603
-72.014865 -26.008581 -70.923866 0.449519 -0.810668 -0.375166
-73.415411 -26.464089 -71.811804 0.269913 -0.904715 -0.329602
-72.218187 -25.139188 -72.561805 0.619935 -0.727129 -0.294896
-75.128662 -26.429556 -72.814423 -0.083821 -0.945626 -0.314271
-73.467132 -25.835505 -73.470441 0.377956 -0.831094 -0.407961
-74.788104 -25.750148 -74.575772 0.256314 -0.860804 -0.439682
-77.919511 -22.512078 -81.867613 -0.259223 -0.828829 -0.495830
-81.413145 -19.419537 -78.056935 -0.788991 -0.613660 0.030256
-83.765272 -13.275122 -78.567192 -0.914856 0.384291 0.123930
-77.148463 -26.009388 -71.739987 -0.656024 -0.726912 -0.203055
-75.545255 -23.348336 -79.939130 0.364948 -0.808496 -0.461679
-76.307194 -22.482457 -81.837713 0.322463 -0.801406 -0.503751
-73.125342 -27.159136 -69.768274 0.203625 -0.887753 -0.412832
-75.662640 -27.471501 -69.807535 -0.061231 -0.948551 -0.310647
-77.129952 -26.994592 -69.914337 -0.677929 -0.731459 -0.073355
-73.541952 -27.861189 -67.855381 0.018069 -0.977842 -0.208563
-75.403314 -27.920694 -67.418774 -0.326695 -0.943237 0.059794
-77.234120 -11.553731 -77.362536 0.187074 0.976560 0.106461
-73.106388 -24.495151 -74.608999 0.522459 -0.712505 -0.468373
-79.646499 -10.963598 -78.536734 -0.096390 0.958593 0.267972
-82.343574 -11.170693 -79.598507 -0.447288 0.805970 0.387744
-74.040335 -11.852601 -70.936864 -0.106909 0.993668 0.034558
-78.999658 -20.302346 -84.371370 -0.410523 -0.690604 -0.595430
-72.801573 -11.375181 -74.251574 -0.798778 0.580390 0.158431
-75.184909 -11.435662 -78.262255 -0.213547 0.872100 0.440272
-77.283564 -16.962508 -86.157705 0.284759 -0.509943 -0.811708
-76.414796 -21.427264 -83.524003 0.232148 -0.737358 -0.634358
-77.630693 -20.664877 -84.394580 0.030483 -0.670819 -0.740994
-75.661761 -19.644817 -84.264468 0.318512 -0.513132 -0.797023
-79.086478 -18.245752 -85.984015 -0.104921 -0.633938 -0.766233
-77.299699 -19.084589 -85.385872 0.090172 -0.516608 -0.851461
-75.008638 -20.746871 -82.385222 0.651530 -0.623705 -0.431857
-78.736727 -16.198427 -87.703188 0.230307 -0.739825 -0.632153
-80.787571 -18.859181 -84.232377 -0.616038 -0.669344 -0.415302
-74.308138 -27.638667 -51.037080 -0.962948 -0.242278 -0.118461
-75.707656 -25.835045 -54.630663 -0.620323 -0.779137 0.090247
-76.185705 -25.454888 -59.189791 -0.729502 -0.670559 -0.134823
-75.714415 -26.009915 -57.193726 -0.565823 -0.824473 -0.009418
-77.752672 -24.895072 -54.113176 -0.290473 -0.940587 0.175843
-76.430620 -24.637285 -53.019236 -0.332256 -0.742187 0.582035
-73.861396 -27.999624 -54.386117 -0.900627 -0.424683 -0.092282
-73.602406 -27.677756 -57.652966 -0.711473 -0.700054 -0.061083
-74.848608 -26.062656 -52.474655 -0.850947 -0.493340 0.180289
-77.734340 -24.857541 -56.298677 -0.498569 -0.852477 -0.157200
-74.819338 -26.852842 -61.713804 -0.705734 -0.706382 0.054438
-79.617941 -23.895784 -56.248955 -0.560595 -0.681535 -0.470365
-80.338193 -22.425054 -56.790732 -0.674690 -0.177077 -0.716545
-77.073017 -22.623851 -51.548235 -0.089528 -0.625478 0.775088
-80.547396 -17.416911 -57.808263 -0.686103 -0.726234 0.042967
-78.368531 -23.414920 -58.055369 -0.715224 -0.460190 -0.526004
-78.942721 -20.113397 -56.695363 -0.686313 0.185281 -0.703310
-77.701212 -20.862907 -58.694259 -0.868138 0.096325 -0.486886
-79.101108 -21.631327 -57.497831 -0.631749 0.208499 -0.746607
-81.558355 -22.912432 -53.469510 -0.746992 -0.661040 0.070909
-81.119283 -22.649700 -55.606175 -0.753159 -0.461030 -0.469257
-80.051202 -24.273267 -54.754250 -0.510991 -0.854069 -0.097237
-79.724067 -24.132689 -53.137807 -0.314447 -0.863256 0.394858
-79.234740 -18.901666 -56.492618 -0.778117 -0.543388 -0.315060
-80.199755 -18.937966 -55.631704 -0.362555 0.078885 -0.928618
-81.068463 -20.037336 -50.102820 -0.284628 -0.454087 0.844270
-81.001691 -22.762431 -51.808257 -0.534463 -0.614506 0.580286
-79.501076 -22.970029 -51.479357 -0.079166 -0.616281 0.783537
-81.643849 -15.924328 -56.421665 -0.844103 -0.535689 -0.022968
-77.647934 -20.146073 -59.342704 -0.816714 -0.563825 -0.122798
-77.005150 -23.735066 -60.072710 -0.884811 -0.307477 -0.350097
-77.650980 -22.169882 -59.263510 -0.853697 -0.014586 -0.520567
-81.061613 -20.573226 -55.902359 -0.474153 0.061918 -0.878262
-77.755094 -20.624965 -49.934372 -0.310681 -0.577708 0.754805
-80.149957 -13.998349 -48.900617 -0.565046 -0.058944 0.822951
-82.387015 -14.273768 -56.405627 -0.956334 -0.275519 -0.097543
-81.782411 -15.503753 -48.729706 -0.155275 -0.034897 0.987255
-78.992739 -18.298937 -49.097730 -0.423320 -0.349410 0.835890
-83.529351 -18.423369 -51.683861 -0.809639 -0.214987 0.546137
-84.009094 -16.222790 -52.008976 -0.853422 0.032727 0.520192
-82.900454 -21.036855 -54.434031 -0.745964 -0.586418 -0.315676
-82.628708 -20.665480 -51.955431 -0.738796 -0.509628 0.440976
-85.272774 -14.313935 -54.804602 -0.910721 0.342454 0.230894
-84.406227 -14.255249 -53.492029 -0.825498 0.441010 0.352225
-84.868323 -14.066323 -55.775805 -0.313418 0.884298 -0.346101
-83.114304 -12.851807 -54.846119 -0.961389 -0.056040 -0.269426
-83.591273 -11.463133 -52.752698 -0.983023 0.180567 -0.032566
-83.048982 -11.136285 -50.907556 -0.899993 0.132722 0.415207
-81.338542 -17.454273 -55.516577 -0.428902 -0.351961 -0.831965
-82.803650 -17.481890 -55.710398 0.104303 -0.110947 -0.988338
-82.463565 -16.107501 -55.693667 -0.224734 -0.154304 -0.962125
-83.145043 -11.591963 -56.210699 -0.998199 0.031007 -0.051363
-78.180386 -18.094263 -47.398166 -0.894357 -0.384350 0.228911
-83.638666 -12.836944 -53.047360 -0.975848 0.205353 0.074509
-79.135165 -15.793029 -48.134038 -0.932613 -0.352781 0.076017
-82.131634 -15.061261 -48.954744 -0.820002 -0.039773 0.570977
-83.438178 -14.243530 -51.389051 -0.905408 0.111471 0.409647
-82.837099 -14.609732 -55.521803 -0.455088 0.304720 -0.836684
-82.019625 -18.969985 -49.994244 -0.521552 -0.322046 0.790108
-85.167836 -16.242634 -53.729346 -0.931096 -0.097480 0.351507
-84.183742 -19.563560 -53.549398 -0.841257 -0.427938 0.330387
-84.289453 -19.656167 -54.648194 -0.865279 -0.410762 -0.287344
-83.455517 -13.612658 -54.507057 -0.534489 0.757487 -0.374880
-83.371796 -15.130888 -55.911759 0.435039 0.208993 -0.875821
-84.446905 -14.436853 -56.091639 -0.372148 0.045864 -0.927040
-83.325075 -19.193744 -55.447702 -0.298233 -0.319042 -0.899594
-85.390513 -15.592710 -55.390699 -0.923520 -0.164869 -0.346307
-84.351583 -17.330186 -55.870132 -0.453446 -0.243650 -0.857334
-83.690739 -16.129562 -56.089503 -0.178446 -0.080953 -0.980614
-82.441290 -11.864579 -49.939646 -0.538755 0.245608 0.805866
-81.706829 -11.068318 -49.887694 -0.362897 0.169991 0.916193
-80.244699 -11.355556 -49.017373 -0.887497 -0.000497 0.460813
-81.734819 -18.705553 -55.498839 -0.075927 0.143021 -0.986803
-65.433446 0.924635 -79.566399 -0.839011 0.516869 0.170021
-66.899262 -1.103983 -80.632778 -0.822166 0.387376 0.417112
-66.351126 -0.823367 -78.780946 -0.907281 0.418835 -0.037663
-65.832670 0.191182 -77.172342 -0.798339 0.591036 -0.115462
-66.956609 -1.282470 -76.944542 -0.836719 0.505092 -0.211619
-67.723687 -4.251961 -78.272827 -0.843905 0.456094 -0.282494
-68.411999 -5.428047 -79.358830 -0.786022 0.615345 0.059328
-67.122675 -0.275830 -75.165806 -0.721067 0.476680 -0.502831
-68.014062 -3.015273 -76.584397 -0.789359 0.429182 -0.438993
-68.621950 -0.763927 -73.893735 -0.542773 0.448430 -0.710146
-69.323703 0.493253 -72.734740 -0.473216 0.439636 -0.763405
-67.609203 -3.398727 -80.308992 -0.834095 0.372220 0.407109
-70.490923 -1.255186 -73.018116 -0.527614 0.282604 -0.801099
-69.120646 -4.882726 -81.141169 -0.685196 0.370280 0.627215
-72.530527 -11.655174 -71.942857 -0.791451 0.603453 0.097211
-73.770808 -11.535908 -68.736210 -0.455149 0.859452 -0.232771
-72.373745 -10.735494 -68.512621 -0.824531 0.543410 -0.157649
-71.513920 -8.743587 -69.935768 -0.984914 0.173024 0.002517
-71.774957 -9.593279 -72.602903 -0.974924 0.217093 0.048929
-71.906946 -10.517269 -70.616688 -0.926884 0.372553 -0.045721
-70.208924 -6.562358 -76.524640 -0.824349 0.496987 -0.271022
-70.708016 -7.841191 -79.595872 -0.716297 0.692786 0.083461
-69.990744 -6.725007 -80.966643 -0.693319 0.569155 0.442008
-71.389818 -8.703184 -77.452010 -0.812724 0.582616 0.006164
-72.509178 -9.615837 -79.223174 -0.632034 0.716246 0.295845
-72.779418 -11.744434 -70.146248 -0.604795 0.779625 -0.162505
-70.702853 -5.050362 -74.360541 -0.775443 0.347063 -0.527480
-72.788829 -10.624636 -76.799042 -0.737837 0.665489 0.112793
-71.597636 -8.796417 -75.069177 -0.920877 0.383027 -0.072642
-69.439240 -2.804353 -74.555458 -0.664679 0.388094 -0.638423
-71.851892 -3.288658 -72.426115 -0.788183 0.019542 -0.615131
-76.752662 10.059225 -53.715745 -0.896157 0.443095 0.023844
-77.996517 8.035195 -54.250902 -0.784668 0.610728 0.106337
-76.997887 9.521919 -49.346779 -0.932950 0.359781 -0.012735
-78.462341 6.491202 -50.375896 -0.872746 0.475162 0.111959
-78.723867 5.257966 -46.034500 -0.936375 0.350165 0.024224
-78.264973 6.743240 -42.561505 -0.955372 0.294743 -0.019743
-71.613439 -7.370852 -71.145383 -0.994915 -0.072493 0.069928
-75.145614 -1.838677 -68.295901 -0.653406 -0.552808 -0.517170
-73.702194 -2.152544 -70.518679 -0.753421 -0.310772 -0.579464
-75.454932 -0.206967 -69.523600 -0.652596 -0.266923 -0.709134
-72.446535 -0.751584 -71.830785 -0.571578 0.063040 -0.818123
-72.708469 1.263590 -71.447738 -0.451347 0.006390 -0.892325
-74.048859 0.323518 -70.776486 -0.579123 -0.095185 -0.809664
-75.955901 2.427397 -69.534205 -0.662133 -0.137896 -0.736590
-71.504919 -6.262054 -73.191340 -0.968054 0.079602 -0.237770
-79.235745 7.249624 -59.236121 -0.747055 0.664029 0.031217
-77.466832 9.261674 -58.169810 -0.823378 0.566429 0.034731
-78.145503 2.083413 -67.787593 -0.675790 -0.032190 -0.736391
-70.874887 1.298091 -71.988155 -0.445745 0.276418 -0.851413
-72.192152 -4.694799 -70.406361 -0.946096 -0.288112 -0.147963
-76.232462 11.227393 -57.330763 -0.901403 0.432459 0.021252
-77.255308 9.863588 -63.076496 -0.869982 0.492834 0.015704
-77.452978 0.061692 -67.915294 -0.634773 -0.445020 -0.631680
-77.741305 5.366455 -67.997014 -0.854059 0.002596 -0.520170
-73.414365 -3.187953 -69.071498 -0.839278 -0.507169 -0.195939
-77.043034 -1.127440 -66.899504 -0.551115 -0.713160 -0.433215
-79.312614 5.958479 -64.158845 -0.844694 0.449907 -0.289958
-80.467758 2.701239 -65.252326 -0.847583 0.240221 -0.473177
-77.230863 -1.314711 -65.491455 -0.398351 -0.900781 -0.172943
-79.225887 3.948366 -66.231917 -0.811147 0.230945 -0.537312
-73.959650 2.654459 -71.041045 -0.524586 -0.225851 -0.820854
-75.961945 12.447430 -64.575344 -0.898380 0.436141 0.051898
-74.404689 16.497582 -60.648585 -0.975714 0.211443 -0.057220
-74.796079 14.867136 -63.040819 -0.937799 0.347145 0.004925
-74.117416 17.160170 -66.813264 -0.970499 0.236363 -0.047591
-75.022479 14.748919 -67.778693 -0.892736 0.450125 0.020250
-75.081597 9.713927 -82.755437 -0.874751 -0.240765 -0.420527
-74.204498 7.943803 -82.497566 -0.765893 -0.446851 -0.462311
-73.387717 4.293861 -72.308326 -0.339460 -0.653588 -0.676453
-74.345944 11.259073 -85.041481 -0.994411 0.008687 -0.105218
-73.407523 7.951172 -84.541669 -0.974158 -0.159005 0.160420
-77.971849 8.859819 -76.016359 -0.952074 0.233457 -0.197617
-77.587126 7.909815 -77.598098 -0.907586 -0.071779 -0.413685
-77.015802 10.636981 -67.323747 -0.941798 0.332556 0.049228
-76.969993 11.723736 -71.081194 -0.916734 0.393477 0.069093
-75.657458 11.236156 -81.275216 -0.926839 0.123775 -0.354471
-76.540825 5.212698 -69.892427 -0.831813 -0.443058 -0.334345
-76.316802 13.253454 -73.573741 -0.857051 0.515201 0.005605
-74.855464 15.199754 -76.522139 -0.828232 0.559325 -0.034442
-77.359267 9.907320 -69.678296 -0.989190 0.140970 0.040382
-78.296801 6.832674 -66.089779 -0.904367 0.289886 -0.313188
-77.729478 8.740845 -64.941249 -0.909152 0.410720 -0.068939
-75.150221 3.677853 -70.828674 -0.585286 -0.531319 -0.612487
-75.227033 6.989643 -86.120528 -0.819593 0.419609 0.390123
-74.532786 6.628139 -85.256427 -0.512496 0.371269 0.774278
-77.590012 8.265477 -67.756821 -0.980002 0.161802 -0.115830
-77.953669 7.937717 -74.446746 -0.992335 -0.077333 0.096388
-77.560991 10.415454 -74.316833 -0.947942 0.318349 -0.007743
-77.662223 9.013552 -72.059966 -0.995491 0.043163 0.084471
-77.375590 7.178506 -69.954065 -0.987734 -0.135935 -0.076827
-77.662570 6.465728 -76.076627 -0.872395 -0.481890 -0.081901
-76.190871 5.381303 -74.745805 -0.483754 -0.875129 -0.011453
-77.243423 6.566975 -72.750582 -0.872100 -0.487275 0.044783
-75.584002 4.881648 -72.377814 -0.557167 -0.800659 -0.220251
-76.503978 5.575172 -76.834878 -0.451159 -0.863830 -0.224174
-74.499063 6.523628 -80.260269 -0.505526 -0.597009 -0.622915
-76.555777 6.552856 -78.619155 -0.681592 -0.544612 -0.488703
-75.806708 7.975002 -80.590064 -0.822200 -0.229874 -0.520716
-74.675705 5.576885 -78.284639 -0.349965 -0.825763 -0.442312
-76.071840 13.270454 -77.107306 -0.875049 0.465515 -0.132606
-74.208978 5.092368 -74.190157 -0.091360 -0.978835 -0.183124
-74.584821 9.344773 -86.591783 -0.979860 0.143398 0.138962
-74.393828 11.854949 -87.334446 -0.998149 0.060793 -0.001875
-74.574679 5.287600 -76.287686 -0.126806 -0.989253 -0.072799
-68.893064 -15.990479 -88.849095 -0.995433 -0.086465 0.040456
-69.022802 -14.910989 -90.249411 -0.991850 -0.125702 -0.020799
-68.999322 -14.177997 -88.002132 -0.996602 -0.074674 0.034769
-68.776157 -15.947198 -86.701795 -0.995757 -0.080882 0.043896
-69.257884 -12.703625 -89.361110 -0.993222 -0.114294 0.021163
-69.955420 -9.219385 -95.082005 -0.983935 -0.178468 -0.004576
-69.226337 -13.528933 -92.337738 -0.987086 -0.160018 0.007469
-68.631563 -17.876050 -86.391412 -0.999009 -0.038809 0.021784
-69.507746 -10.651308 -90.351363 -0.986843 -0.145363 0.070779
-69.845324 -7.768527 -91.649862 -0.994149 -0.084306 0.067529
-69.679631 -10.727864 -92.905128 -0.990726 -0.123864 0.055850
-71.250649 -7.430220 -81.450702 -0.558620 0.760145 0.331848
-74.470457 13.202710 -83.278329 -0.924780 0.288570 -0.248011
-73.091443 17.344493 -84.542946 -0.906073 0.294925 0.303399
-73.999407 16.097873 -86.265126 -0.967386 0.127048 0.219144
-73.651401 4.775524 -84.210337 -0.271501 0.372035 0.887624
-73.553103 6.476605 -84.823669 -0.417450 -0.130760 0.899243
-72.933001 18.018005 -77.570037 -0.864889 0.490680 -0.105826
-73.940669 14.456059 -84.721024 -0.971795 0.231778 0.043513
-73.343588 21.551024 -87.320193 -0.884733 0.189726 0.425736
-73.526677 15.756224 -82.577446 -0.882585 0.459692 -0.098624
-74.057596 20.444178 -88.867813 -0.971133 0.098962 0.217043
-74.596369 20.297247 -95.593904 -0.998449 -0.055407 -0.005369
-74.405375 19.227805 -91.435382 -0.998209 -0.014032 0.058161
-75.470144 13.122938 -80.191399 -0.906134 0.345614 -0.243870
-75.967205 6.162476 -87.950583 -0.844445 0.535640 0.001489
-77.820581 3.672903 -87.559371 -0.769591 0.638498 0.007081
-77.404684 3.452683 -90.348530 -0.819112 0.523778 -0.233908
-74.432905 16.515977 -88.784458 -0.998675 0.022549 0.046264
-77.257589 3.559862 -85.643019 -0.674302 0.567994 0.471910
-75.896009 3.134768 -84.209203 -0.418288 0.510236 0.751462
-75.096655 7.915295 -87.491138 -0.930242 0.366456 -0.018970
-74.175504 13.400968 -91.347420 -0.999519 -0.030215 -0.006963
-76.021121 5.390024 -91.517476 -0.878864 0.440760 -0.182563
-74.373326 15.111183 -96.728323 -0.998399 -0.043474 -0.036193
-74.479574 9.293088 -93.253296 -0.978298 0.183189 -0.096824
-75.043624 7.458166 -91.983387 -0.940406 0.318821 -0.118274
-68.872508 -2.343578 -81.704419 -0.610843 0.258403 0.748398
-74.149795 2.510437 -83.313186 -0.236436 0.518255 0.821894
-78.452980 -3.017270 -94.268479 -0.853329 0.280732 -0.439338
-77.669494 1.423716 -92.485525 -0.852385 0.369648 -0.369866
-70.639190 -4.482180 -94.438403 -0.972225 -0.233494 0.016066
-71.285369 -2.856842 -95.999417 -0.719756 -0.668490 -0.187277
-70.755759 -4.200654 -97.401074 -0.976719 -0.213915 0.016147
-70.382205 -7.356105 -100.533042 -0.974256 -0.225426 -0.002744
-74.992602 5.541385 -94.717616 -0.902149 0.290500 -0.318962
-74.188296 4.433056 -97.079735 -0.855973 0.142787 -0.496912
-75.859498 1.320399 -96.130211 -0.800374 0.286395 -0.526668
-70.435894 -6.367656 -95.618077 -0.988970 -0.145634 0.027002
-70.288077 -6.505456 -93.769982 -0.985857 -0.153430 0.067412
-74.170420 1.716961 -97.860583 -0.683357 0.072693 -0.726456
-73.056655 2.675949 -98.990141 -0.857631 -0.088997 -0.506507
-72.519514 -2.802361 -94.302550 -0.362281 -0.902080 -0.234528
-77.038365 -0.645462 -95.742821 -0.792196 0.277492 -0.543528
-76.502950 -5.166963 -96.391906 -0.228718 -0.275313 -0.933751
-72.950950 -1.943416 -96.939920 -0.265730 -0.657980 -0.704592
-74.868414 -0.669088 -97.442187 -0.403824 -0.048882 -0.913530
-75.071567 -3.225450 -96.956446 -0.026411 -0.214067 -0.976462
-77.079600 -3.693657 -96.420061 -0.652899 0.043175 -0.756213
-72.917227 0.148089 -98.492575 -0.617935 -0.343825 -0.707065
-71.640132 -1.490037 -98.569404 -0.857814 -0.456728 -0.235701
-76.000651 -2.102196 -97.250742 -0.475403 0.050740 -0.878304
-82.741857 -10.609268 -86.203836 -0.958996 0.237079 -0.155307
-82.892373 -12.294693 -86.190027 -0.945152 -0.040548 -0.324103
-82.027468 -11.053561 -89.194285 -0.942372 0.079022 -0.325101
-80.205009 -10.085938 -80.353863 -0.181161 0.834859 0.519800
-80.796545 -0.617996 -86.840849 -0.941009 0.334072 -0.053827
-81.071996 -2.793745 -86.020617 -0.913636 0.170275 0.369155
-71.028456 -5.768528 -81.896251 -0.468200 0.299869 0.831184
-80.909000 -16.814190 -86.818916 -0.537653 -0.645785 -0.542117
-82.440385 -14.386469 -86.656999 -0.861004 -0.294933 -0.414350
-81.242005 -15.125479 -88.546645 -0.723404 -0.446805 -0.526357
-81.748548 -8.370847 -88.477063 -0.963000 0.139816 -0.230397
-73.907437 -11.605625 -77.305972 -0.537563 0.801413 0.262229
-74.127250 -10.530527 -79.542167 -0.359910 0.803774 0.473721
-77.555274 -13.281312 -89.745959 0.646156 -0.529623 -0.549529
-81.457802 -8.935644 -82.939188 -0.604718 0.668920 0.432275
-76.710743 -9.612198 -92.887013 0.494283 -0.540371 -0.680943
-81.027864 -6.732071 -84.504498 -0.881721 0.288872 0.372990
-80.256687 -6.663982 -83.176170 -0.705181 0.277162 0.652611
-83.950180 -15.689648 -79.549329 -0.976537 -0.212588 0.034387
-76.177254 -10.231177 -80.469132 -0.140630 0.808123 0.571979
-79.956677 -12.676645 -91.552761 -0.382982 -0.523267 -0.761260
-78.460271 -12.649483 -91.419028 0.207819 -0.613985 -0.761468
-81.707853 -7.316869 -86.103656 -0.972544 0.211372 0.097363
-83.516511 -14.015997 -84.467666 -0.926420 -0.113985 -0.358821
-77.140473 -11.013975 -91.897178 0.519008 -0.597518 -0.611230
-83.789544 -15.838274 -82.908444 -0.944005 -0.286813 -0.163071
-84.089301 -13.819808 -82.430964 -0.992636 0.029789 -0.117418
-80.802756 -8.819355 -91.422583 -0.884878 0.022720 -0.465269
-83.807776 -12.150724 -80.230877 -0.832607 0.538838 0.128139
-78.690205 -5.183549 -94.911469 -0.805616 0.080954 -0.586881
-83.259963 -17.349405 -80.346433 -0.811649 -0.582481 -0.044069
-79.739923 -8.694035 -82.013228 -0.322423 0.583240 0.745570
-79.896835 -10.917665 -92.319873 -0.613740 -0.275646 -0.739825
-81.532504 -12.058803 -90.000192 -0.845668 -0.196497 -0.496220
-73.889900 -9.604228 -80.792537 -0.345214 0.733353 0.585679
-83.533648 -11.940479 -83.924414 -0.954274 0.264734 -0.138843
-80.636657 -4.465593 -90.902545 -0.908988 0.200943 -0.365188
-78.247375 -10.726189 -93.118402 -0.068249 -0.547390 -0.834090
-77.724705 -8.885992 -94.199319 -0.042286 -0.448743 -0.892660
-79.849133 0.405515 -88.763584 -0.857050 0.361034 -0.367588
-81.123583 -2.700483 -88.196052 -0.953419 0.200901 -0.225013
-82.976607 -16.860801 -83.716047 -0.769532 -0.539790 -0.341244
-78.495603 -9.804027 -81.005464 0.128581 0.741752 0.658233
-78.652528 -14.689395 -89.679074 0.326983 -0.673095 -0.663344
-80.022037 -15.758874 -88.876684 -0.132463 -0.744693 -0.654130
-79.266216 -5.222211 -82.722979 -0.445269 0.174547 0.878219
-77.430248 -5.030489 -82.203302 -0.404923 0.106339 0.908146
-79.180659 -3.403321 -83.174306 -0.686178 0.161235 0.709340
-77.725138 -14.378886 -88.598112 0.688672 -0.590098 -0.421325
-84.177257 -13.101493 -80.576532 -0.995624 0.054660 0.075791
-81.554141 -4.723959 -87.520638 -0.992395 0.122957 -0.005836
-78.762143 -6.845994 -82.392176 -0.428567 0.236729 0.871946
-78.701301 2.386656 -85.658922 -0.733646 0.607620 0.304240
-79.431178 1.748063 -87.609126 -0.824925 0.561461 -0.065272
-78.392704 -10.453778 -79.862962 0.071340 0.906586 0.415947
-74.934113 -8.465466 -81.872479 -0.227650 0.551990 0.802173
-82.289430 -9.345856 -84.550648 -0.877760 0.469544 0.095216
-72.506316 -8.484810 -81.170180 -0.497391 0.709800 0.498786
-77.318921 -2.711263 -82.148739 -0.457904 0.041188 0.888047
-78.728475 -7.344861 -94.484594 -0.646298 -0.220639 -0.730491
-75.815627 -1.958738 -81.808189 -0.240329 0.041213 0.969816
-77.893752 -0.244614 -82.682016 -0.523928 0.357582 0.773068
-78.693381 0.941849 -84.382570 -0.566610 0.536261 0.625601
-75.562546 -0.480195 -82.098303 -0.183749 0.403083 0.896527
-75.548711 1.154987 -82.860920 -0.224266 0.488221 0.843413
-80.472938 -0.435639 -85.426816 -0.814985 0.321614 0.482042
-77.228252 -1.091545 -82.195101 -0.301864 0.162271 0.939439
-76.661079 -6.963430 -95.132799 -0.152533 -0.492092 -0.857076
-79.834406 -5.655627 -92.948458 -0.870603 0.086593 -0.484305
-77.769955 -5.991663 -95.726837 -0.439490 -0.311462 -0.842520
-78.311695 16.481693 -6.209229 -0.972811 0.170170 0.157104
-78.201660 14.418568 -4.314966 -0.967514 0.097569 0.233230
-76.257738 19.386923 0.735457 -0.950844 0.139670 0.276385
-77.833416 20.897485 -9.865286 -0.982982 0.173106 0.061480
-78.651051 15.807139 -15.378825 -0.988966 0.147277 -0.015988
-79.147221 13.080619 -10.352934 -0.988702 0.146456 0.031931
-79.155430 10.859296 -7.693683 -0.982369 0.082938 0.167551
-79.520993 5.550253 -7.928593 -0.990793 0.038023 0.129938
-77.235530 25.374705 -14.206046 -0.983173 0.180977 0.024858
-78.039707 20.823773 -14.917453 -0.989404 0.145164 0.002688
-78.079903 6.489174 -1.142069 -0.962942 0.071113 0.260164
-79.020728 3.034874 -3.954757 -0.979979 0.034476 0.196095
-76.628297 14.609922 1.370477 -0.952592 0.093593 0.289497
-79.619825 8.720006 -10.649416 -0.994002 0.081953 0.072411
-78.403015 2.866286 -1.870808 -0.950696 -0.011203 0.309923
-76.313689 9.279559 3.693459 -0.928171 0.059999 0.367286
-76.810951 5.403539 2.796261 -0.931956 0.005725 0.362527
-76.359238 29.322598 -18.554803 -0.974738 0.222198 -0.022674
-75.687768 31.742826 -19.348482 -0.972869 0.230651 -0.018043
-76.453407 28.190408 -22.176624 -0.977974 0.201669 -0.053829
-74.660133 36.307658 -18.712976 -0.974656 0.223201 -0.015029
-77.327675 24.718796 -17.683351 -0.982768 0.182354 -0.030230
-75.193118 33.884831 -22.628151 -0.978153 0.207232 -0.016508
-75.042048 35.320633 -25.638682 -0.984441 0.175115 0.014498
-74.623679 36.038102 -23.914696 -0.969066 0.246264 0.016302
-80.353337 -4.459649 -11.990896 -0.994415 0.005659 0.105393
-80.386767 -9.394737 -14.640471 -0.992944 -0.090659 0.076435
-79.984913 -11.807044 -20.968616 -0.997010 -0.041376 -0.065261
-79.386446 -10.075310 -29.529769 -0.997305 -0.015844 -0.071631
-79.962269 -8.281732 -10.194363 -0.984067 -0.064428 0.165716
-78.993378 -11.913211 -6.616930 -0.978321 -0.064481 0.196798
-79.698432 -3.939612 -7.813428 -0.984948 -0.006582 0.172724
-79.603930 -12.987240 -11.005023 -0.989002 -0.104874 0.104294
-80.516385 -8.043871 -16.562802 -0.999592 -0.025710 -0.012481
-80.467498 -5.546866 -17.659769 -0.994914 0.004888 -0.100605
-77.963062 -14.175402 -2.709918 -0.956618 -0.077809 0.280761
-78.670073 -5.870535 -3.350386 -0.965388 -0.045565 0.256808
-80.317262 0.753040 -17.588927 -0.996737 0.033396 -0.073483
-78.705505 -15.628481 -5.988785 -0.975448 -0.107908 0.191980
-80.429697 1.732656 -14.565895 -0.998038 0.045568 0.042941
-78.867040 -2.058385 -3.863535 -0.962032 -0.022996 0.271966
-69.838415 19.057189 15.166355 -0.849056 0.165547 0.501695
-70.195538 15.457668 15.582859 -0.875947 0.111947 0.469239
-68.292196 7.659187 20.527500 -0.871415 0.065049 0.486214
-72.248962 7.176714 13.267212 -0.895659 0.055947 0.441208
-71.224998 0.911258 15.391630 -0.891033 0.038306 0.452319
-72.972473 11.965128 10.583283 -0.906787 0.075931 0.414694
-71.560856 -2.803055 14.917716 -0.918421 0.021338 0.395029
-72.989850 2.243545 11.734825 -0.919684 -0.006046 0.392612
-74.506453 -1.223786 7.775070 -0.922954 -0.037692 0.383060
-74.484761 5.350507 8.054496 -0.916248 0.018500 0.400183
-73.988666 13.994036 8.214854 -0.901886 0.079269 0.424638
-75.181948 16.539675 4.962515 -0.924429 0.108232 0.365673
-76.790853 -2.427190 2.616752 -0.928919 -0.032385 0.368864
-79.948139 6.788250 -17.789578 -0.993227 0.096721 -0.064387
-79.821305 8.668752 -15.370694 -0.991280 0.131475 -0.008825
-77.963674 20.220706 -19.418071 -0.988910 0.140515 -0.048095
-77.176770 -8.548712 0.782803 -0.926587 -0.057516 0.371658
-78.789348 -19.199473 -9.663650 -0.981182 -0.149476 0.122227
-77.360537 -26.366015 -8.657516 -0.979001 -0.192418 0.067331
-73.342593 -28.722717 4.608656 -0.942100 -0.092182 0.322412
-72.493523 -35.613412 6.679741 -0.950853 -0.053192 0.305041
-73.513151 -31.883007 3.586408 -0.960141 -0.089444 0.264818
-71.901713 -27.780844 9.693089 -0.956587 -0.107862 0.270754
-74.873184 -21.101359 3.092654 -0.930333 -0.108726 0.350228
-72.599639 -22.830886 9.379916 -0.951541 -0.101287 0.290362
-76.792269 -14.856161 0.486215 -0.924122 -0.104150 0.367630
-77.139539 -20.930493 -2.709133 -0.942637 -0.118615 0.312034
-74.825605 -29.473830 0.587113 -0.937028 -0.140975 0.319539
-77.115512 -24.800505 -4.544107 -0.970020 -0.149858 0.191324
-76.412257 -24.676898 -1.735822 -0.937857 -0.133630 0.320261
-76.283643 -31.253872 -6.829801 -0.971528 -0.211858 0.106067
-71.228040 -50.532917 -8.917546 -0.915017 -0.395481 0.079613
-72.792137 -46.775110 -11.706945 -0.956541 -0.290364 0.026794
-72.078876 -49.073267 -16.175127 -0.923959 -0.380852 -0.035384
-68.743174 -55.574103 -18.049309 -0.869751 -0.492590 -0.029794
-69.040226 -55.081006 -12.634420 -0.860425 -0.508707 0.029769
-71.620230 -50.264546 -13.387196 -0.903331 -0.428768 0.012284
-71.799866 -48.998067 -20.858687 -0.906917 -0.418207 -0.051040
-69.020882 -54.527464 -24.067446 -0.895827 -0.439996 -0.062433
-69.208451 -54.561003 -10.417716 -0.867710 -0.486145 0.103642
-67.381639 -57.154929 -8.728198 -0.848328 -0.523429 0.079758
-74.862065 -38.723829 -13.064739 -0.971323 -0.230509 0.058283
-69.896671 -51.545605 -2.490555 -0.874277 -0.465346 0.138179
-68.117364 -53.272633 1.940183 -0.876311 -0.437205 0.202311
-66.602616 -56.665000 -0.099415 -0.850213 -0.506495 0.143528
-62.151574 -65.369044 -29.503340 -0.820880 -0.569594 -0.041446
-65.623653 -60.110714 -29.502086 -0.852153 -0.519815 -0.060226
-61.552393 -65.865163 -32.651135 -0.807957 -0.580541 -0.100888
-63.156147 -64.266717 -22.854592 -0.833996 -0.550833 -0.032146
-67.454365 -55.160937 -39.420925 -0.893297 -0.438424 -0.099025
-62.431378 -65.763168 -14.587528 -0.840845 -0.540813 0.022357
-59.879712 -68.089745 -6.084465 -0.794537 -0.593450 0.128562
-62.085321 -65.783773 -9.811907 -0.827818 -0.554157 0.087341
-65.188471 -61.426587 -17.466395 -0.847198 -0.531192 0.009493
-56.251302 -74.225921 -20.616561 -0.761645 -0.646786 -0.039557
-55.660578 -74.912024 -16.679242 -0.722708 -0.690007 0.039796
-59.736475 -69.747816 -16.059036 -0.819301 -0.572102 -0.038003
-58.606901 -71.314250 -14.477214 -0.789233 -0.609772 0.072726
-56.992425 -73.042508 -23.647414 -0.797551 -0.598520 -0.075409
-59.761397 -68.737084 -27.057484 -0.798098 -0.598380 -0.070577
-63.141932 -63.360187 -6.006038 -0.826945 -0.550890 0.112619
-56.238292 -73.102483 -8.226517 -0.736913 -0.661190 0.140669
-55.572095 -74.553198 -12.446479 -0.709466 -0.697863 0.098206
-57.775016 -69.980277 -2.701456 -0.751169 -0.631766 0.191356
-51.203951 -78.158675 -8.700349 -0.659853 -0.739365 0.133918
-54.895441 -73.020057 -2.468032 -0.691249 -0.687516 0.222476
-50.666248 -77.784385 -5.116327 -0.660255 -0.722908 0.203636
-51.307056 -78.919930 -15.093637 -0.629279 -0.775175 0.055783
-60.456276 -64.851784 -42.964765 -0.803306 -0.571466 -0.167706
-61.820906 -64.204567 -38.231523 -0.811175 -0.567314 -0.141953
-58.207611 -69.378484 -36.380709 -0.775257 -0.617296 -0.133875
-56.440719 -68.612219 4.978369 -0.704005 -0.652728 0.279863
-59.598408 -66.149214 2.093035 -0.748010 -0.614507 0.250724
-65.390731 -59.303101 -2.480204 -0.837031 -0.534772 0.115751
-59.695951 -61.200437 12.990971 -0.724750 -0.613797 0.313035
-62.266424 -63.028824 1.124001 -0.804260 -0.565243 0.183484
-63.296198 -59.126153 7.007040 -0.819864 -0.516013 0.248099
-51.822909 -70.598149 10.992524 -0.663451 -0.677081 0.318424
-50.472963 -73.849065 7.020000 -0.659173 -0.693723 0.290239
-48.008523 -73.862441 11.274063 -0.586743 -0.729838 0.350812
-47.334453 -76.247118 7.415651 -0.551597 -0.765529 0.331220
-45.604983 -73.562221 15.565679 -0.507375 -0.776567 0.373515
-50.759267 -75.706263 1.434153 -0.664754 -0.707465 0.239989
-45.789809 -75.631630 10.726901 -0.475680 -0.796329 0.373616
-39.210922 -77.005234 16.178458 -0.484618 -0.783995 0.387939
-3.530416 -96.742361 -46.042993 0.047659 -0.986824 -0.154619
-7.710477 -96.862045 -45.791032 -0.027617 -0.995038 -0.095584
3.105150 -96.280549 -45.525050 0.104274 -0.980081 -0.169019
-1.993123 -95.693565 -50.954225 0.060810 -0.977812 -0.200466
-7.641759 -96.061656 -50.073212 -0.003082 -0.982038 -0.188661
-28.026543 -89.641012 -48.807586 -0.406599 -0.872337 -0.271489
-7.781794 -97.047020 -40.810198 -0.019812 -0.993276 -0.114060
-25.615462 -90.754496 -49.532759 -0.522981 -0.816825 -0.243491
-1.688224 -96.922816 -42.281646 0.015650 -0.996872 -0.077465
-21.950613 -93.383256 -47.966676 -0.357035 -0.890988 -0.280475
2.862432 -96.760507 -43.166074 0.075521 -0.991804 -0.103055
-21.345213 -92.588057 -51.058942 -0.112051 -0.911012 -0.396864
-19.307177 -91.335422 -52.525973 0.001846 -0.895254 -0.445552
-21.351157 -91.078821 -54.290898 -0.014180 -0.880180 -0.474428
-22.805262 -91.246364 -53.574238 -0.410070 -0.829660 -0.378824
-23.402386 -92.234104 -50.040669 -0.495450 -0.830260 -0.255338
0.382086 -97.161414 -39.237477 0.070968 -0.994338 -0.079091
-13.420238 -91.554743 -56.354691 -0.275656 -0.717689 -0.639481
-18.935564 -91.699183 -52.277264 -0.539898 -0.661160 -0.520940
-18.016719 -91.748206 -53.452234 -0.461914 -0.775691 -0.430045
-8.947281 -95.143921 -53.710924 -0.123905 -0.911183 -0.392929
-6.769337 -95.594896 -52.737349 0.015464 -0.972380 -0.232889
-16.796752 -91.248572 -55.227301 -0.311377 -0.768660 -0.558755
-13.832501 -95.884389 -50.579647 -0.076466 -0.977014 -0.198987
-12.883007 -96.104593 -48.618143 -0.096588 -0.988827 -0.113546
-15.871166 -95.010121 -51.340322 -0.442130 -0.801493 -0.402655
-19.557239 -90.372189 -55.383490 -0.164001 -0.902316 -0.398659
-20.985818 -89.363068 -57.075558 -0.195596 -0.907995 -0.370522
-19.545543 -93.353529 -50.034224 -0.362557 -0.803899 -0.471486
-18.914751 -94.722626 -47.695663 -0.397942 -0.863986 -0.308497
-15.348282 -90.258731 -57.433275 -0.191846 -0.854536 -0.482663
4.908416 -96.271518 -43.486191 0.293710 -0.952377 -0.081934
3.550987 -96.848561 -40.030193 0.217347 -0.974981 -0.046609
-26.070365 -90.939569 -47.403457 -0.472201 -0.846285 -0.246634
-13.508366 -95.488780 -52.018335 -0.164610 -0.880704 -0.444143
-16.782468 -93.675372 -52.440394 -0.533213 -0.676331 -0.508193
-14.728032 -94.380069 -53.263983 -0.303768 -0.709064 -0.636360
-11.355751 -94.434788 -54.249136 -0.200426 -0.752993 -0.626762
-20.128591 -95.255577 -44.275827 -0.331585 -0.912696 -0.238824
-23.514792 -93.285073 -45.484811 -0.482682 -0.832316 -0.272522
-23.639275 -94.745277 -41.520838 -0.456936 -0.855345 -0.244119
-16.123270 -95.555604 -48.965130 -0.250400 -0.954018 -0.164769
-17.364689 -96.004725 -43.680837 -0.157830 -0.978618 -0.131894
-12.295571 -96.704958 -42.977055 -0.084289 -0.992050 -0.093445
-16.808468 -96.668811 -39.760239 -0.126359 -0.985940 -0.109339
-17.874951 -89.669569 -57.899824 -0.141741 -0.919929 -0.365569
3.716725 -89.371783 -59.384623 0.165309 -0.750778 -0.639536
-5.810081 -94.681201 -55.715394 0.048022 -0.928320 -0.368667
-3.344402 -93.072809 -57.842951 0.169361 -0.767805 -0.617894
-6.150515 -93.065538 -58.661481 -0.194396 -0.769271 -0.608632
-1.905139 -94.146393 -55.586743 0.078129 -0.884769 -0.459434
-10.138451 -92.852743 -56.550196 -0.299023 -0.757707 -0.580057
8.476035 -92.591379 -52.316627 0.580095 -0.707142 -0.404277
9.532024 -93.309018 -48.467014 0.562334 -0.801524 -0.203321
7.717250 -93.999202 -51.053078 0.555039 -0.789342 -0.262433
9.673652 -93.554708 -45.933036 0.421331 -0.903152 -0.082440
6.831763 -95.193000 -48.571517 0.396245 -0.912344 -0.103048
9.031543 -91.336592 -53.702194 0.334411 -0.822355 -0.460327
-5.275299 -91.717789 -59.768540 0.050564 -0.504537 -0.861908
6.524539 -93.457947 -54.260299 0.648945 -0.595465 -0.473594
4.739298 -95.042573 -52.545872 0.168238 -0.965142 -0.200489
0.091857 -95.093207 -52.959356 0.049338 -0.963559 -0.262906
3.029373 -94.450885 -54.941657 0.046558 -0.896609 -0.440369
5.332027 -94.615330 -53.997689 0.374448 -0.850664 -0.368997
2.741554 -93.338892 -56.435831 0.145192 -0.670220 -0.727821
5.066682 -93.355195 -55.818358 0.391542 -0.611658 -0.687437
4.461738 -91.794767 -56.972737 0.359753 -0.512881 -0.779442
7.032032 -91.363233 -55.388346 0.537156 -0.566636 -0.624809
-0.086137 -93.168386 -56.811886 0.091177 -0.776518 -0.623463
4.241447 -95.558663 -49.396988 0.088033 -0.982313 -0.165262
1.314929 -91.556396 -58.167444 0.181682 -0.611387 -0.770193
4.412041 -90.220142 -58.138211 0.359137 -0.629162 -0.689330
-3.134965 -91.037247 -59.587890 0.207475 -0.567546 -0.796772
5.643874 -95.846304 -41.771378 0.509106 -0.860663 0.008369
7.517737 -90.044780 -56.591102 0.224078 -0.833190 -0.505553
-9.832911 -89.014588 -61.175804 -0.009510 -0.791387 -0.611242
-13.362767 -94.504247 -10.662082 -0.164027 -0.955579 0.244876
-16.446981 -92.505604 -5.976014 -0.188081 -0.937942 0.291360
-8.014432 -91.050373 1.809229 -0.019143 -0.936125 0.351145
-10.306056 -89.394462 5.249486 -0.104624 -0.889865 0.444065
-10.403200 -92.472825 -1.929745 -0.028394 -0.943624 0.329799
-11.441856 -93.824026 -6.503825 -0.142882 -0.951875 0.271142
-7.314960 -87.340733 11.131449 -0.208397 -0.877716 0.431492
-8.977470 -88.147128 8.114452 -0.211175 -0.884417 0.416187
-5.110591 -88.348281 9.224322 -0.023740 -0.919440 0.392513
-13.342306 -91.403392 0.415184 -0.206820 -0.925780 0.316475
-12.141728 -90.587071 2.681529 -0.065365 -0.909857 0.409741
-15.184676 -89.034672 4.897795 -0.167142 -0.910251 0.378823
-12.089640 -86.030632 10.608236 -0.168623 -0.875737 0.452384
-13.426127 -88.753010 5.917764 -0.058075 -0.885030 0.461898
-15.856684 -94.611018 -12.037854 -0.009939 -0.952761 0.303559
-17.814603 -91.182837 -2.735759 -0.068605 -0.933264 0.352580
-16.895314 -90.654932 -0.701207 -0.226215 -0.923206 0.310671
-18.254813 -92.789192 -7.005863 0.045800 -0.933828 0.354778
-18.031861 -89.007935 3.279793 -0.194972 -0.927058 0.320233
-9.651378 -95.392216 -11.707985 -0.073629 -0.974988 0.209708
-21.435866 -95.193525 -13.895495 -0.100153 -0.964034 0.246186
-20.195977 -93.975310 -9.699950 0.026735 -0.946447 0.321750
-19.053005 -95.381394 -13.981247 0.007334 -0.963662 0.267025
-23.580897 -94.912785 -14.263564 -0.203984 -0.967523 0.149301
-15.740697 -97.290646 -27.775707 -0.116286 -0.992430 0.039495
-12.696906 -95.410598 -14.676636 -0.108656 -0.974001 0.198788
-19.899845 -96.835314 -26.719504 -0.156710 -0.987545 0.014014
-17.667651 -96.814763 -21.750056 -0.101387 -0.989534 0.102685
-1.865340 -93.076808 -4.103762 0.132198 -0.943820 0.302865
-13.310723 -96.024929 -17.158805 -0.013265 -0.971788 0.235481
-18.372944 -96.104954 -17.448479 -0.080085 -0.983915 0.159678
-3.179077 -93.233586 -4.277930 0.021388 -0.951247 0.307686
-13.087339 -97.254038 -24.528783 -0.055431 -0.989599 0.132744
-22.922865 -96.142597 -24.403398 -0.223174 -0.972733 0.063119
-7.693008 -96.608466 -17.968060 -0.043620 -0.983847 0.173616
-4.641356 -95.572318 -12.726110 0.020847 -0.976088 0.216376
-6.916537 -94.402541 -7.701394 0.011116 -0.957807 0.287198
-0.780745 -95.132655 -11.812041 0.103064 -0.962572 0.250663
-12.130541 -96.756378 -20.461446 -0.029989 -0.988256 0.149833
2.083565 -92.237352 -3.680178 0.129074 -0.948289 0.289980
-30.814516 -92.367066 -25.904726 -0.483663 -0.873477 -0.055753
-28.124294 -94.079869 -25.369130 -0.516706 -0.856162 0.001156
-22.534806 -95.672322 -19.600532 -0.183213 -0.976656 0.112147
-26.320540 -94.968596 -29.496446 -0.513563 -0.856519 -0.051271
3.487595 -94.133011 -10.627051 0.123177 -0.953293 0.275789
-26.202199 -94.758566 -18.404139 -0.276840 -0.956563 0.091364
-27.789586 -94.134499 -18.919059 -0.501862 -0.864050 0.039387
-25.817444 -95.335808 -25.783505 -0.369335 -0.929056 0.021139
-27.306021 -93.782464 -13.432544 -0.323977 -0.934617 0.146731
-30.140016 -92.522826 -13.988139 -0.506459 -0.859727 0.066096
-23.922511 -95.936293 -30.973974 -0.287313 -0.957196 -0.035024
-34.273264 -90.812873 -23.185969 -0.469878 -0.882725 -0.003378
-37.946958 -88.584967 -23.646346 -0.500466 -0.865439 0.023422
-30.333566 -92.557571 -22.591709 -0.484981 -0.872933 0.052735
-31.565947 -91.407958 -18.592825 -0.467546 -0.883288 0.034676
-34.365416 -90.655037 -20.736002 -0.420298 -0.905778 0.053992
-16.894366 -97.115336 -31.869421 -0.133658 -0.990192 -0.040674
-20.063426 -96.716400 -34.172304 -0.167076 -0.984119 -0.059957
-2.915514 -90.494847 3.586148 0.053462 -0.936598 0.346304
7.752934 -93.647552 -10.421023 0.165027 -0.946934 0.275828
-3.781146 -97.178231 -21.706406 0.002467 -0.990089 0.140419
-2.308174 -96.792749 -18.641820 0.046284 -0.981740 0.184512
-7.043563 -97.843062 -25.557633 -0.025296 -0.994017 0.106253
-11.448635 -97.966524 -31.180368 -0.009340 -0.999931 0.007172
-2.617996 -97.698259 -25.372225 0.108067 -0.989206 0.098962
-3.313055 -97.939082 -28.461522 0.027157 -0.999034 0.034542
3.338189 -95.575390 -15.546067 0.100467 -0.965787 0.239086
1.950171 -96.621034 -20.114789 0.074763 -0.985259 0.153864
-13.147784 -97.128077 -38.107274 -0.094149 -0.990223 -0.102930
-12.686252 -97.822084 -28.817945 -0.087835 -0.992736 0.082224
-6.609200 -97.930582 -36.599548 -0.015282 -0.995390 -0.094688
-1.335408 -97.946879 -31.336332 0.031597 -0.999230 -0.023253
3.124723 -97.089186 -36.204311 0.170377 -0.983042 -0.067825
4.619844 -96.929684 -33.107271 0.187977 -0.980335 -0.060070
1.122353 -97.700109 -32.281113 0.147550 -0.988922 0.016167
2.706083 -96.970240 -27.481010 0.143512 -0.987400 0.066672
-1.109141 -97.477181 -37.739192 0.058911 -0.991760 -0.113765
-12.798166 -97.868764 -32.054629 -0.130523 -0.989052 -0.068846
5.595138 -96.400062 -35.508898 0.321682 -0.938476 -0.125636
0.215333 -97.168342 -24.209113 0.097999 -0.990923 0.092023
4.774655 -96.513842 -38.871874 0.458848 -0.885368 -0.074718
4.316896 -96.944181 -30.186317 0.057509 -0.998247 0.014012
6.971956 -96.734110 -22.445890 0.080423 -0.985670 0.148277
8.890116 -96.719419 -24.826288 0.234548 -0.960232 0.151469
9.622475 -96.036602 -21.488184 0.315287 -0.932240 0.177549
3.474542 -96.893085 -24.318569 0.022226 -0.998917 0.040886
10.887465 -96.756540 -27.350987 0.313177 -0.939212 0.140720
9.087430 -97.026638 -28.074903 0.028878 -0.999526 0.010668
11.417090 -95.801562 -24.816079 0.434185 -0.877578 0.203321
8.005387 -95.668842 -35.150924 0.105476 -0.966153 -0.235423
11.770736 -95.977805 -35.004815 -0.019526 -0.977698 -0.209104
11.773094 -96.705276 -31.427772 0.112460 -0.988858 -0.097532
6.463521 -96.868562 -31.317766 0.039709 -0.994579 -0.096105
9.543317 -94.839963 -39.068165 -0.014845 -0.970168 -0.241980
7.603270 -96.427308 -33.206397 0.074819 -0.971281 -0.225865
12.807696 -94.425965 -19.367086 0.283800 -0.948854 0.138325
14.481147 -95.851188 -34.175747 0.194800 -0.978527 -0.067369
13.637032 -95.640285 -28.702981 0.443386 -0.864001 0.238560
14.934146 -95.773143 -32.134675 0.381916 -0.919103 0.096903
12.109959 -93.545673 -14.516098 0.248176 -0.941615 0.227530
7.455907 -95.462241 -16.726648 0.185871 -0.952655 0.240625
8.052853 -94.101739 -12.525766 0.162798 -0.949704 0.267507
13.892563 -76.633057 -77.077312 0.182415 -0.825883 -0.533519
14.839578 -80.181527 -71.519503 0.173049 -0.807004 -0.564622
28.021068 -73.284821 -74.993789 0.391919 -0.768410 -0.505911
27.178591 -77.420020 -69.184556 0.420591 -0.763788 -0.489623
19.545472 -80.247516 -69.750834 0.232776 -0.796323 -0.558288
21.423964 -83.010436 -65.090416 0.326654 -0.787037 -0.523325
16.434755 -83.691051 -66.290092 0.174281 -0.816748 -0.550044
31.769658 -75.493528 -67.871869 0.490153 -0.744342 -0.453547
31.166712 -72.782345 -72.764550 0.472447 -0.747671 -0.466671
8.493203 -76.532236 -78.798181 0.152675 -0.827952 -0.539616
23.070193 -70.571533 -81.787014 0.324525 -0.781685 -0.532590
20.167120 -73.070809 -79.749855 0.277762 -0.795762 -0.538156
23.658081 -79.517512 -68.547553 0.335807 -0.780064 -0.527953
17.146504 -75.179917 -78.030938 0.227057 -0.808093 -0.543536
21.861707 -77.038426 -73.443710 0.287356 -0.790109 -0.541437
33.639101 -71.900773 -71.367570 0.555777 -0.712010 -0.429132
25.189033 -73.838070 -76.112469 0.319218 -0.770103 -0.552305
15.041567 -72.939618 -82.639743 0.233549 -0.837655 -0.493751
18.273862 -85.083904 -63.367971 0.222955 -0.843773 -0.488199
10.944929 -73.725943 -82.826854 0.148062 -0.864722 -0.479930
26.585890 -66.535768 -85.568628 0.375626 -0.783680 -0.494724
9.388938 -72.678906 -85.702788 0.119032 -0.927177 -0.355210
13.065451 -71.855022 -85.842960 0.237811 -0.891551 -0.385465
20.810653 -69.437880 -85.059673 0.357325 -0.820954 -0.445368
17.217719 -70.862749 -85.009891 0.305412 -0.836553 -0.454867
24.212342 -66.230858 -88.457524 0.415237 -0.829852 -0.372725
20.042389 -68.181211 -88.468279 0.359806 -0.867306 -0.343976
26.552340 -64.015836 -90.470330 0.487949 -0.790966 -0.369159
28.859306 -62.993828 -89.494968 0.497658 -0.756383 -0.424525
28.395447 -70.247599 -78.981858 0.356485 -0.767213 -0.533200
30.718588 -63.322786 -87.097725 0.416501 -0.731003 -0.540519
34.151567 -63.614464 -84.482811 0.441298 -0.691362 -0.572079
28.524706 -81.916615 -60.449227 0.413703 -0.795525 -0.442708
19.248508 -89.277192 -52.347937 0.306854 -0.904368 -0.296579
25.349595 -85.464237 -56.662701 0.363060 -0.855735 -0.368654
23.427073 -83.692641 -62.284928 0.407133 -0.808838 -0.424292
28.378922 -86.542235 -50.848144 0.347158 -0.881740 -0.319399
34.018426 -82.408842 -54.833054 0.340667 -0.858683 -0.382896
20.775106 -85.106140 -61.852306 0.324217 -0.854160 -0.406563
17.983891 -87.893296 -57.822965 0.307836 -0.891094 -0.333449
32.818979 -84.708072 -50.228097 0.325244 -0.886058 -0.330329
35.268113 -84.758633 -48.468174 0.255670 -0.905535 -0.338585
32.941037 -86.589344 -44.788802 0.226650 -0.922008 -0.313897
39.966852 -82.186039 -51.319288 0.278007 -0.875708 -0.394775
40.539823 -82.852752 -49.134392 0.347634 -0.891676 -0.289940
30.915366 -87.492803 -44.039851 0.372734 -0.881722 -0.289197
42.987701 -81.733199 -48.296013 0.590218 -0.797495 -0.125077
43.368880 -80.390412 -52.468221 0.480804 -0.811829 -0.331304
42.128560 -80.614581 -53.197850 0.305120 -0.809942 -0.500895
37.834573 -84.487084 -46.696999 0.366796 -0.892038 -0.264062
51.284864 -75.995385 -25.024198 0.686204 -0.725687 -0.050032
53.276398 -73.108469 -33.201263 0.698015 -0.713566 -0.059990
55.386555 -62.919058 -40.639050 0.789240 0.596923 -0.144162
55.425338 -63.310701 -38.134470 0.822596 0.548852 -0.148650
47.105717 -78.786026 -36.880805 0.705052 -0.707635 -0.046422
53.467864 -73.305751 -28.952017 0.741566 -0.669177 -0.047766
45.599691 -80.140344 -42.533343 0.693162 -0.717968 -0.063623
47.807347 -77.155812 -48.715494 0.729971 -0.679200 -0.076355
40.864033 -84.749111 -34.523692 0.569838 -0.821093 -0.033040
42.416342 -83.695999 -31.933908 0.673689 -0.738329 -0.031834
42.841515 -82.503055 -42.696555 0.596078 -0.795829 -0.106523
40.471909 -84.436876 -41.545014 0.539194 -0.833760 -0.118806
49.175622 -76.114267 -42.288760 0.697607 -0.713865 -0.061164
56.857637 -67.140388 -43.461386 0.863052 -0.432472 -0.260978
54.309087 -69.165586 -47.164286 0.841089 -0.447179 -0.304301
52.970680 -71.520518 -46.538348 0.791783 -0.573962 -0.208919
36.320230 -86.900368 -40.527961 0.412204 -0.892946 -0.180930
39.572914 -84.126292 -45.143001 0.466701 -0.865968 -0.179695
45.313122 -79.434827 -50.840201 0.681224 -0.718335 -0.141169
45.384384 -80.530782 -34.067045 0.694248 -0.717690 -0.054226
56.767252 -63.428199 -34.878453 0.831615 0.481731 -0.276318
46.609248 -78.720007 -45.302381 0.718600 -0.692412 -0.064650
55.521203 -62.044740 -37.985113 0.929487 -0.260937 -0.260703
56.863524 -67.866310 -41.202808 0.827896 -0.537532 -0.160149
42.656537 -83.212827 -37.520153 0.661795 -0.748485 -0.042397
51.452005 -74.545357 -37.061038 0.675082 -0.735177 -0.061465
49.456567 -75.117547 -49.219027 0.753188 -0.624455 -0.206793
52.287511 -71.205873 -49.809642 0.781563 -0.553017 -0.288671
54.051344 -71.700753 -41.636707 0.771015 -0.619245 -0.148564
53.087834 -72.955484 -40.916604 0.696671 -0.714918 -0.059508
57.467234 -65.426110 -42.073402 0.956249 0.000883 -0.292554
57.709998 -66.563802 -39.945571 0.954724 -0.242426 -0.172430
56.151047 -65.970247 -46.200963 0.904566 0.100295 -0.414369
50.217337 -74.905562 -45.169780 0.700074 -0.707864 -0.093944
45.401587 -78.633923 -52.853388 0.666056 -0.669170 -0.329516
56.607931 -64.088124 -42.191001 0.674387 0.672491 -0.304891
54.814308 -63.681544 -44.221799 0.525726 0.806051 -0.271834
46.164016 -76.918166 -54.318324 0.749950 -0.574984 -0.327061
44.763777 -77.511646 -55.630240 0.560998 -0.668015 -0.488914
46.600310 -79.815622 -29.053102 0.677102 -0.734085 -0.051499
42.554614 -83.319122 -34.480158 0.691701 -0.721775 -0.024323
54.005561 -62.639131 -43.670562 0.912868 0.190906 -0.360869
55.677339 -64.659059 -46.155996 0.614641 0.684514 -0.391990
56.712471 -69.279305 -35.514069 0.763822 -0.641781 -0.068509
57.768146 -64.504413 -41.292505 0.829980 0.552152 -0.079127
58.070745 -65.553616 -38.047839 0.978377 0.180454 -0.101071
54.914959 -67.517803 -47.667556 0.876984 -0.231062 -0.421318
57.123427 -64.353410 -37.642932 0.650638 0.756216 -0.069328
57.865464 -67.188266 -37.403125 0.900247 -0.414193 -0.134160
53.180503 -67.600711 -51.595400 0.870051 -0.118253 -0.478568
20.491432 -90.466253 -47.010884 0.264412 -0.916641 -0.299759
28.423326 -88.225413 -45.791837 0.383167 -0.868880 -0.313419
31.203401 -88.287265 -41.505724 0.452212 -0.839757 -0.300520
23.399201 -89.944710 -45.789814 0.314480 -0.888225 -0.334901
28.097863 -90.099527 -41.779991 0.397510 -0.858186 -0.324812
14.408781 -93.645607 -42.569261 0.050103 -0.861159 -0.505860
15.632468 -92.445107 -44.763778 0.203116 -0.923305 -0.325962
14.389093 -95.531552 -38.460258 0.018807 -0.974818 -0.222207
27.176858 -91.170132 -39.268686 0.412696 -0.897033 -0.158157
23.709634 -92.506402 -39.845562 0.369908 -0.919672 -0.131799
24.357886 -91.190679 -42.680368 0.391821 -0.819739 -0.417738
22.176850 -93.354315 -31.299377 0.216480 -0.975783 0.031365
22.053056 -93.481926 -34.916630 0.303417 -0.952559 -0.023872
20.642132 -91.383722 -45.130580 0.199054 -0.809278 -0.552672
21.815209 -92.961937 -42.490619 0.413923 -0.832279 -0.368753
33.303326 -88.075866 -39.738092 0.296997 -0.921315 -0.250941
31.035039 -89.351568 -38.319908 0.440252 -0.870149 -0.221401
26.961544 -92.034958 -33.607873 0.366690 -0.928676 -0.055676
25.526834 -92.433448 -27.123513 0.295414 -0.954175 0.047767
32.186365 -89.364997 -35.646218 0.415854 -0.901408 -0.120538
33.916594 -88.867882 -32.131016 0.435130 -0.898590 -0.056549
18.031228 -94.867486 -38.331542 0.301780 -0.952983 -0.027431
19.577286 -93.541843 -42.894828 0.213680 -0.833546 -0.509452
17.558522 -94.327365 -42.041944 0.010292 -0.851868 -0.523656
18.909316 -94.385004 -40.946794 0.285723 -0.947181 -0.145640
19.789581 -94.140844 -34.348526 0.267527 -0.959723 0.085795
11.630508 -94.090736 -41.471667 -0.011462 -0.942546 -0.333878
13.559717 -90.771367 -53.137339 0.226120 -0.923781 -0.309029
10.822354 -92.038005 -50.632456 0.261114 -0.926703 -0.270261
12.285707 -93.168569 -44.591881 0.184398 -0.952641 -0.241810
8.533321 -93.989937 -44.143067 0.434114 -0.900849 0.004027
6.804824 -94.919731 -42.029275 0.423970 -0.902526 -0.075472
7.140840 -94.977550 -40.155134 0.335896 -0.931152 -0.141882
15.281498 -91.663151 -48.244260 0.245440 -0.936635 -0.249949
9.261374 -94.105280 -42.269713 0.178247 -0.966445 -0.184963
10.778774 -90.625846 -54.531752 0.115159 -0.906547 -0.406092
15.190474 -94.305246 -41.641383 -0.076209 -0.906061 -0.416228
16.041203 -87.789399 -59.325188 0.196074 -0.893493 -0.404010
16.050674 -95.253623 -33.469274 0.352090 -0.933217 0.071679
14.230950 -87.348510 -60.896541 0.110180 -0.875275 -0.470908
7.486066 -88.175914 -60.272475 0.102100 -0.887575 -0.449206
-49.888199 -66.287281 -73.555991 -0.615790 -0.747607 -0.248768
-46.896476 -71.421747 -65.004841 -0.573152 -0.767000 -0.288457
-48.850366 -68.589261 -69.274483 -0.589671 -0.766654 -0.254027
-45.482226 -74.174883 -61.645229 -0.575618 -0.719924 -0.387780
-57.907302 -56.914394 -75.901167 -0.818502 -0.535741 -0.207449
-55.767698 -59.165878 -77.928324 -0.762234 -0.606041 -0.227405
-51.900007 -62.273069 -80.849671 -0.645699 -0.712412 -0.274849
-50.723222 -70.246048 -60.559950 -0.625743 -0.693647 -0.356792
-52.437795 -70.418914 -57.062829 -0.686897 -0.654156 -0.316626
-58.502730 -57.098877 -72.586667 -0.792067 -0.578337 -0.195335
-53.696358 -61.779899 -77.326699 -0.694744 -0.688110 -0.209367
-53.569606 -63.089526 -72.897008 -0.682478 -0.696693 -0.221002
-54.662669 -70.725312 -50.003622 -0.790473 -0.578091 -0.202395
8.714870 -84.365231 -67.159081 0.135448 -0.844535 -0.518088
7.909549 -85.557349 -65.262645 0.113687 -0.874926 -0.470722
9.236877 -82.357101 -70.138084 0.161703 -0.810657 -0.562750
3.703510 -88.496841 -60.625005 0.051870 -0.875958 -0.479591
2.159685 -86.677265 -64.735952 0.087270 -0.892528 -0.442468
-1.238274 -82.159188 -73.074322 0.065823 -0.821057 -0.567039
2.618487 -79.466539 -76.165325 0.145016 -0.813143 -0.563710
0.250080 -75.290843 -82.559880 0.080771 -0.828837 -0.553629
-14.198515 -77.612898 -79.870797 -0.031404 -0.843878 -0.535616
-5.045826 -81.872845 -73.870010 0.027443 -0.829879 -0.557269
1.300142 -83.454164 -70.873547 0.124619 -0.834427 -0.536844
-3.946329 -84.406294 -69.498517 0.048214 -0.866115 -0.497514
-9.192941 -86.462117 -66.757196 0.053520 -0.888531 -0.455685
1.144678 -84.903107 -68.401354 0.073705 -0.879453 -0.470244
-7.274605 -87.817860 -62.891331 0.078260 -0.913519 -0.399198
-12.516851 -89.172398 -60.702061 -0.045677 -0.913276 -0.404773
-3.079933 -86.022633 -66.322334 0.042774 -0.906018 -0.421073
-4.259901 -87.837426 -62.351468 0.033534 -0.878587 -0.476404
-14.198986 -87.581114 -64.242472 -0.045765 -0.909315 -0.413584
-12.806566 -86.028045 -67.583255 -0.105383 -0.870638 -0.480504
-3.485632 -89.240543 -60.609474 0.081101 -0.615426 -0.784011
-8.573139 -90.267103 -59.985964 -0.106286 -0.554454 -0.825399
-6.078904 -88.511439 -61.186575 0.046428 -0.766673 -0.640357
-11.159229 -90.525315 -58.880284 -0.257358 -0.761427 -0.594976
-40.709655 -83.944007 -47.356857 -0.509902 -0.831310 -0.221187
-41.892168 -81.579838 -52.471292 -0.539324 -0.788045 -0.296841
-37.108302 -85.513493 -49.054097 -0.441466 -0.861559 -0.250646
-45.294528 -77.772050 -55.749170 -0.577657 -0.728217 -0.368798
-38.108037 -88.088963 -36.669202 -0.502612 -0.848375 -0.166256
-36.341482 -87.892161 -41.416604 -0.480349 -0.851475 -0.210367
-33.245804 -89.081800 -42.951821 -0.411140 -0.881546 -0.232037
-30.314784 -90.303476 -43.023572 -0.393433 -0.896816 -0.202317
-44.233305 -82.265250 -44.593948 -0.592685 -0.791305 -0.150207
-44.580822 -81.121433 -48.152917 -0.588889 -0.773650 -0.233829
-40.353894 -85.772356 -39.920006 -0.552693 -0.816502 -0.166898
-36.146469 -88.927530 -37.535358 -0.400401 -0.903253 -0.154313
-27.389818 -91.478889 -43.604719 -0.456881 -0.848234 -0.267880
-43.500328 -77.993650 -57.793110 -0.548769 -0.726013 -0.414437
-48.535832 -78.287271 -46.343293 -0.668164 -0.730367 -0.141850
-47.175161 -77.329998 -53.341118 -0.627258 -0.719932 -0.297060
-45.042725 -82.405156 -39.100023 -0.626719 -0.770840 -0.114143
-72.585842 -42.513023 -40.710440 -0.930586 -0.351712 -0.101526
-69.154955 -50.464725 -42.730055 -0.914879 -0.387240 -0.114198
-66.714742 -56.292801 -40.064472 -0.835217 -0.532479 -0.137398
-67.605465 -52.647887 -46.379718 -0.884593 -0.433605 -0.171702
-65.461232 -55.411808 -49.174027 -0.828914 -0.530758 -0.176629
-63.691327 -59.332503 -45.328865 -0.817153 -0.548933 -0.175882
-61.026238 -61.194803 -51.194152 -0.803968 -0.559882 -0.200416
-64.697207 -55.576589 -52.134271 -0.841398 -0.497323 -0.211468
-56.395524 -69.687740 -44.700529 -0.779216 -0.611108 -0.139174
-52.916204 -72.114561 -52.006299 -0.736066 -0.629269 -0.249454
-52.524235 -74.227623 -46.738464 -0.735838 -0.661477 -0.144883
-50.230863 -75.245492 -51.384345 -0.682404 -0.687463 -0.248435
-54.393104 -75.245846 -28.934544 -0.757645 -0.643778 -0.107353
-54.454349 -74.424923 -33.480982 -0.756809 -0.645154 -0.104961
-53.985040 -73.463717 -41.191762 -0.755267 -0.643094 -0.126499
-51.676853 -76.329918 -38.764469 -0.689386 -0.716217 -0.108538
-52.154003 -76.926960 -32.661018 -0.677439 -0.726912 -0.112587
-45.641012 -82.343562 -35.513880 -0.657898 -0.747925 -0.088193
-47.328172 -81.374622 -31.457150 -0.650645 -0.753051 -0.097855
-43.364585 -84.580892 -30.434458 -0.641683 -0.763562 -0.072217
-45.605855 -83.114758 -28.031571 -0.619759 -0.783537 -0.044364
-41.172801 -85.922245 -36.123525 -0.625773 -0.771871 -0.112357
-35.874993 -89.554440 -32.565795 -0.384269 -0.920440 -0.071600
-39.208906 -88.307237 -31.722155 -0.544995 -0.836329 -0.059445
-32.071092 -90.982771 -35.206322 -0.420114 -0.901386 -0.104919
-37.010351 -89.107624 -15.543624 -0.532625 -0.842256 0.083157
-41.124577 -86.693745 -28.051539 -0.645791 -0.762055 -0.047184
-40.067384 -87.613335 -26.586045 -0.564563 -0.825288 0.012995
-35.798743 -89.796355 -27.003869 -0.433971 -0.900410 -0.030508
-38.241693 -88.339341 -20.313102 -0.553968 -0.831536 0.040840
-35.260536 -90.284368 -18.678616 -0.416139 -0.908616 0.035289
-30.194347 -92.011644 -34.858591 -0.536412 -0.837974 -0.100306
-20.862629 -95.815643 -40.896242 -0.229970 -0.963023 -0.140360
-26.946909 -94.422409 -33.573756 -0.502281 -0.862584 -0.060524
-23.265574 -95.593489 -36.924691 -0.294222 -0.949598 -0.108152
-25.824265 -94.795940 -36.075619 -0.481690 -0.861896 -0.158459
-29.244299 -91.537360 -39.855132 -0.512909 -0.831520 -0.213305
-45.156693 -83.637947 -20.830715 -0.599399 -0.800404 0.008658
-43.578961 -84.587890 -18.453032 -0.553473 -0.830081 0.068067
-41.390827 -86.500831 -22.590142 -0.551728 -0.831965 0.058574
-50.154840 -79.748420 -24.624019 -0.632524 -0.773123 -0.046829
-40.909452 -85.944947 -13.629025 -0.567916 -0.820678 0.062920
-49.016805 -80.775402 -21.501384 -0.624241 -0.781195 -0.007560
-53.670400 -76.669180 -24.552640 -0.682934 -0.726040 -0.080413
-53.905117 -76.662826 -19.218082 -0.670247 -0.742047 -0.011610
-44.909068 -83.073427 -8.573798 -0.568066 -0.814204 0.119887
-48.126469 -78.384685 0.467162 -0.619923 -0.741585 0.256411
-46.399201 -79.683663 0.478374 -0.539103 -0.795200 0.277535
-47.759053 -80.253488 -5.010863 -0.598854 -0.778585 0.187562
-43.845152 -82.772549 -4.168334 -0.545185 -0.807398 0.225573
-33.001784 -90.800670 -14.505113 -0.425700 -0.898369 0.108220
-39.206822 -86.253782 -6.708927 -0.484958 -0.863066 0.141184
-39.957996 -86.419747 -11.049644 -0.524989 -0.846314 0.090214
-37.619938 -88.136218 -11.908439 -0.462723 -0.864305 0.197140
-39.081662 -85.492469 -2.446086 -0.516840 -0.820018 0.245858
-34.482458 -88.442734 -8.737878 -0.498557 -0.855809 0.137958
-38.538679 -86.793072 -9.023526 -0.398353 -0.902520 0.163622
-41.515104 -83.018402 -0.219797 -0.514395 -0.806788 0.290672
-45.452121 -83.089330 -13.593978 -0.563685 -0.824427 0.050781
13.081752 -92.342660 -10.255258 0.174834 -0.952374 0.249834
14.962635 -90.763615 -5.256184 0.040551 -0.973296 0.225943
12.710789 -90.024961 -1.880349 0.087749 -0.971973 0.218103
11.135825 -90.683930 -3.301737 0.202894 -0.938258 0.280189
15.603704 -92.165729 -10.654434 0.086624 -0.973095 0.213499
16.172792 -92.649916 -14.376888 0.170556 -0.971270 0.165966
15.849806 -89.374511 1.484502 0.037435 -0.970767 0.237088
10.739392 -89.341880 2.985538 0.079702 -0.962164 0.260554
19.747383 -89.484277 0.134104 0.054297 -0.970580 0.234575
22.218009 -88.485399 3.109284 0.149427 -0.959312 0.239566
22.111708 -87.549890 6.721143 0.298096 -0.904929 0.303714
19.618627 -87.013532 9.754498 0.049951 -0.952598 0.300102
1.909027 -87.666681 9.696028 0.080705 -0.915585 0.393943
-4.362313 -89.083364 7.208753 0.039793 -0.932809 0.358168
0.424425 -88.717317 7.023122 0.079579 -0.931295 0.355466
2.633972 -89.957398 3.297943 0.102729 -0.941590 0.320709
5.789766 -86.280548 11.502475 0.047311 -0.919150 0.391057
0.157040 -86.240667 13.084959 0.065979 -0.916076 0.395539
7.889572 -84.906309 15.050499 0.051058 -0.902667 0.427300
2.222669 -84.888106 16.471193 0.016710 -0.917149 0.398194
10.595964 -86.645903 11.275409 0.042983 -0.928623 0.368527
14.084666 -85.076437 13.879634 0.011232 -0.905762 0.423638
6.930052 -87.841001 8.248666 0.047067 -0.927884 0.369887
8.113150 -89.087647 4.654949 0.073982 -0.948949 0.306630
14.046308 -87.608216 7.767491 0.037654 -0.951395 0.305662
15.145959 -86.555776 10.367154 0.003402 -0.925589 0.378516
7.913771 -90.275488 0.409290 0.130966 -0.951531 0.278273
21.476258 -91.700411 -12.849477 0.186829 -0.972733 0.137426
20.480030 -90.149659 -2.648369 0.126479 -0.970615 0.204719
25.607377 -88.634100 -0.687441 0.265790 -0.932045 0.246266
25.541377 -80.211006 21.581021 0.278890 -0.838804 0.467576
21.648650 -81.514438 21.009598 0.176219 -0.876230 0.448518
29.274651 -88.590202 -5.508286 0.441606 -0.868131 0.226568
21.602927 -85.467912 12.735090 0.226820 -0.891731 0.391624
19.246161 -82.188605 20.386823 0.070586 -0.882993 0.464048
27.226594 -81.432562 18.064057 0.284282 -0.871567 0.399442
27.817118 -87.456619 0.378473 0.434466 -0.853633 0.287317
26.335643 -89.623567 -5.416906 0.208494 -0.963976 0.165169
26.169317 -84.998460 9.686241 0.374017 -0.878111 0.298381
28.644300 -83.870323 9.569830 0.461440 -0.845305 0.269319
18.823454 -84.985073 14.751052 0.032176 -0.912745 0.407261
29.941678 -89.109960 -10.139499 0.416591 -0.895478 0.156751
16.392269 -82.583113 19.775662 -0.049803 -0.882685 0.467319
28.213505 -85.405704 5.423214 0.473153 -0.833033 0.286673
27.852503 -89.604639 -8.095673 0.316496 -0.939605 0.130278
26.245476 -83.277691 14.495416 0.319014 -0.886304 0.335701
27.315127 -90.747459 -15.869535 0.255706 -0.960398 0.110678
31.944833 -89.344121 -17.314425 0.350106 -0.932156 0.092255
34.928224 -87.952850 -17.062666 0.488707 -0.859716 0.148509
33.113628 -87.688789 -11.370709 0.477399 -0.856494 0.196238
18.994804 -78.984108 26.143660 0.038889 -0.861298 0.506610
15.311383 -78.850784 26.234438 -0.062148 -0.834462 0.547550
21.147238 -78.800660 25.997592 0.239456 -0.812161 0.532030
12.700258 -83.282319 17.802283 -0.024820 -0.891500 0.452340
11.157701 -81.110982 21.534394 -0.013722 -0.856636 0.515739
38.172514 -81.860057 -0.646931 0.502809 -0.818748 0.277191
34.727762 -82.802950 2.094192 0.480987 -0.827237 0.290397
34.171136 -85.478628 -4.936054 0.481318 -0.838410 0.255737
19.686816 -90.904059 -6.711855 0.116388 -0.974926 0.189668
19.685816 -91.584298 -9.866498 0.137179 -0.977576 0.159772
38.873831 -83.755531 -7.961264 0.510181 -0.830335 0.224186
17.498336 -94.299754 -31.336055 0.280140 -0.957681 0.066099
16.121266 -94.630804 -28.743930 0.318809 -0.932713 0.168543
14.195538 -94.779818 -27.399558 0.426356 -0.868846 0.251650
16.538220 -94.651784 -32.435092 0.321758 -0.926343 0.195860
14.455991 -94.318047 -25.525343 0.251354 -0.961948 0.107133
34.706127 -88.319208 -19.480582 0.403407 -0.913269 0.056591
34.916678 -88.526340 -25.127968 0.427923 -0.903421 0.026695
36.898345 -87.315079 -21.497105 0.526206 -0.847890 0.064727
21.018393 -92.852861 -21.307907 0.221756 -0.967186 0.123994
41.248495 -84.113835 -18.415886 0.556413 -0.825740 0.092514
26.956822 -91.521284 -23.101307 0.274029 -0.955557 0.108712
20.724921 -93.574408 -25.023580 0.199651 -0.975432 0.093128
43.251525 -82.715776 -18.364104 0.627071 -0.775352 0.074909
17.050162 -93.503737 -20.622263 0.177227 -0.976038 0.126256
41.794628 -82.917619 -12.578410 0.567313 -0.810185 0.147503
37.540201 -87.121366 -27.449353 0.522500 -0.852600 -0.008123
40.065982 -85.457626 -25.948433 0.585144 -0.810625 0.022197
28.855339 -91.255109 -28.151200 0.384822 -0.922647 0.025195
17.878554 -94.104672 -27.412937 0.176938 -0.982921 0.050581
35.130669 -88.455364 -30.396004 0.448246 -0.893481 -0.027702
26.401043 -78.746502 23.109870 0.472672 -0.633475 0.612609
27.886793 -76.045881 23.493608 0.561480 -0.529867 0.635595
24.669161 -77.699870 25.346472 0.487880 -0.542201 0.684099
31.661674 -79.205481 16.102200 0.739818 -0.485400 0.465893
29.445620 -80.210654 18.741780 0.508856 -0.745328 0.430758
30.193507 -78.702592 19.759484 0.598959 -0.560953 0.571472
30.843659 -77.519044 19.728933 0.761257 -0.430798 0.484666
26.601847 -74.556453 25.920954 0.442051 -0.597058 0.669412
35.369755 -69.239417 25.348977 0.421321 -0.678611 0.601644
34.860342 -71.856527 22.697039 0.453923 -0.683448 0.571710
29.698006 -74.011575 24.573404 0.453133 -0.663646 0.595185
34.220979 -74.199772 20.833948 0.412554 -0.611570 0.675116
29.564440 -70.455804 28.218724 0.409016 -0.655025 0.635334
31.814176 -76.019312 20.073717 0.473094 -0.693801 0.542975
33.911180 -67.521994 28.120014 0.422889 -0.664487 0.616134
24.429981 -73.684671 28.048840 0.454353 -0.488521 0.744923
25.604301 -71.513905 29.298166 0.341020 -0.659728 0.669675
20.109050 -72.280314 31.319738 0.402182 -0.463565 0.789530
17.678701 -71.920030 32.512955 0.208891 -0.569734 0.794838
22.521381 -71.347870 30.743951 0.294049 -0.648498 0.702130
23.233074 -67.309092 34.515003 0.288447 -0.677165 0.676939
15.785952 -69.288852 35.220189 0.056958 -0.663569 0.745944
18.050610 -69.827824 34.309248 0.240659 -0.687028 0.685621
17.383819 -75.310338 30.477530 0.103169 -0.596422 0.796013
20.478828 -77.769057 27.679055 0.128958 -0.741867 0.658030
20.611423 -75.819025 29.288524 0.387928 -0.493089 0.778701
27.093388 -68.552505 31.820851 0.337669 -0.665926 0.665223
20.301263 -70.345932 32.576026 0.319015 -0.663646 0.676612
14.886070 -76.078949 29.873275 -0.026684 -0.767424 0.640585
18.745135 -68.425067 35.640760 0.238532 -0.678320 0.694971
25.149099 -63.837016 37.186193 0.311130 -0.606611 0.731589
10.920543 -78.332271 26.102180 -0.055295 -0.837664 0.543380
19.916778 -63.992464 39.204425 0.273444 -0.598979 0.752631
44.048335 -73.528836 13.970123 0.511273 -0.817485 0.265178
40.750748 -75.374500 14.971362 0.446129 -0.850147 0.279676
42.212882 -75.499634 10.861216 0.504216 -0.831159 0.234396
32.042579 -82.462713 7.582135 0.501006 -0.816238 0.287660
34.005364 -78.949526 13.698517 0.495741 -0.814941 0.300187
39.419564 -76.890113 11.127135 0.442542 -0.858837 0.257983
40.875096 -78.473305 3.969552 0.492002 -0.820324 0.291552
35.859818 -77.601673 14.693181 0.396027 -0.868180 0.299041
29.207474 -81.609336 15.635749 0.474706 -0.829307 0.294795
41.646092 -74.245132 15.997872 0.500756 -0.715822 0.486665
42.530873 -79.681748 -2.716459 0.535858 -0.809910 0.238542
31.570016 -80.172033 14.884577 0.585562 -0.716188 0.379726
31.854744 -77.366764 16.624642 0.480659 -0.705644 0.520609
33.402571 -78.166063 16.060018 0.308768 -0.788239 0.532298
37.143945 -73.845239 18.957705 0.428414 -0.528799 0.732689
35.756765 -76.015793 18.686399 0.367913 -0.666786 0.648102
33.559404 -75.960076 19.232152 0.134666 -0.820371 0.555748
37.386720 -75.911627 17.447699 0.388142 -0.798055 0.460928
34.726419 -77.043525 17.053410 0.290677 -0.857985 0.423518
37.791279 -71.389483 20.794449 0.458101 -0.674332 0.579154
46.148917 -69.263089 18.292315 0.387423 -0.421032 0.820143
43.026427 -69.619251 19.339810 0.376037 -0.493935 0.783980
43.590463 -72.391165 16.822455 0.419765 -0.748928 0.512742
40.806773 -70.924031 19.193041 0.364206 -0.566281 0.739378
41.068555 -72.781168 17.985257 0.406662 -0.589939 0.697565
39.129772 -74.652223 17.854038 0.401201 -0.607989 0.685118
47.236245 -70.942658 16.039007 0.521142 -0.801306 0.293803
46.535048 -70.590260 17.306950 0.423658 -0.617964 0.662295
43.077787 -71.078161 18.409246 0.315781 -0.567745 0.760229
42.302808 -68.639043 20.701405 0.531337 -0.627989 0.568604
40.610997 -67.095663 24.215470 0.462947 -0.682009 0.566165
46.673558 -66.699579 18.975514 0.424126 -0.438724 0.792236
47.573792 -72.926407 8.027287 0.525970 -0.817975 0.232967
51.312962 -68.793196 14.021904 0.519230 -0.812987 0.263539
46.162314 -62.076551 23.975414 0.619403 -0.565290 0.544782
-36.748720 -86.816889 -3.105047 -0.445934 -0.885893 0.127813
-32.731838 -89.180247 -2.763281 -0.450922 -0.860870 0.235739
-34.549383 -88.202196 -4.177834 -0.576194 -0.814455 0.068293
-34.866162 -87.209653 -0.112682 -0.461496 -0.849449 0.255845
-33.837926 -86.512701 3.636751 -0.495249 -0.810516 0.312718
-31.787964 -90.653013 -6.999936 -0.544807 -0.829601 0.122261
-23.571466 -92.461096 -4.843413 -0.052668 -0.950873 0.305070
-26.635383 -92.620658 -6.848804 -0.198488 -0.951296 0.235878
-29.443330 -92.035388 -7.923029 -0.382954 -0.908725 0.166028
-31.233495 -91.174546 -9.096769 -0.575432 -0.812355 0.094646
-22.020997 -92.317109 -4.599102 0.092998 -0.925597 0.366907
-29.474110 -91.184962 -4.515148 -0.340902 -0.899519 0.273224
-25.745656 -89.633603 2.403537 -0.062135 -0.917649 0.392503
-23.177798 -90.876042 -1.061453 0.108996 -0.914642 0.389293
-26.644326 -91.074032 -1.496069 -0.182275 -0.931451 0.314921
-28.714147 -89.206970 1.971694 -0.265898 -0.904493 0.333454
-20.609969 -89.167057 1.836735 0.019371 -0.937536 0.347350
-32.440194 -90.589915 -11.669388 -0.560010 -0.814110 0.153669
-19.723622 -91.550068 -3.623406 0.087037 -0.912985 0.398601
-34.501178 -89.436146 -11.959773 -0.424106 -0.871192 0.247303
-19.500479 -88.069288 5.938513 -0.063004 -0.934979 0.349064
-23.125478 -88.891351 3.869546 0.090608 -0.936987 0.337410
-25.721615 -82.773939 14.662802 0.018932 -0.856799 0.515303
-23.219932 -88.133472 5.798807 -0.008599 -0.891133 0.453660
-37.313644 -74.366403 23.165479 -0.513074 -0.741315 0.432675
-35.254808 -74.987563 24.635127 -0.500669 -0.733226 0.460120
-31.092378 -71.910281 29.731750 -0.260004 -0.678300 0.687246
-31.798804 -75.877985 25.653897 -0.129393 -0.787669 0.602358
-28.840732 -72.979103 29.235946 -0.157483 -0.734668 0.659896
-33.528735 -75.216608 25.929094 -0.346902 -0.714275 0.607840
-26.863397 -74.988205 27.291393 -0.122147 -0.772298 0.623407
-37.525786 -72.377761 25.618031 -0.494963 -0.656689 0.569009
-36.425025 -70.358066 28.947721 -0.371711 -0.713875 0.593476
-34.911076 -71.666646 28.376918 -0.379934 -0.640900 0.667006
-32.427413 -82.911711 13.561598 -0.423161 -0.813621 0.398692
-30.639562 -84.066423 12.582310 -0.221573 -0.870264 0.439940
-38.281461 -76.361800 18.256233 -0.460177 -0.778334 0.427123
-28.989624 -83.916385 13.233859 0.021688 -0.868317 0.495535
-33.333766 -80.255244 17.731950 -0.445373 -0.770151 0.456629
-31.646347 -81.140479 17.584228 -0.294395 -0.812577 0.503041
-34.929915 -78.061906 19.384667 -0.494542 -0.745725 0.446456
-27.662731 -86.026545 9.685323 -0.035809 -0.875105 0.482606
-25.652717 -76.994697 24.885929 -0.082864 -0.828108 0.554411
-30.308063 -77.937071 22.956581 -0.143282 -0.824868 0.546866
-30.393589 -81.536788 17.414243 -0.076481 -0.856625 0.510239
-32.929668 -78.133276 21.263875 -0.343749 -0.796906 0.496768
-26.920972 -80.383740 19.254340 -0.012158 -0.870938 0.491242
-24.268176 -82.376059 15.561630 -0.123062 -0.894153 0.430519
-41.625807 -77.810522 11.031490 -0.487553 -0.782647 0.386983
-39.521943 -78.779746 12.143518 -0.570941 -0.730048 0.375575
-43.140569 -72.519507 20.717823 -0.465128 -0.773662 0.430236
-43.331805 -70.632035 23.355060 -0.446225 -0.716072 0.536772
-38.910260 -73.565051 22.817866 -0.434247 -0.750470 0.498220
-35.059022 -84.088865 7.834811 -0.483700 -0.802300 0.349785
-31.581697 -85.861879 8.007434 -0.395084 -0.841741 0.367940
-36.116860 -79.132121 16.674172 -0.519990 -0.747556 0.413243
-37.010697 -80.982750 11.918873 -0.522871 -0.765820 0.374334
-29.695754 -87.119949 6.779231 -0.212643 -0.895643 0.390648
-31.490110 -87.555758 3.869758 -0.375011 -0.875172 0.305680
-42.379461 -80.622197 4.838451 -0.497349 -0.794718 0.347948
-39.560244 -81.560523 6.669573 -0.532403 -0.773976 0.342796
-38.266623 -83.806513 2.898280 -0.512017 -0.799443 0.314213
-19.789763 -81.141251 19.906555 -0.123346 -0.864034 0.488089
-16.744008 -87.151944 8.791242 -0.075371 -0.880575 0.467876
-12.290093 -85.863732 11.085273 -0.088349 -0.891800 0.443721
-16.123100 -85.162774 12.287122 -0.100970 -0.887310 0.449985
-14.794629 -83.495286 16.340212 -0.096826 -0.900687 0.423541
-20.524579 -87.193884 7.518694 -0.083774 -0.878907 0.469580
-20.903039 -85.551870 10.400113 -0.055432 -0.864370 0.499792
-15.111648 -81.016938 20.836222 -0.044565 -0.864008 0.501503
-16.120758 -78.505044 24.790542 -0.073972 -0.817606 0.571007
-10.573372 -84.023579 15.731371 -0.064263 -0.887373 0.456552
-10.005737 -81.594210 20.024465 -0.090571 -0.862347 0.498151
-24.201834 -80.346784 19.949358 -0.135568 -0.856087 0.498734
-8.533777 -84.484578 15.499140 -0.155829 -0.856889 0.491384
-4.802595 -81.829233 21.178179 -0.111918 -0.852047 0.511360
-7.000460 -78.187560 26.446132 -0.088934 -0.803992 0.587952
-4.589850 -78.783468 25.774687 0.035667 -0.795930 0.604337
-5.331567 -86.884727 12.419126 -0.030057 -0.879346 0.475234
-1.623795 -81.854446 21.405291 0.015873 -0.796358 0.604617
0.077262 -78.874350 25.004476 0.041852 -0.783351 0.620169
-3.649973 -85.323663 15.199908 -0.069190 -0.882676 0.464862
-10.394129 -78.520091 25.279466 -0.080455 -0.837752 0.540091
-0.961470 -83.784265 18.682612 -0.053537 -0.868891 0.492100
-5.676631 -76.143482 29.125846 0.027524 -0.758607 0.650967
6.319898 -76.783604 27.797923 -0.101783 -0.738589 0.666428
3.493594 -77.426701 26.872072 -0.017004 -0.762636 0.646604
4.971088 -80.446424 22.867366 0.022999 -0.807618 0.589257
-1.741030 -76.328615 28.296544 0.065014 -0.748329 0.660134
-6.132757 -74.250693 31.108528 0.057129 -0.741920 0.668051
3.837859 -73.499290 30.893540 0.038928 -0.738542 0.673082
13.465100 -71.284842 33.576864 0.060245 -0.597601 0.799527
11.929773 -74.533269 31.289145 -0.067077 -0.661482 0.746955
6.921573 -72.236902 32.452141 -0.080563 -0.702775 0.706836
10.367174 -70.708877 34.084711 0.011210 -0.674462 0.738224
10.081762 -76.292044 28.958647 -0.088495 -0.796841 0.597673
2.961342 -83.585626 19.071780 0.058791 -0.827823 0.557900
8.836386 -82.581917 19.363426 0.074933 -0.861821 0.501647
5.050195 -84.363615 16.990089 0.099636 -0.919704 0.379761
60.824961 -54.064318 -28.225411 0.923777 -0.340402 -0.175392
58.869763 -59.414895 -27.327623 0.937374 -0.322976 -0.130445
64.535621 -49.405868 -10.231981 0.990515 0.053539 -0.126547
60.514603 -55.781228 -1.076171 0.897805 -0.393252 0.198241
59.181434 -57.094798 1.264823 0.828214 -0.499889 0.253321
64.515008 -51.315615 -12.370301 0.991399 0.119767 -0.052755
64.367561 -51.284270 -9.654924 0.965861 -0.227120 0.124615
64.419432 -54.172109 -13.891158 0.913835 -0.350809 0.204545
61.825258 -52.863522 -4.664825 0.934180 -0.312839 0.171582
61.360741 -53.967416 -2.743784 0.960379 -0.240808 0.140299
60.116769 -59.446492 -13.052560 0.782938 -0.620581 0.043434
61.350757 -57.506847 -10.663328 0.835980 -0.538714 0.104525
60.276740 -58.743772 -8.608510 0.857021 -0.510972 0.066504
62.353553 -52.191237 -5.587862 0.872320 -0.401060 0.279657
63.562666 -52.445494 -8.648359 0.833856 -0.465016 0.297396
62.694883 -50.682469 -3.392828 0.842713 -0.469340 0.263732
63.577268 -55.574315 -13.780098 0.773697 -0.613136 0.159553
64.646724 -52.602350 -14.190173 0.999504 -0.002562 -0.031381
61.659426 -55.112890 -5.771334 0.955720 -0.242018 0.167412
64.694163 -48.931823 -7.896558 0.999160 -0.038423 0.014227
64.372707 -49.753738 -6.414262 0.893607 -0.366843 0.258635
63.740223 -48.573792 -14.149388 0.987689 0.121906 -0.098030
62.193359 -55.655380 -9.565051 0.867400 -0.445185 0.222324
62.062097 -57.150457 -14.142660 0.757279 -0.646247 0.094301
59.198306 -58.686520 -1.863410 0.862077 -0.459679 0.213353
61.675413 -57.616627 -18.160366 0.700835 -0.704087 -0.114414
60.291433 -59.001636 -17.340902 0.730631 -0.681166 -0.046807
59.675579 -59.616090 -18.860119 0.869424 -0.489438 -0.067479
61.100647 -58.579020 -13.760062 0.752801 -0.657967 0.019231
59.492935 -58.920823 -22.542150 0.925076 -0.361557 -0.116234
59.391421 -60.554656 -12.351352 0.873375 -0.486741 -0.017310
59.122707 -61.122423 -8.456652 0.960704 -0.271802 0.056318
60.840388 -57.455525 -5.493988 0.870342 -0.474853 0.130461
64.376742 -54.686746 -16.498957 0.963938 -0.262369 -0.044563
61.036884 -56.492218 -3.500565 0.910550 -0.357187 0.208123
63.775431 -55.809176 -17.446847 0.820685 -0.566951 -0.071012
58.036389 -63.209748 -12.742549 0.938645 -0.341664 -0.047024
58.554480 -61.857352 -17.722526 0.975638 -0.197557 0.095402
60.111738 -56.674855 -25.841671 0.876578 -0.447554 -0.176939
58.948229 -60.215820 -24.072053 0.992271 -0.081404 -0.093654
59.110576 -61.353366 -21.073941 0.999331 -0.007325 0.035841
60.509949 -57.464543 -21.709253 0.746666 -0.622285 -0.235055
61.560878 -55.181755 -24.280228 0.707351 -0.624802 -0.330569
62.009703 -53.141382 -25.977641 0.828810 -0.387743 -0.403398
64.272266 -52.849105 -18.686478 0.991126 0.101942 -0.085301
62.828463 -54.437371 -23.787401 0.732940 -0.552996 -0.396226
62.723168 -56.107793 -20.287011 0.680903 -0.681753 -0.267553
64.482852 -41.128312 -5.885077 0.998506 -0.028499 0.046631
64.187726 -40.826575 -2.825903 0.982015 -0.135175 0.131809
64.502548 -43.033199 -7.611703 0.997179 0.022965 -0.071456
64.540813 -40.825008 -9.112998 0.989740 -0.141198 -0.021848
64.031789 -44.843001 -11.336294 0.993141 -0.012140 -0.116289
64.821620 -39.339436 -13.678615 0.979131 -0.203103 -0.007221
63.903303 -44.383687 -15.220094 0.987132 -0.153496 -0.044816
63.691634 -46.457499 -14.419073 0.995632 -0.057538 -0.073525
64.480904 -40.778245 -16.668276 0.978025 -0.201384 -0.053960
64.152326 -39.937847 -25.035151 0.977132 -0.210773 -0.028057
64.979315 -36.956195 -23.037089 0.977509 -0.202709 -0.058178
65.034312 -35.852420 -27.689448 0.981225 -0.192182 -0.016220
63.201830 -46.513771 -21.267596 0.996464 -0.026850 -0.079615
62.822793 -48.901774 -24.553442 0.974484 0.061349 -0.215910
62.963811 -48.019179 -0.077709 0.892340 -0.344732 0.291359
63.199303 -44.591720 2.859669 0.948723 -0.155440 0.275251
63.649593 -46.731276 -1.142286 0.952226 -0.185957 0.242251
62.109124 -50.943325 -26.724302 0.953901 -0.146489 -0.261942
61.981892 -48.777063 1.963738 0.929217 -0.243300 0.278138
63.177419 -52.667045 -24.405581 0.920355 -0.068985 -0.384952
61.823480 -50.725520 0.384973 0.944278 -0.275181 0.180596
63.313257 -48.534125 -21.127543 0.985319 0.145628 -0.089098
60.869211 -49.891391 5.510606 0.960197 -0.162754 0.227007
61.867715 -45.777375 5.042386 0.900955 -0.245345 0.357892
64.368543 -47.219438 -3.824796 0.978121 -0.072216 0.195103
63.827466 -43.702221 -0.969762 0.983020 -0.019684 0.182439
63.939331 -52.523017 -21.883231 0.978146 0.115008 -0.173214
63.896950 -53.934972 -21.755620 0.919053 -0.338393 -0.202071
60.305242 -54.264218 4.086637 0.836455 -0.484676 0.255797
57.705568 -58.343074 3.457495 0.899769 -0.339941 0.273598
60.903849 -52.792055 3.485001 0.954473 -0.244192 0.171323
57.370951 -56.797906 7.007807 0.867280 -0.451022 0.210724
57.546314 -60.139653 2.744381 0.963905 0.062908 0.258707
58.283776 -59.485428 0.499847 0.948427 -0.227617 0.220628
63.118186 -41.606947 3.330441 0.974722 -0.041807 0.219474
63.567832 -39.339064 2.678253 0.956072 -0.212612 0.201799
64.629800 -45.956184 -5.299252 0.997751 0.013756 0.065598
62.016695 -42.649573 6.359681 0.923394 -0.183594 0.337101
63.578141 -41.260163 0.325106 0.983957 -0.076288 0.161272
46.474811 -79.558460 -14.816497 0.620644 -0.778463 0.093794
49.924568 -77.316113 -19.815688 0.654692 -0.754913 0.038532
47.313865 -79.462865 -22.421411 0.647216 -0.762184 0.013675
44.155298 -82.237242 -24.319374 0.632953 -0.774132 0.009518
42.852582 -83.231837 -27.136957 0.637451 -0.770469 -0.005883
37.712809 -85.419563 -12.839237 0.506125 -0.847292 0.161042
44.909551 -79.845529 -8.941102 0.569693 -0.800116 0.187787
54.503175 -72.764058 -21.416327 0.737529 -0.675210 -0.011917
47.233844 -76.626515 -2.536317 0.573218 -0.790443 0.215919
51.319942 -75.850726 -17.383109 0.701941 -0.708348 0.074316
48.432430 -77.563896 -10.655455 0.628915 -0.765825 0.134080
50.891365 -75.518184 -12.058269 0.712883 -0.695475 0.090068
53.045753 -72.919285 -7.945862 0.700219 -0.707422 0.096166
48.290300 -74.216447 2.618235 0.528085 -0.804313 0.272408
55.719301 -71.219558 -18.045868 0.758357 -0.648473 0.066166
59.508082 -65.924470 -12.714678 0.946761 -0.318182 -0.049024
58.464957 -64.116060 -11.897831 0.659387 0.334622 -0.673229
58.835123 -61.827862 -12.045938 0.974966 -0.178563 -0.132500
57.704663 -64.357447 -12.277900 0.945175 0.324852 0.033404
57.933522 -68.303506 -11.089416 0.761709 -0.646981 0.034846
58.212282 -67.804028 -16.985700 0.828397 -0.560124 -0.004327
59.175649 -62.855523 -8.957621 0.983291 0.180184 -0.025944
59.527884 -64.290839 -11.289245 0.947709 0.289139 -0.135081
59.648267 -65.068654 -8.619572 0.986122 -0.163069 0.031183
56.476462 -69.969061 -15.388246 0.730716 -0.680592 0.053382
55.399199 -70.731995 -9.730774 0.708971 -0.701524 0.072276
58.104500 -64.109727 -13.833530 0.866695 0.482259 0.127541
57.894416 -67.550522 -5.822492 0.728505 -0.678777 0.092424
58.894526 -66.446773 -6.776195 0.855685 -0.510739 0.083357
58.809526 -63.282965 -11.375219 0.925281 0.103963 -0.364756
58.734503 -62.590296 -6.563792 0.972481 0.228257 0.046689
59.167584 -66.686350 -10.725734 0.846044 -0.529836 0.059009
59.189217 -66.097881 -16.364043 0.979452 -0.180026 -0.090915
59.411214 -63.794427 -6.832717 0.973321 0.229175 0.011208
59.125541 -64.791137 -13.115741 0.745992 0.655291 -0.118699
55.732530 -69.096972 -0.967615 0.666377 -0.735478 0.122531
59.008950 -65.037049 -15.318777 0.903630 0.426947 -0.034205
52.865980 -70.433655 4.304610 0.591100 -0.782362 0.196240
52.936075 -72.091456 -2.732567 0.653552 -0.740639 0.155962
56.128684 -66.858587 9.500994 0.724155 -0.660202 0.199331
54.586163 -68.224983 8.957145 0.541991 -0.814149 0.208341
58.360665 -61.235666 -0.994169 0.966851 0.247686 0.062059
58.511386 -64.686083 1.430231 0.951970 -0.185475 0.243624
58.240824 -62.042439 1.423630 0.967078 0.139690 0.212715
59.056304 -63.591602 -0.339423 0.966229 0.124755 0.225471
52.868326 -66.075136 17.412934 0.345505 -0.597982 0.723218
50.518821 -68.066794 16.317309 0.464178 -0.660994 0.589598
49.846731 -66.825424 17.654321 0.302587 -0.484964 0.820519
57.567145 -67.017885 0.656077 0.788896 -0.594756 0.154623
58.283298 -66.874237 -1.913017 0.716410 -0.691448 0.093038
59.316182 -65.561292 -2.285662 0.884639 -0.439680 0.155230
58.735047 -60.859859 -5.389110 0.899594 -0.416320 0.131940
54.859397 -66.955396 13.038418 0.619633 -0.740371 0.260586
53.427608 -66.737298 16.190923 0.480670 -0.787047 0.386669
59.456445 -65.238753 -4.821386 0.945698 -0.325015 0.004523
57.218945 -64.759838 11.227881 0.861400 -0.447488 0.240301
59.512918 -63.657238 -4.150945 0.931216 0.361113 -0.049334
59.812376 -64.552311 -3.285389 0.985739 0.134514 0.101113
58.609941 -60.984737 -3.896988 0.972665 -0.199831 0.118280
54.667595 -65.612869 16.359772 0.737655 -0.559167 0.378415
57.804678 -66.034769 2.993158 0.931312 -0.341351 0.127035
57.502627 -65.546190 7.517083 0.952713 -0.282496 0.111955
56.637614 -67.218703 5.890247 0.680942 -0.719794 0.134958
56.285866 -63.335853 15.590817 0.874550 -0.315235 0.368497
57.354322 -63.098551 12.548465 0.962369 -0.130142 0.238557
58.045921 -63.588875 3.575227 0.984290 0.087801 0.153178
57.724519 -63.286239 6.726063 0.989382 0.143300 0.024264
48.209972 -63.483161 20.204794 0.465737 -0.602035 0.648569
57.653710 -62.101929 10.786273 0.992348 0.122384 -0.016334
44.005456 -75.812521 5.813087 0.519663 -0.815034 0.256263
58.410345 -63.792604 -16.422338 0.975160 0.155606 0.157636
60.255094 -63.856285 -19.527384 0.843377 0.248067 0.476631
58.949442 -65.974762 -18.256059 0.898404 -0.372923 0.231945
60.677550 -64.649402 -20.581604 0.922762 -0.236715 0.304099
58.877191 -64.974704 -17.622287 0.947616 0.171088 0.269728
58.692398 -67.168251 -19.700941 0.816364 -0.569740 0.094583
57.419434 -69.214348 -22.093620 0.765119 -0.643888 -0.000810
59.049820 -63.047418 -18.747458 0.874717 0.325664 0.358906
59.855733 -62.525977 -21.445429 0.763795 0.624270 0.164022
58.256553 -68.175445 -26.131687 0.752364 -0.658052 -0.030261
60.300776 -65.769865 -21.538910 0.818280 -0.567270 0.092856
60.680047 -63.334611 -21.678659 0.879973 0.447357 0.159749
61.022364 -64.243545 -22.501311 0.995672 -0.090960 -0.019070
38.460671 -86.253482 -33.747532 0.504971 -0.861693 -0.049887
35.461045 -86.358056 -44.106900 0.282087 -0.915800 -0.285897
37.891548 -86.395069 -37.986227 0.480168 -0.874102 -0.073375
59.771674 -66.031212 -27.578885 0.903259 -0.419599 -0.089772
59.511919 -66.774203 -24.158260 0.802293 -0.596182 -0.029869
58.703058 -67.516390 -28.651936 0.770195 -0.635597 -0.053067
56.866283 -61.762284 -34.246806 0.940925 -0.253065 -0.224987
57.033672 -63.180416 -32.996835 0.869312 0.479921 -0.118204
58.261761 -67.345903 -34.123622 0.858655 -0.496914 -0.125646
59.218465 -66.104525 -32.679212 0.921562 -0.358775 -0.148335
59.818533 -64.874713 -29.952812 0.979099 0.126113 -0.159566
58.989551 -63.576038 -29.214429 0.569650 0.792815 -0.216662
59.223298 -64.670906 -32.648324 0.858510 0.456153 -0.234274
58.360591 -64.090852 -32.711397 0.587730 0.783862 -0.200335
58.649233 -65.351420 -35.170978 0.954710 0.173877 -0.241446
60.626263 -64.758586 -25.198543 0.945909 -0.302041 -0.118432
57.463214 -62.748320 -29.584679 0.944324 0.001261 -0.329014
58.252940 -63.100677 -28.714519 0.650362 0.649345 -0.394183
60.090116 -63.765211 -27.158508 0.927900 0.270863 -0.256194
60.543284 -63.076411 -23.844777 0.868460 0.494700 -0.032385
58.652279 -61.550852 -26.711724 0.923981 0.246085 -0.292747
60.701224 -63.506964 -25.427689 0.807474 0.520759 -0.277121
57.193763 -63.365604 -31.487595 0.769320 0.612896 -0.180292
59.234019 -61.752161 -24.150902 0.848598 0.524621 -0.068218
57.261385 -62.221862 -30.755500 0.929968 -0.332467 -0.156922
33.756452 -55.237920 39.154375 0.467955 -0.486183 0.738000
35.885604 -52.101345 39.779136 0.495867 -0.445734 0.745277
36.052162 -58.004893 35.738950 0.450688 -0.518451 0.726697
39.520003 -57.580806 33.744323 0.530681 -0.458208 0.713037
38.255851 -60.453389 32.759935 0.457834 -0.524420 0.717894
36.682881 -62.930752 31.735061 0.412606 -0.659349 0.628503
40.660976 -60.682457 30.738675 0.574789 -0.503882 0.644764
39.687961 -63.823401 28.629847 0.465774 -0.647995 0.602626
28.086168 -53.423269 43.409564 0.364935 -0.455321 0.812099
29.350307 -55.907258 41.297310 0.386859 -0.518854 0.762319
32.845951 -50.187998 42.771566 0.435453 -0.424747 0.793707
31.347114 -57.632355 38.985325 0.418064 -0.546136 0.725919
33.105242 -62.659688 34.052124 0.404669 -0.583328 0.704252
10.307091 -62.956036 41.555937 0.134607 -0.681113 0.719699
5.997783 -64.111429 41.510236 0.099866 -0.697622 0.709472
12.182634 -59.621154 44.073853 0.127223 -0.596882 0.792178
9.155356 -66.541041 38.091173 0.081569 -0.702949 0.706548
5.088949 -61.569799 43.635616 0.076511 -0.575992 0.813867
5.779107 -67.072754 37.797620 0.016246 -0.740968 0.671344
4.539467 -59.102328 45.355669 0.012258 -0.591874 0.805937
15.911711 -51.246300 48.377061 0.227579 -0.451138 0.862950
12.378262 -55.468244 46.815192 0.146604 -0.510678 0.847181
19.310444 -56.485816 44.443653 0.238056 -0.515456 0.823186
22.554935 -60.891671 40.367939 0.278132 -0.553866 0.784778
3.120919 -70.371568 34.498560 0.028311 -0.722721 0.690560
1.036101 -67.323267 37.608573 0.039936 -0.712565 0.700468
15.130553 -66.534965 37.625634 0.050692 -0.671687 0.739099
18.330274 -66.023714 37.874249 0.105896 -0.651432 0.751280
14.894121 -63.124616 40.780236 0.086324 -0.665469 0.741417
16.697798 -61.493179 41.861125 0.183562 -0.566790 0.803153
28.284805 -62.925536 36.462590 0.371193 -0.605656 0.703844
25.840196 -56.329380 42.513424 0.287649 -0.539838 0.791096
25.104578 -52.629442 44.954740 0.258341 -0.474392 0.841553
31.177836 -47.442880 44.947013 0.424780 -0.343884 0.837440
28.374088 -44.264514 47.402164 0.362122 -0.295519 0.884045
26.313996 -49.840276 46.063777 0.311693 -0.401364 0.861252
25.299986 -45.691801 48.051997 0.302928 -0.329533 0.894227
31.067547 -42.506912 46.715594 0.414933 -0.223102 0.882075
18.632067 -46.390170 49.919036 0.244424 -0.358541 0.900947
35.144540 -43.882423 44.167934 0.497690 -0.256570 0.828539
12.577905 -48.753003 50.266319 0.160816 -0.401560 0.901603
17.242157 -40.437434 52.244036 0.274338 -0.284272 0.918656
22.050201 -42.031144 50.385929 0.307939 -0.260535 0.915038
3.991779 -56.605341 47.153410 0.030423 -0.543338 0.838962
0.535471 -53.820490 48.889485 -0.000521 -0.507278 0.861782
2.555584 -63.838623 41.762316 -0.006480 -0.718134 0.695875
-4.656108 -67.464057 37.865736 0.053877 -0.701879 0.710256
-2.538473 -64.807887 40.609366 0.018911 -0.735578 0.677176
-2.709962 -62.087946 43.228961 0.010995 -0.632439 0.774532
-7.441336 -60.878260 44.318454 0.001344 -0.609685 0.792643
-3.143376 -71.186301 34.265537 0.066990 -0.723794 0.686756
31.652707 -65.797655 31.695460 0.402124 -0.660796 0.633754
53.494853 -30.760634 30.662247 0.782371 -0.194347 0.591713
51.451461 -27.192597 34.012683 0.759986 -0.109934 0.640574
49.802432 -23.096311 36.320530 0.743854 -0.026498 0.667816
54.042260 -24.536543 31.429318 0.739488 -0.046888 0.671535
55.920270 -35.682120 25.432281 0.796842 -0.231743 0.557977
52.005448 -37.658544 29.960013 0.791682 -0.229156 0.566328
58.497277 -37.490532 19.947811 0.892920 -0.246645 0.376644
56.987019 -42.941429 19.111765 0.881086 -0.258366 0.396149
49.531258 -36.414001 33.942198 0.768101 -0.214064 0.603488
55.665851 -42.054349 22.379049 0.842717 -0.256280 0.473444
48.992985 -29.135629 36.726412 0.750602 -0.134893 0.646838
53.971995 -41.913685 25.247907 0.809230 -0.247707 0.532717
51.253239 -45.909045 27.905651 0.809235 -0.234162 0.538801
59.861294 -40.251212 14.042003 0.911776 -0.263840 0.314728
50.016114 -50.273522 27.549258 0.765322 -0.309412 0.564400
48.410379 -45.864570 31.641535 0.763988 -0.246111 0.596449
46.285492 -49.188926 32.671491 0.705206 -0.305467 0.639824
47.762911 -54.986944 27.712690 0.703991 -0.376920 0.601937
46.244561 -42.219515 35.705244 0.716613 -0.255555 0.648966
42.957036 -42.245664 38.928996 0.645422 -0.291623 0.705965
39.095750 -44.567659 41.241935 0.588202 -0.315774 0.744517
44.174332 -50.333328 34.288936 0.637091 -0.346320 0.688605
36.510733 -47.552087 41.774452 0.516388 -0.366503 0.773964
40.295161 -51.082787 37.171010 0.566324 -0.399848 0.720693
43.714780 -54.599009 32.170654 0.608172 -0.426838 0.669280
30.879034 -33.496170 48.781680 0.421406 -0.169100 0.890967
37.058322 -34.898328 45.296699 0.491962 -0.194288 0.848661
45.189751 -60.980396 26.105607 0.641628 -0.477175 0.600514
46.179494 -56.442821 28.505835 0.631308 -0.452617 0.629753
24.553950 -36.573694 50.974621 0.358743 -0.204071 0.910856
40.562794 -40.071226 41.673670 0.562077 -0.226999 0.795325
56.638526 -58.927460 7.946591 0.998946 0.044552 0.011076
56.781224 -57.052573 11.264593 0.932604 -0.336698 0.129936
56.618202 -58.072414 12.268876 0.983746 0.165891 0.068728
44.014909 -63.418158 25.173394 0.569778 -0.596722 0.565045
52.092305 -55.768203 21.245955 0.764339 -0.308190 0.566397
52.972134 -51.192685 22.594489 0.804206 -0.264438 0.532283
47.674612 -62.419976 21.863300 0.456668 -0.600226 0.656645
52.596715 -57.171551 19.717220 0.786358 -0.061682 0.614684
51.589044 -57.826423 21.218578 0.716015 -0.114542 0.688624
54.624745 -57.971075 17.276330 0.861759 0.354441 0.362965
56.508158 -59.448882 14.632175 0.846764 0.456527 0.273082
54.805920 -58.352682 15.421573 0.891781 0.196709 0.407472
54.971022 -56.172144 16.414445 0.809710 -0.307957 0.499531
56.225026 -54.773080 16.069251 0.789919 -0.387421 0.475324
53.292385 -58.226213 19.464055 0.676676 0.222798 0.701762
51.985166 -60.333364 20.778584 0.540649 -0.054922 0.839453
50.629649 -62.008144 20.912255 0.283977 -0.499576 0.818401
49.781646 -57.566698 23.341628 0.748657 -0.326189 0.577160
48.513267 -60.369993 23.032700 0.586025 -0.459151 0.667649
50.174140 -60.778825 21.759650 0.538613 -0.325798 0.777015
48.393055 -57.714384 24.924616 0.670396 -0.443627 0.594781
58.707281 -52.260008 11.837561 0.913454 -0.312912 0.260167
56.809734 -55.938545 13.386899 0.899416 -0.339640 0.275128
55.777855 -57.496304 14.523469 0.854301 -0.164561 0.493041
56.688250 -59.670686 6.023827 0.990094 0.104071 0.094251
53.227832 -55.832364 19.322194 0.818530 -0.171168 0.548370
54.323153 -54.222795 19.137991 0.744385 -0.423329 0.516415
55.779815 -52.055016 18.549849 0.792822 -0.259125 0.551623
58.494867 -53.592557 10.527161 0.884864 -0.418905 0.203798
56.559588 -60.598746 16.142870 0.943025 0.017821 0.332245
55.293023 -59.402641 18.342746 0.784259 0.350076 0.512235
57.405156 -52.785304 15.402125 0.892933 -0.249268 0.374880
57.557628 -60.519923 12.042108 0.974418 0.157989 0.159842
57.031338 -50.675436 16.761910 0.899028 -0.052899 0.434684
55.459361 -48.993394 19.779103 0.854008 -0.114547 0.507493
53.719379 -60.726727 19.954156 0.521455 0.060922 0.851101
53.734441 -62.297552 19.851393 0.411080 -0.456827 0.788874
51.199673 -64.409467 18.936878 0.166844 -0.575937 0.800287
55.229315 -61.444503 18.579761 0.815713 -0.146702 0.559546
55.071879 -63.852854 17.439663 0.681034 -0.442434 0.583477
49.073725 -64.908468 18.870894 0.260866 -0.501653 0.824799
60.076360 -52.755718 6.306099 0.904919 -0.331115 0.267365
60.038051 -50.588110 8.882171 0.949313 -0.148132 0.277239
58.398668 -55.219923 7.147061 0.819169 -0.499253 0.282327
58.985599 -50.210639 12.177336 0.931831 -0.050038 0.359425
61.793887 -38.993859 9.137753 0.915478 -0.250234 0.315092
60.758297 -47.428903 7.106054 0.941023 -0.125913 0.314041
60.308368 -43.493752 9.753908 0.915701 -0.208178 0.343735
59.105979 -46.680821 11.825236 0.934664 -0.076451 0.347215
57.233947 -46.957207 16.356384 0.912479 -0.099494 0.396841
58.335211 -44.114352 14.975993 0.907408 -0.240184 0.344852
55.404678 -45.873503 20.844073 0.868709 -0.203251 0.451700
31.979570 -20.028487 50.020993 0.451149 -0.010809 0.892383
27.109633 -20.623289 52.144211 0.399974 -0.059249 0.914609
21.899477 -23.014791 54.209503 0.361543 -0.080026 0.928915
22.675719 -15.381895 54.378480 0.410615 -0.012584 0.911722
24.720570 -8.716834 53.102093 0.420597 0.041562 0.906295
26.047523 -14.917206 52.749269 0.410398 0.003199 0.911901
29.251469 -10.417493 51.318371 0.433083 0.021406 0.901100
27.842621 -5.425423 51.547805 0.400284 0.038651 0.915576
36.880684 -14.131294 47.360315 0.502040 0.006205 0.864822
34.986231 -5.438308 48.276650 0.489545 0.032322 0.871379
32.254966 -23.190021 49.755701 0.457355 -0.073278 0.886260
25.515205 -27.654513 52.141800 0.375126 -0.141726 0.916075
19.734868 -30.155105 53.765573 0.357915 -0.178348 0.916563
19.558808 -34.475404 53.005558 0.321379 -0.206529 0.924154
13.056015 -29.504032 56.768301 0.349079 -0.183130 0.919025
14.305348 -32.396706 55.480504 0.337244 -0.232987 0.912131
8.863698 -32.726974 57.253248 0.252620 -0.280760 0.925936
13.402969 -39.039995 53.883110 0.221239 -0.321661 0.920645
15.265299 -35.995024 54.267468 0.309876 -0.253513 0.916356
24.422798 -32.358848 51.643351 0.353087 -0.162384 0.921391
30.909054 -29.901295 49.311306 0.445459 -0.146890 0.883170
38.101709 -18.281458 46.495781 0.532859 -0.040119 0.845252
37.005726 -4.699158 46.981325 0.559073 0.072607 0.825933
25.519335 4.234787 51.948813 0.391472 0.093731 0.915404
29.957478 14.942803 48.848026 0.451187 0.129712 0.882953
27.549856 9.382981 50.622644 0.406453 0.091222 0.909106
23.558806 -3.449902 53.392230 0.394687 0.061757 0.916738
20.587982 1.507687 54.141173 0.394882 0.085926 0.914705
21.912483 7.945346 53.100583 0.367624 0.106723 0.923830
25.167068 11.444710 51.377960 0.358970 0.124685 0.924984
0.781971 15.558793 57.745326 0.135682 0.135432 0.981452
10.101600 -1.370840 57.790248 0.202738 0.050467 0.977932
9.029671 2.726309 57.674208 0.219107 0.082686 0.972191
4.348240 3.579476 58.648726 0.154077 0.089947 0.983956
8.364440 8.610323 57.498172 0.201536 0.105650 0.973767
12.168749 5.881149 56.828257 0.224860 0.113174 0.967796
3.458300 -2.445873 59.548223 0.129143 0.098300 0.986742
16.060148 1.535013 56.540313 0.402328 0.129160 0.906339
17.206243 6.243302 55.166143 0.353882 0.134128 0.925623
19.536338 -3.973888 55.124341 0.380003 0.055954 0.923291
15.671119 0.204965 56.824225 0.227712 0.019534 0.973533
17.702134 -3.731615 55.822789 0.310674 -0.052956 0.949040
5.004820 -10.416899 58.816138 0.150854 -0.004317 0.988547
3.827906 -4.272826 59.543338 0.163755 -0.056999 0.984853
13.086158 -4.842524 57.187375 0.239756 -0.015199 0.970714
1.625158 -13.165294 59.554717 0.135500 0.013929 0.990679
1.408717 -9.535282 59.552150 0.174466 -0.007844 0.984632
1.411730 -5.997303 59.649640 0.115040 -0.019256 0.993174
9.628869 12.614689 56.603321 0.243337 0.135072 0.960491
8.962227 17.557492 56.160335 0.248238 0.165732 0.954417
16.304788 14.050230 54.471416 0.322107 0.157885 0.933445
2.223091 11.969942 58.153415 0.148834 0.144256 0.978284
2.642428 8.275252 58.545716 0.121108 0.080825 0.989343
20.470723 14.001038 52.654845 0.351527 0.143067 0.925182
-0.613071 2.173839 59.167992 0.085172 0.083253 0.992882
11.596248 9.860407 56.484609 0.291011 0.128501 0.948051
7.227330 12.246890 57.033668 0.180920 0.145174 0.972724
5.085405 14.861707 57.103304 0.166808 0.148297 0.974773
17.733039 10.273987 54.382035 0.346390 0.131273 0.928860
-2.722542 -8.521951 60.200439 0.090803 0.005704 0.995853
-5.004676 -9.280808 60.261837 -0.031560 -0.025289 0.999182
-4.083266 -2.441122 59.939846 0.053078 0.056180 0.997009
-0.344016 -2.781878 59.703128 0.065054 0.069011 0.995493
-7.110906 6.323040 59.310266 -0.042967 0.105054 0.993538
-3.934633 5.136884 59.372033 0.094746 0.082419 0.992084
-9.746796 3.411634 59.418768 -0.110174 0.085554 0.990223
-6.129435 0.948579 60.021734 -0.025734 0.059681 0.997886
47.109012 -18.009652 39.316209 0.733632 0.010976 0.679458
45.154642 -16.262350 41.230711 0.660491 -0.003747 0.750825
46.851741 -24.795140 39.322369 0.696365 -0.044018 0.716337
41.246966 -32.322143 43.124179 0.588883 -0.144239 0.795244
38.674655 -25.750920 45.698139 0.525673 -0.086588 0.846268
35.995954 -26.947092 47.103244 0.494599 -0.106195 0.862609
43.692917 -25.616474 42.140309 0.639280 -0.061073 0.766545
31.986771 -25.609673 49.581430 0.436617 -0.146339 0.887666
41.774217 -14.637063 44.031319 0.605683 0.001651 0.795704
41.183482 -24.879313 44.120977 0.580056 -0.054634 0.812742
38.175933 -31.846443 45.176895 0.485838 -0.132251 0.863986
46.889838 -29.676103 38.780206 0.666162 -0.136857 0.733143
44.329504 -5.558453 41.549149 0.655453 0.049629 0.753604
46.261064 -12.168387 40.042615 0.731916 0.030776 0.680699
50.188996 -8.674120 35.373880 0.731787 0.032405 0.680763
52.919907 -18.566756 32.731060 0.735117 -0.010508 0.677859
46.643544 -35.805472 37.557431 0.720593 -0.200425 0.663759
44.032574 -38.796457 39.232937 0.663245 -0.216076 0.716531
42.476674 -36.186651 41.288151 0.635765 -0.177893 0.751104
3 0 3 1
3 5 6 7
3 6 0 7
3 15 10 13
3 16 7 9
3 3 14 1
3 1 15 17
3 19 20 11
3 13 17 15
3 12 22 9
3 0 12 9
3 23 5 7
3 23 7 16
3 14 2 18
3 3 2 14
3 18 2 21
3 17 12 1
3 5 4 8
3 24 8 4
3 1 14 15
3 0 9 7
3 0 1 12
3 24 4 23
3 32 34 27
3 33 29 31
3 27 34 26
3 8 29 34
3 8 34 5
3 8 24 31
3 27 26 37
3 34 6 5
3 29 8 31
3 33 31 30
3 37 28 27
3 36 24 38
3 39 33 35
3 28 32 27
3 6 34 32
3 34 29 26
3 33 26 29
3 38 24 23
3 35 33 30
3 23 4 5
3 41 42 43
3 49 45 51
3 52 56 43
3 51 45 56
3 52 54 56
3 54 51 56
3 56 45 57
3 48 45 44
3 53 55 54
3 43 56 57
3 47 44 45
3 54 55 51
3 49 47 45
3 59 47 49
3 50 43 42
3 58 55 53
3 32 60 6
3 60 64 6
3 62 63 66
3 60 32 62
3 51 55 67
3 62 65 63
3 66 64 62
3 69 33 39
3 37 61 65
3 66 2 64
3 68 69 70
3 68 73 72
3 60 62 64
3 37 26 61
3 61 72 71
3 68 26 69
3 70 69 58
3 64 2 3
3 37 62 28
3 32 28 62
3 33 69 26
3 70 58 53
3 61 26 68
3 55 39 67
3 69 39 58
3 58 39 55
3 62 37 65
3 68 72 61
3 64 3 0
3 6 64 0
3 75 50 46
3 71 65 61
3 53 50 78
3 78 50 75
3 52 50 53
3 73 79 72
3 71 74 63
3 21 76 80
3 74 77 76
3 70 78 68
3 71 77 74
3 75 73 78
3 78 73 68
3 50 52 43
3 21 2 66
3 21 66 74
3 74 76 21
3 74 66 63
3 65 71 63
3 53 78 70
3 53 54 52
3 75 46 81
3 81 73 75
3 50 42 46
3 90 94 93
3 93 91 90
3 86 99 94
3 100 86 102
3 86 87 103
3 93 94 99
3 104 94 101
3 104 102 94
3 94 102 86
3 109 110 89
3 111 89 110
3 112 108 103
3 113 85 93
3 88 111 110
3 108 86 103
3 113 92 107
3 113 93 108
3 36 38 95
3 40 36 91
3 92 113 108
3 99 108 93
3 112 92 108
3 107 114 85
3 112 111 88
3 107 88 110
3 107 115 114
3 92 88 107
3 91 36 95
3 91 96 90
3 107 85 113
3 112 88 92
3 87 86 100
3 107 110 116
3 112 103 111
3 111 117 89
3 108 99 86
3 89 105 109
3 85 40 91
3 115 107 116
3 90 101 94
3 111 118 117
3 103 118 111
3 95 38 97
3 91 95 96
3 91 93 85
3 40 24 36
3 120 115 121
3 115 116 122
3 115 120 114
3 122 116 119
3 40 120 31
3 24 40 31
3 85 114 120
3 40 85 120
3 128 124 129
3 133 134 135
3 137 139 138
3 142 139 143
3 134 130 135
3 132 145 144
3 89 117 123
3 147 133 148
3 149 152 151
3 125 136 153
3 154 140 155
3 157 155 158
3 155 140 141
3 152 154 155
3 148 133 135
3 155 151 152
3 126 133 147
3 159 152 127
3 132 59 145
3 133 126 127
3 149 150 127
3 133 127 134
3 143 161 162
3 149 127 152
3 157 151 155
3 132 131 156
3 129 124 156
3 134 127 150
3 105 136 128
3 139 142 167
3 161 118 103
3 136 125 124
3 159 127 126
3 129 156 131
3 168 143 162
3 163 156 124
3 154 138 140
3 163 124 125
3 166 137 154
3 164 146 156
3 128 136 124
3 153 166 154
3 136 123 137
3 139 167 165
3 105 89 136
3 153 154 152
3 143 117 118
3 143 139 117
3 153 152 159
3 144 131 132
3 169 141 140
3 136 166 153
3 153 159 125
3 117 139 123
3 156 146 132
3 136 137 166
3 123 139 137
3 123 136 89
3 138 154 137
3 161 143 118
3 139 165 138
3 170 172 171
3 156 178 164
3 30 120 121
3 173 179 180
3 122 173 176
3 181 182 170
3 35 121 176
3 145 180 144
3 177 171 174
3 121 35 30
3 31 120 30
3 122 179 173
3 173 35 176
3 115 122 176
3 180 179 144
3 115 176 121
3 171 184 174
3 175 47 59
3 164 181 177
3 109 129 185
3 174 146 177
3 181 170 177
3 170 171 177
3 128 129 105
3 122 119 179
3 109 116 110
3 185 179 119
3 185 116 109
3 109 105 129
3 35 173 67
3 180 145 59
3 67 39 35
3 59 49 67
3 49 51 67
3 185 129 131
3 173 180 67
3 179 131 144
3 175 59 132
3 174 175 146
3 146 175 132
3 174 47 175
3 119 116 185
3 185 131 179
3 180 59 67
3 44 174 183
3 177 146 164
3 183 174 184
3 47 174 44
3 126 147 178
3 125 178 163
3 147 164 178
3 125 159 178
3 159 126 178
3 163 178 156
3 191 189 192
3 195 196 193
3 199 130 200
3 191 205 189
3 190 206 204
3 208 209 194
3 187 190 204
3 210 211 204
3 209 212 188
3 193 196 192
3 205 208 189
3 188 190 187
3 193 194 216
3 213 212 208
3 217 193 216
3 217 216 197
3 188 182 190
3 204 206 210
3 211 198 204
3 208 194 189
3 197 187 204
3 170 182 188
3 186 194 209
3 189 193 192
3 196 195 221
3 160 130 199
3 205 224 208
3 160 225 148
3 135 130 160
3 196 201 192
3 223 222 172
3 188 212 170
3 170 223 172
3 181 214 182
3 220 203 202
3 207 226 228
3 199 215 203
3 135 160 148
3 147 148 214
3 147 181 164
3 184 171 172
3 226 202 215
3 212 213 223
3 148 225 214
3 211 207 228
3 197 204 198
3 209 187 186
3 186 216 194
3 216 186 197
3 206 190 182
3 187 209 188
3 187 197 186
3 217 197 198
3 210 206 220
3 208 212 209
3 193 189 194
3 206 182 214
3 222 227 172
3 160 203 225
3 212 223 170
3 199 203 160
3 184 172 227
3 229 218 219
3 147 214 181
3 200 218 215
3 210 207 211
3 210 220 202
3 206 214 220
3 202 207 210
3 202 203 215
3 213 208 224
3 226 218 230
3 229 230 218
3 231 219 218
3 200 231 218
3 200 215 199
3 223 213 222
3 225 203 220
3 225 220 214
3 215 218 226
3 226 207 202
3 233 236 234
3 235 234 237
3 239 237 234
3 240 241 242
3 234 236 239
3 240 242 237
3 213 236 233
3 213 233 222
3 243 240 237
3 236 224 254
3 224 232 247
3 240 243 246
3 254 245 236
3 227 183 184
3 248 241 253
3 244 256 238
3 249 239 245
3 245 239 236
3 255 241 246
3 253 241 257
3 239 249 237
3 224 205 232
3 248 227 241
3 44 183 48
3 183 253 48
3 183 248 253
3 240 246 241
3 249 244 237
3 242 235 237
3 237 244 243
3 227 242 241
3 191 232 205
3 227 235 242
3 250 245 251
3 222 233 235
3 235 233 234
3 248 183 227
3 235 227 222
3 224 236 213
3 264 266 265
3 268 151 267
3 265 269 264
3 261 271 268
3 267 151 262
3 267 270 261
3 150 272 130
3 273 274 264
3 263 151 157
3 260 271 261
3 267 261 268
3 272 268 271
3 279 280 281
3 275 284 286
3 288 282 283
3 283 290 289
3 262 275 270
3 292 280 287
3 270 275 286
3 277 270 286
3 280 284 281
3 287 280 279
3 264 278 273
3 290 283 285
3 286 280 290
3 284 263 291
3 261 277 269
3 288 283 289
3 260 269 265
3 282 285 283
3 263 284 275
3 261 269 260
3 281 284 291
3 275 262 263
3 272 150 268
3 262 151 263
3 267 262 270
3 264 269 278
3 286 284 280
3 269 277 278
3 285 286 290
3 294 288 289
3 277 293 278
3 292 290 280
3 295 276 266
3 276 265 266
3 296 266 297
3 295 266 296
3 298 287 279
3 300 287 298
3 150 149 268
3 200 130 302
3 149 151 268
3 302 276 231
3 271 260 302
3 271 302 272
3 270 277 261
3 289 290 292
3 130 272 302
3 134 150 130
3 260 265 276
3 305 304 295
3 260 276 302
3 231 276 295
3 302 231 200
3 303 287 300
3 303 299 289
3 303 292 287
3 289 292 303
3 306 308 307
3 306 307 309
3 311 313 318
3 320 318 321
3 307 308 316
3 318 309 311
3 321 312 319
3 313 314 318
3 321 318 314
3 323 316 315
3 316 322 326
3 307 316 323
3 307 323 309
3 324 316 326
3 324 325 310
3 322 316 308
3 316 324 315
3 322 308 317
3 314 312 321
3 327 312 314
3 311 323 315
3 309 318 320
3 324 310 315
3 311 309 323
3 336 329 330
3 337 331 338
3 335 330 329
3 335 340 330
3 342 346 341
3 348 341 346
3 338 333 350
3 344 345 332
3 348 343 341
3 343 347 344
3 344 332 343
3 336 333 334
3 341 343 338
3 333 338 334
3 334 338 343
3 348 347 343
3 343 332 334
3 336 334 329
3 331 337 349
3 338 350 337
3 338 331 341
3 353 355 354
3 336 352 333
3 357 333 352
3 328 352 336
3 359 354 355
3 357 361 333
3 350 333 361
3 355 358 363
3 355 363 356
3 350 362 337
3 358 351 349
3 349 351 331
3 337 362 349
3 349 362 363
3 355 366 358
3 351 342 331
3 364 365 367
3 351 365 342
3 369 346 364
3 365 346 342
3 365 351 367
3 364 370 368
3 367 351 366
3 341 331 342
3 365 364 346
3 346 369 348
3 366 351 358
3 364 367 370
3 375 385 374
3 378 387 381
3 325 380 310
3 384 315 310
3 383 392 393
3 313 311 384
3 393 399 384
3 383 393 384
3 311 315 384
3 380 325 386
3 380 378 379
3 377 381 389
3 379 383 384
3 398 391 390
3 391 387 382
3 388 381 387
3 374 390 382
3 380 376 378
3 384 310 379
3 379 310 380
3 391 382 390
3 396 377 397
3 376 382 378
3 382 387 378
3 402 327 399
3 379 377 383
3 377 378 381
3 399 313 384
3 388 389 381
3 383 396 392
3 314 313 327
3 378 377 379
3 399 327 313
3 382 376 375
3 396 395 404
3 397 377 389
3 403 404 395
3 396 404 392
3 397 394 395
3 402 393 392
3 386 325 400
3 397 395 396
3 377 396 383
3 386 376 380
3 375 376 410
3 413 407 411
3 375 410 385
3 382 375 374
3 366 353 367
3 408 414 415
3 407 367 353
3 368 369 364
3 416 414 408
3 406 407 353
3 370 367 416
3 408 374 409
3 368 370 409
3 412 409 385
3 407 406 411
3 417 386 400
3 409 374 385
3 416 407 413
3 412 372 371
3 410 386 417
3 408 409 370
3 416 408 370
3 372 373 371
3 409 412 368
3 410 372 412
3 371 369 368
3 376 386 410
3 416 413 414
3 416 367 407
3 368 412 371
3 418 420 419
3 420 421 423
3 424 425 426
3 421 428 417
3 410 417 428
3 422 425 427
3 429 430 322
3 431 426 430
3 426 422 419
3 432 430 429
3 428 418 419
3 421 420 418
3 419 434 428
3 422 426 425
3 410 412 385
3 431 430 432
3 426 431 438
3 434 435 373
3 433 425 424
3 428 434 372
3 424 426 438
3 437 347 439
3 425 441 436
3 441 440 436
3 436 440 344
3 430 420 322
3 348 371 439
3 326 400 325
3 425 436 427
3 348 369 371
3 423 417 400
3 437 436 442
3 422 427 434
3 419 430 426
3 347 442 344
3 419 422 434
3 435 427 437
3 410 428 372
3 420 430 419
3 436 344 442
3 326 322 423
3 373 372 434
3 423 400 326
3 439 371 373
3 421 417 423
3 324 326 325
3 418 428 421
3 435 434 427
3 436 437 427
3 439 435 437
3 437 442 347
3 425 433 441
3 322 420 423
3 373 435 439
3 439 347 348
3 321 319 448
3 319 446 445
3 320 321 448
3 319 405 446
3 445 444 443
3 405 319 312
3 453 454 449
3 454 456 457
3 405 452 446
3 459 449 454
3 458 456 452
3 450 453 449
3 462 461 460
3 319 445 448
3 445 446 444
3 464 463 458
3 457 465 466
3 405 460 461
3 463 465 458
3 456 465 457
3 452 456 451
3 446 452 444
3 461 458 452
3 443 444 452
3 453 456 454
3 452 451 443
3 456 458 465
3 456 453 451
3 461 452 405
3 462 460 468
3 467 465 463
3 461 464 458
3 472 474 475
3 480 447 443
3 320 481 471
3 479 481 447
3 469 474 477
3 487 492 493
3 488 496 489
3 470 320 471
3 448 445 481
3 320 448 481
3 445 443 447
3 447 481 445
3 483 482 485
3 479 447 480
3 471 478 473
3 486 492 487
3 491 479 480
3 471 479 491
3 470 471 473
3 484 470 473
3 491 480 498
3 488 495 496
3 485 494 480
3 443 483 480
3 469 475 474
3 498 480 494
3 487 496 495
3 483 485 480
3 477 474 490
3 487 493 489
3 472 473 486
3 486 474 472
3 481 479 471
3 486 473 492
3 496 487 489
3 473 478 492
3 486 487 490
3 478 498 492
3 474 486 490
3 478 491 498
3 492 498 494
3 478 471 491
3 495 497 490
3 495 490 487
3 501 503 502
3 507 509 508
3 511 499 512
3 507 514 509
3 515 516 517
3 518 519 516
3 484 475 521
3 521 475 505
3 529 524 506
3 510 499 511
3 499 469 530
3 469 500 531
3 527 503 501
3 469 531 530
3 501 530 531
3 530 502 534
3 525 501 531
3 499 510 535
3 521 505 317
3 512 499 530
3 513 511 512
3 535 510 505
3 501 502 530
3 536 538 537
3 539 540 537
3 306 484 521
3 543 544 545
3 533 536 537
3 523 546 519
3 548 543 517
3 540 529 537
3 537 538 539
3 548 516 546
3 472 475 473
3 521 308 306
3 499 535 469
3 484 473 475
3 469 535 475
3 551 552 538
3 536 551 538
3 554 538 552
3 521 317 308
3 306 320 470
3 519 546 516
3 547 548 546
3 550 557 508
3 543 548 547
3 544 542 545
3 508 557 507
3 545 555 550
3 475 535 505
3 529 533 537
3 545 549 543
3 507 557 559
3 543 549 517
3 558 522 562
3 551 536 561
3 550 556 557
3 544 547 564
3 306 309 320
3 545 560 555
3 549 550 508
3 508 515 517
3 541 560 542
3 545 542 560
3 547 544 543
3 548 517 516
3 562 522 528
3 549 545 550
3 549 508 517
3 569 512 534
3 571 572 573
3 570 523 568
3 502 573 574
3 503 571 573
3 575 576 572
3 429 505 520
3 568 577 574
3 513 569 577
3 513 512 569
3 502 503 573
3 577 534 574
3 547 546 579
3 571 575 572
3 564 547 579
3 578 566 565
3 576 567 572
3 534 502 574
3 571 503 526
3 577 519 513
3 568 574 567
3 567 570 568
3 569 534 577
3 567 574 572
3 512 530 534
3 546 523 570
3 574 573 572
3 523 519 577
3 432 429 520
3 317 429 322
3 505 429 317
3 484 306 470
3 568 523 577
3 504 520 505
3 505 510 504
3 529 506 532
3 581 582 438
3 332 329 334
3 438 582 586
3 335 345 441
3 590 515 508
3 594 340 335
3 595 594 441
3 581 587 591
3 515 584 516
3 596 438 586
3 329 345 335
3 431 581 438
3 441 345 440
3 344 440 345
3 596 586 589
3 592 586 582
3 332 345 329
3 581 432 587
3 592 590 508
3 592 582 590
3 432 520 583
3 595 597 594
3 581 591 582
3 431 432 581
3 520 504 583
3 594 335 441
3 591 585 584
3 424 438 596
3 583 587 432
3 586 593 589
3 518 513 519
3 590 584 515
3 593 592 509
3 587 583 504
3 510 511 504
3 584 518 516
3 582 591 590
3 592 508 509
3 587 504 585
3 591 584 590
3 585 511 518
3 511 513 518
3 592 593 586
3 511 585 504
3 584 585 518
3 591 587 585
3 599 598 411
3 599 601 598
3 411 600 413
3 600 603 604
3 598 601 602
3 598 603 600
3 411 598 600
3 614 42 615
3 614 606 607
3 606 615 613
3 606 608 607
3 57 41 43
3 57 610 605
3 613 608 606
3 611 614 612
3 614 607 616
3 42 614 611
3 45 610 57
3 608 613 609
3 605 615 57
3 606 614 615
3 615 42 41
3 616 612 614
3 613 257 609
3 255 609 257
3 48 253 257
3 57 615 41
3 45 48 610
3 257 241 255
3 255 246 609
3 610 613 605
3 605 613 615
3 257 610 48
3 257 613 610
3 616 617 612
3 620 616 621
3 618 611 617
3 607 608 619
3 619 623 616
3 607 619 616
3 616 620 617
3 611 612 617
3 616 623 621
3 621 623 624
3 627 602 628
3 604 625 600
3 625 629 413
3 603 598 602
3 82 622 639
3 628 633 632
3 618 617 622
3 620 641 634
3 634 639 620
3 620 639 622
3 644 645 638
3 636 618 82
3 642 76 636
3 643 631 640
3 630 634 641
3 631 641 640
3 644 638 637
3 634 630 639
3 646 631 643
3 82 618 622
3 625 413 600
3 621 626 620
3 621 624 626
3 622 617 620
3 628 602 633
3 627 603 602
3 641 631 630
3 648 635 604
3 629 647 413
3 603 627 604
3 72 77 71
3 79 81 649
3 649 81 611
3 46 42 611
3 604 635 625
3 72 79 77
3 637 629 625
3 644 637 625
3 635 644 625
3 618 636 649
3 649 636 79
3 81 79 73
3 79 636 77
3 77 636 76
3 618 649 611
3 46 611 81
3 641 650 651
3 640 641 651
3 620 650 641
3 652 640 651
3 633 654 653
3 650 652 651
3 620 626 650
3 656 657 658
3 628 650 626
3 632 633 657
3 627 628 626
3 628 632 650
3 632 657 656
3 657 653 655
3 650 632 652
3 653 657 633
3 657 655 660
3 632 656 652
3 663 245 250
3 670 256 665
3 671 665 663
3 672 664 670
3 256 663 665
3 671 667 666
3 673 666 667
3 662 664 674
3 238 664 669
3 663 256 249
3 661 675 662
3 238 669 668
3 664 662 669
3 244 249 256
3 670 238 256
3 238 670 664
3 679 678 667
3 679 667 258
3 663 250 258
3 667 678 677
3 258 667 671
3 251 679 258
3 250 251 258
3 665 666 672
3 663 258 671
3 679 251 681
3 672 666 673
3 669 662 675
3 665 672 670
3 662 682 661
3 672 674 664
3 676 680 678
3 662 674 683
3 671 666 665
3 667 677 673
3 673 677 674
3 663 249 245
3 408 684 374
3 398 686 685
3 675 661 688
3 629 690 685
3 688 689 675
3 685 691 687
3 414 647 415
3 684 686 398
3 685 690 688
3 684 415 647
3 414 413 647
3 637 638 690
3 692 689 690
3 687 398 685
3 661 691 685
3 391 398 687
3 688 661 685
3 408 415 684
3 637 690 629
3 684 647 686
3 687 388 391
3 685 647 629
3 689 688 690
3 398 390 684
3 390 374 684
3 685 686 647
3 645 696 695
3 692 638 645
3 638 692 690
3 645 695 694
3 692 694 675
3 697 694 695
3 693 675 694
3 252 243 696
3 692 645 694
3 699 252 696
3 695 696 697
3 238 697 244
3 692 675 689
3 694 668 693
3 645 698 699
3 243 244 697
3 697 696 243
3 697 668 694
3 246 243 252
3 693 668 669
3 644 698 645
3 675 693 669
3 697 238 668
3 699 696 645
3 609 701 608
3 623 619 700
3 252 699 702
3 701 698 703
3 609 702 701
3 648 700 701
3 700 648 624
3 624 648 626
3 626 648 627
3 703 648 701
3 648 604 627
3 246 702 609
3 608 701 619
3 698 701 702
3 623 700 624
3 644 703 698
3 635 648 703
3 703 644 635
3 619 701 700
3 252 702 246
3 698 702 699
3 705 707 706
3 713 714 708
3 706 709 710
3 710 716 715
3 719 720 721
3 706 715 705
3 707 709 706
3 710 715 706
3 718 715 717
3 725 724 722
3 724 721 722
3 715 712 705
3 727 718 717
3 720 722 721
3 728 711 731
3 730 711 728
3 711 732 731
3 711 730 704
3 712 715 718
3 733 730 728
3 716 717 715
3 733 735 730
3 736 718 727
3 712 732 711
3 724 725 734
3 729 712 736
3 727 717 725
3 726 725 722
3 736 727 726
3 705 712 704
3 712 718 736
3 729 732 712
3 725 726 727
3 717 716 723
3 704 712 711
3 729 736 726
3 744 742 745
3 743 745 742
3 746 742 740
3 746 743 742
3 747 740 741
3 741 742 744
3 740 742 741
3 751 752 753
3 764 759 758
3 757 752 751
3 755 756 762
3 768 762 769
3 771 768 769
3 768 772 762
3 767 766 752
3 752 761 753
3 762 772 755
3 757 751 750
3 754 756 755
3 756 749 748
3 750 756 757
3 762 756 750
3 767 748 758
3 770 751 753
3 763 765 754
3 767 752 757
3 756 748 767
3 758 759 760
3 762 750 769
3 758 760 766
3 761 766 773
3 761 752 766
3 766 767 758
3 756 767 757
3 772 776 777
3 776 768 778
3 778 771 716
3 777 781 772
3 774 775 734
3 784 770 783
3 775 784 783
3 774 716 771
3 717 723 734
3 723 716 774
3 778 716 710
3 708 776 709
3 768 771 778
3 776 778 709
3 778 710 709
3 781 786 772
3 775 783 785
3 755 772 786
3 723 774 734
3 787 724 734
3 754 755 786
3 725 717 734
3 779 734 775
3 708 777 776
3 787 734 779
3 784 775 774
3 785 783 780
3 745 777 708
3 768 776 772
3 771 769 784
3 784 769 751
3 769 750 751
3 785 779 775
3 774 771 784
3 782 783 770
3 770 784 751
3 783 782 791
3 792 791 782
3 783 791 780
3 795 796 763
3 794 795 793
3 799 805 806
3 807 794 797
3 737 763 796
3 793 812 794
3 748 749 765
3 811 796 795
3 798 805 799
3 800 809 804
3 807 801 795
3 798 816 801
3 794 815 814
3 758 748 739
3 804 809 801
3 737 739 738
3 737 796 739
3 739 748 738
3 795 801 811
3 806 797 814
3 801 809 811
3 816 804 801
3 822 813 809
3 811 809 813
3 765 763 738
3 811 813 739
3 739 764 758
3 797 794 814
3 796 811 739
3 763 817 795
3 763 737 738
3 797 806 807
3 794 807 795
3 793 795 817
3 803 802 824
3 805 801 807
3 738 748 765
3 754 817 763
3 822 809 800
3 806 802 799
3 816 798 808
3 798 801 805
3 814 815 821
3 818 798 799
3 815 820 821
3 754 749 756
3 806 805 807
3 754 765 749
3 815 794 812
3 810 824 802
3 739 813 764
3 812 833 820
3 829 820 830
3 743 781 777
3 826 828 829
3 825 833 812
3 829 830 834
3 812 793 825
3 817 746 831
3 754 786 817
3 831 832 825
3 821 820 829
3 746 786 781
3 832 820 833
3 834 830 836
3 825 793 817
3 832 740 747
3 828 823 829
3 746 781 743
3 831 746 832
3 821 829 823
3 832 746 740
3 820 815 812
3 832 830 820
3 831 825 817
3 833 825 832
3 817 786 746
3 823 824 814
3 839 837 838
3 806 810 802
3 824 810 814
3 806 814 810
3 837 824 838
3 841 842 840
3 843 845 841
3 12 843 22
3 16 22 840
3 16 9 22
3 842 847 16
3 22 841 840
3 17 843 12
3 845 848 841
3 842 841 846
3 842 16 840
3 843 17 25
3 25 17 13
3 13 850 844
3 843 841 22
3 13 844 25
3 853 852 851
3 848 854 849
3 855 856 857
3 859 848 849
3 854 848 845
3 854 865 849
3 849 858 861
3 859 849 861
3 860 858 865
3 845 25 866
3 860 865 863
3 845 843 25
3 858 864 861
3 854 845 866
3 858 860 864
3 857 864 860
3 865 862 863
3 862 852 863
3 851 844 850
3 867 862 868
3 867 851 852
3 858 849 865
3 857 863 852
3 852 855 857
3 857 860 863
3 844 867 868
3 862 867 852
3 844 868 865
3 862 865 868
3 867 844 851
3 866 844 865
3 844 866 25
3 866 865 854
3 847 23 16
3 847 97 38
3 859 871 848
3 869 871 872
3 869 846 871
3 869 847 846
3 847 38 23
3 847 869 97
3 848 846 841
3 846 847 842
3 848 871 846
3 874 875 876
3 878 880 877
3 882 879 881
3 883 881 884
3 98 101 90
3 886 887 888
3 103 87 161
3 87 100 873
3 162 87 873
3 875 880 881
3 891 101 98
3 873 885 168
3 100 102 892
3 888 106 889
3 874 880 875
3 808 880 878
3 881 880 884
3 95 872 98
3 90 96 98
3 95 98 96
3 104 892 102
3 881 879 875
3 885 873 879
3 168 162 873
3 161 87 162
3 873 100 887
3 872 891 98
3 879 876 875
3 885 879 882
3 879 873 876
3 874 876 887
3 876 873 887
3 893 894 895
3 887 100 892
3 857 891 864
3 856 896 889
3 857 897 891
3 891 872 870
3 871 870 872
3 864 870 861
3 864 891 870
3 888 893 886
3 897 889 101
3 877 886 890
3 894 888 896
3 892 104 106
3 97 869 95
3 872 95 869
3 893 895 899
3 896 888 889
3 871 859 870
3 899 898 893
3 895 894 896
3 856 889 897
3 897 101 891
3 861 870 859
3 892 106 888
3 894 893 888
3 874 887 886
3 890 886 893
3 886 877 874
3 101 889 104
3 104 889 106
3 877 890 878
3 887 892 888
3 874 877 880
3 898 800 890
3 856 897 857
3 816 878 800
3 898 890 893
3 800 878 890
3 808 878 816
3 165 140 138
3 169 140 165
3 141 169 900
3 263 158 291
3 279 281 901
3 158 263 157
3 901 281 291
3 883 902 882
3 904 905 142
3 142 906 167
3 906 905 903
3 908 906 903
3 885 905 904
3 907 909 902
3 901 291 900
3 903 905 882
3 155 141 158
3 158 900 291
3 167 906 908
3 900 158 141
3 882 881 883
3 169 167 901
3 909 903 902
3 168 885 904
3 882 902 903
3 885 882 905
3 909 910 300
3 143 168 904
3 906 142 905
3 911 903 909
3 143 904 142
3 911 909 300
3 903 911 908
3 900 169 901
3 167 169 165
3 911 300 298
3 167 908 901
3 908 298 279
3 908 279 901
3 911 298 908
3 914 916 915
3 917 916 912
3 916 914 912
3 920 912 913
3 912 919 913
3 917 912 920
3 19 915 916
3 925 918 919
3 919 912 914
3 916 922 19
3 918 925 926
3 919 914 925
3 921 917 927
3 934 921 930
3 924 921 935
3 933 934 931
3 934 930 931
3 932 935 921
3 932 934 933
3 932 921 934
3 921 924 922
3 913 919 918
3 917 920 927
3 921 922 917
3 921 927 929
3 936 929 927
3 931 773 937
3 766 937 773
3 773 930 939
3 938 940 937
3 760 938 937
3 944 943 945
3 943 939 945
3 753 761 942
3 936 945 939
3 939 929 936
3 761 939 943
3 761 773 939
3 939 930 929
3 759 822 760
3 941 760 822
3 764 822 759
3 761 943 942
3 766 760 937
3 937 940 931
3 813 822 764
3 773 931 930
3 930 921 929
3 922 20 19
3 948 951 956
3 950 947 948
3 953 954 947
3 959 951 83
3 953 947 950
3 947 951 948
3 948 946 950
3 15 954 10
3 80 958 18
3 956 946 955
3 948 955 946
3 948 956 955
3 958 957 954
3 958 80 960
3 914 949 950
3 953 10 954
3 958 960 957
3 925 914 950
3 953 950 949
3 15 14 18
3 21 80 18
3 15 18 958
3 915 19 11
3 914 915 949
3 915 11 949
3 952 947 954
3 15 958 954
3 957 952 954
3 953 949 11
3 952 83 947
3 950 946 925
3 947 83 951
3 953 11 10
3 963 853 932
3 964 899 962
3 941 899 964
3 964 962 965
3 856 962 896
3 855 965 962
3 899 895 962
3 962 895 896
3 10 11 20
3 931 940 933
3 853 935 932
3 938 964 940
3 965 963 940
3 850 13 924
3 924 13 20
3 13 10 20
3 899 941 898
3 924 20 922
3 963 932 933
3 938 941 964
3 855 852 853
3 924 935 850
3 855 962 856
3 855 853 963
3 938 760 941
3 965 940 964
3 851 850 853
3 850 935 853
3 965 855 963
3 940 963 933
3 922 916 917
3 816 800 804
3 898 941 822
3 822 800 898
3 984 986 985
3 987 988 973
3 971 989 966
3 987 972 980
3 990 991 992
3 994 996 995
3 997 998 981
3 996 1004 1002
3 970 1007 971
3 1009 1010 990
3 991 990 1011
3 1012 1006 1013
3 976 1006 1017
3 1009 990 992
3 969 980 981
3 966 1021 995
3 1022 988 1023
3 1025 1027 1026
3 968 1018 984
3 984 973 986
3 1018 973 984
3 984 985 970
3 1031 1006 976
3 972 981 980
3 1032 1033 989
3 995 996 966
3 1034 991 1011
3 1014 1035 977
3 966 989 1021
3 1035 993 978
3 968 1013 1031
3 1040 988 1041
3 1039 1040 1041
3 967 981 972
3 977 1035 978
3 969 998 1037
3 1004 1043 1003
3 987 973 972
3 968 1014 977
3 968 1031 1045
3 969 1042 980
3 1013 977 978
3 1014 968 984
3 972 973 1018
3 997 981 967
3 996 982 1000
3 1030 1022 1023
3 1044 1000 983
3 1040 1023 988
3 1044 1026 1027
3 967 1018 968
3 984 970 971
3 987 1041 988
3 1013 978 1028
3 967 972 1018
3 975 1017 1047
3 1040 1046 1023
3 1002 1048 1035
3 1017 1006 1034
3 975 1047 1050
3 1049 999 1050
3 984 971 966
3 967 1045 997
3 984 966 1014
3 1013 968 977
3 967 968 1045
3 1029 1009 992
3 999 975 1050
3 1054 1057 1055
3 1038 1058 1039
3 1006 991 1034
3 1058 1055 1039
3 1056 1039 1055
3 1013 1006 1031
3 975 976 1017
3 1024 999 1049
3 975 1031 976
3 1057 1056 1055
3 1042 987 980
3 1024 997 999
3 1039 1041 1042
3 1039 1056 1040
3 1058 1053 1055
3 987 1042 1041
3 1059 1058 1038
3 1040 1056 1046
3 1045 1031 999
3 1012 992 991
3 997 1045 999
3 991 1006 1012
3 1002 1035 1014
3 999 1031 975
3 998 1024 1036
3 1008 992 1012
3 1002 966 996
3 1000 1044 1004
3 1030 1060 1005
3 1024 1049 1036
3 998 969 981
3 1030 1023 1060
3 1057 1046 1056
3 1021 989 1033
3 1013 1028 1012
3 1044 983 1026
3 1020 990 1010
3 1020 1010 1016
3 1014 966 1002
3 1015 1010 1009
3 1024 998 997
3 1000 1004 996
3 1002 1004 1048
3 1008 1012 1028
3 1037 1036 1061
3 1042 1038 1039
3 1035 1003 974
3 1048 1003 1035
3 1028 978 979
3 1048 1004 1003
3 998 1036 1037
3 1068 1070 1069
3 1068 1071 1072
3 1068 1072 1074
3 1003 1043 1077
3 1078 1080 1079
3 1044 1063 1066
3 1067 1074 1073
3 1080 1069 1079
3 1003 1077 1001
3 1066 1004 1044
3 1068 1075 1071
3 1073 1072 1081
3 1083 1085 1084
3 1086 1085 1083
3 1063 1027 1087
3 1066 1067 1043
3 1044 1027 1063
3 1063 1087 1086
3 1087 1088 1091
3 1087 1085 1086
3 1087 1027 1088
3 1083 1070 1068
3 1074 1063 1086
3 1091 1088 1090
3 1068 1074 1083
3 1083 1074 1086
3 1075 1092 1076
3 1075 1068 1092
3 1064 1067 1073
3 1083 1084 1070
3 1080 1089 1092
3 1082 1065 1077
3 1067 1066 1074
3 1080 1092 1069
3 1066 1043 1004
3 1025 1088 1027
3 1082 1043 1067
3 1082 1077 1043
3 1082 1067 1064
3 1072 1073 1074
3 1066 1063 1074
3 1068 1069 1092
3 1079 1069 1093
3 1096 1098 1097
3 1096 1097 1093
3 1099 1094 1100
3 1096 1093 1069
3 1070 1095 1096
3 1070 1096 1069
3 1100 1094 1101
3 1096 1095 1098
3 1107 1109 1111
3 1111 1109 1108
3 1106 1103 1104
3 1110 1107 1103
3 1107 1110 1109
3 1101 1116 1117
3 1114 1118 1112
3 1119 1120 1121
3 1122 1123 1111
3 1103 1107 1104
3 1106 1104 1105
3 1124 1118 1114
3 1127 1093 1128
3 1123 1118 1129
3 1130 1131 1113
3 1114 1117 1134
3 1128 1101 1115
3 1126 1123 1122
3 1118 1125 1112
3 1135 1079 1127
3 1079 1136 1078
3 1112 1130 1113
3 1093 1097 1128
3 1135 1127 1113
3 1135 1113 1138
3 1133 1136 1139
3 1114 1128 1115
3 1100 1101 1097
3 1126 1122 1137
3 1079 1093 1127
3 1119 1121 273
3 1115 1117 1114
3 1108 1137 1122
3 1101 1094 1116
3 1138 1102 1135
3 1127 1128 1112
3 1135 1139 1136
3 1135 1136 1079
3 1140 1143 1142
3 1145 1142 1146
3 278 293 1119
3 1147 1144 1145
3 277 286 1148
3 1104 1107 1143
3 1129 1145 1146
3 1148 286 285
3 282 1119 293
3 1120 1119 1141
3 282 293 285
3 1141 1140 1120
3 1142 1120 1140
3 1145 1120 1142
3 1107 1111 1142
3 1129 1118 1124
3 1120 1145 1144
3 294 1140 288
3 282 288 1141
3 1141 288 1140
3 1120 1144 1121
3 1138 1113 1131
3 1126 1125 1118
3 1133 1139 1132
3 1148 285 293
3 1108 1122 1111
3 1115 1101 1117
3 1101 1128 1097
3 1112 1113 1127
3 1112 1128 1114
3 273 278 1119
3 1146 1142 1123
3 1107 1142 1143
3 1142 1111 1123
3 1114 1134 1124
3 1143 1140 294
3 1143 1105 1104
3 294 1105 1143
3 1118 1123 1126
3 1141 1119 282
3 1146 1123 1129
3 277 1148 293
3 1084 1149 1095
3 1084 1095 1070
3 1149 1098 1095
3 219 304 229
3 295 304 231
3 1151 1150 1152
3 305 229 304
3 231 304 219
3 1150 1155 1152
3 1151 1153 1150
3 1150 1156 1155
3 1154 1156 1150
3 1154 1150 1153
3 1145 1124 1147
3 1085 1149 1084
3 1159 1091 1160
3 1098 1162 1099
3 1153 1157 1166
3 1159 1149 1085
3 1124 1134 1147
3 1169 1167 1168
3 1087 1159 1085
3 1097 1098 1100
3 1173 1164 1165
3 1174 1175 1176
3 1177 1161 1164
3 1098 1099 1100
3 1164 1094 1099
3 1165 1171 1175
3 1171 1165 1160
3 1171 1172 1175
3 1164 1149 1159
3 1181 1180 296
3 1182 1161 1158
3 1167 1181 1168
3 1098 1149 1162
3 1174 1185 1175
3 1094 1161 1170
3 1170 1116 1094
3 1173 1177 1164
3 1087 1091 1159
3 1145 1129 1124
3 1091 1090 1160
3 1173 1165 1175
3 1157 1158 1166
3 1175 1185 1173
3 296 1180 1183
3 1183 305 296
3 1159 1160 1165
3 1171 1160 1163
3 1152 1181 1167
3 1185 1177 1173
3 1188 1190 1189
3 1134 1191 1192
3 1193 1195 1194
3 1188 1189 1196
3 1166 1158 1177
3 1194 1198 1199
3 1186 1166 1185
3 1169 1178 1179
3 1188 1196 1186
3 1178 274 1179
3 1177 1185 1166
3 1195 1174 1194
3 1190 1188 1195
3 1178 266 264
3 1156 1197 1155
3 1116 1191 1134
3 1200 1201 1155
3 1155 1201 1152
3 1144 1147 1121
3 1194 1174 1198
3 1193 1202 1190
3 1186 1185 1174
3 1174 1195 1188
3 1154 1153 1186
3 1196 1154 1186
3 1170 1191 1116
3 1186 1174 1188
3 1201 1181 1152
3 1169 1187 1182
3 1169 1182 1167
3 1184 1180 1181
3 1187 1191 1170
3 1201 1184 1181
3 1151 1157 1153
3 1182 1170 1161
3 1167 1182 1157
3 1187 1169 1179
3 1181 296 1168
3 1162 1164 1099
3 1164 1161 1094
3 1164 1159 1165
3 1151 1167 1157
3 1157 1182 1158
3 1149 1164 1162
3 1178 264 274
3 273 1121 274
3 305 295 296
3 1177 1158 1161
3 1192 1179 274
3 1178 1169 1168
3 1121 1147 1134
3 1193 1190 1195
3 1153 1166 1186
3 1178 1168 297
3 296 297 1168
3 1182 1187 1170
3 297 266 1178
3 1187 1179 1192
3 1134 1117 1116
3 1192 1191 1187
3 1192 1121 1134
3 274 1121 1192
3 1151 1152 1167
3 1207 1206 1205
3 1207 232 191
3 191 192 1210
3 1205 1204 1208
3 1211 1209 1203
3 191 1210 1207
3 1215 1213 259
3 228 230 1212
3 1214 1216 221
3 1214 1197 1216
3 217 198 1213
3 1209 1219 1203
3 1189 1230 1221
3 1229 1206 1210
3 1222 1224 1197
3 1210 1206 1207
3 1207 1205 1208
3 1229 1210 201
3 1203 1219 1223
3 1204 1203 1232
3 1200 1217 1233
3 1217 1200 221
3 221 1200 1214
3 1233 1184 1200
3 1215 1233 1217
3 1183 1233 1234
3 1180 1184 1233
3 228 226 230
3 1234 1233 1215
3 259 1234 1215
3 259 229 305
3 1200 1184 1201
3 1183 1180 1233
3 259 305 1234
3 229 259 230
3 305 1183 1234
3 1212 230 259
3 221 1216 196
3 196 1216 201
3 211 1212 198
3 217 1215 195
3 1212 259 1213
3 1197 1225 1218
3 1215 1217 195
3 217 1213 1215
3 1197 1218 1216
3 195 1217 221
3 1212 1213 198
3 1216 1218 201
3 217 195 193
3 211 228 1212
3 1235 1227 1225
3 1221 1154 1196
3 1229 1211 1206
3 1154 1220 1156
3 1221 1196 1189
3 1205 1206 1211
3 1226 1224 1222
3 1236 1224 1226
3 1197 1156 1222
3 1209 1211 1229
3 1226 1222 1220
3 1227 1228 1209
3 1211 1203 1204
3 1197 1224 1225
3 1221 1220 1154
3 1218 1225 1227
3 1236 1235 1224
3 1219 1228 1237
3 1214 1200 1155
3 1226 1220 1221
3 1197 1214 1155
3 1218 1227 1209
3 1235 1225 1224
3 1156 1220 1222
3 1227 1235 1228
3 1205 1211 1204
3 201 1218 1229
3 192 201 1210
3 1209 1228 1219
3 1218 1209 1229
3 1242 1243 1238
3 1240 1238 1241
3 1241 1239 1244
3 1241 1238 1239
3 1243 1239 1238
3 1243 1245 1239
3 1246 1238 1240
3 1238 1246 1242
3 1247 1248 1249
3 1250 1251 1249
3 1252 1253 1254
3 1255 1258 1257
3 1248 1261 1260
3 1262 1263 1264
3 1265 1259 1253
3 1267 1268 1269
3 1272 1254 1273
3 1256 1254 1253
3 1253 1259 1256
3 1257 1258 1279
3 1271 1264 1275
3 1275 1277 1276
3 1265 1252 1250
3 1259 1255 1256
3 1260 1281 1278
3 1249 1265 1250
3 1251 1247 1249
3 1275 1264 1263
3 1250 1282 1251
3 1248 1247 1261
3 1270 1275 1263
3 1264 1271 1284
3 1282 1280 1251
3 1276 1271 1275
3 1286 1271 1283
3 1271 1276 1283
3 1261 1281 1260
3 1268 1259 1285
3 1268 1267 1259
3 1285 1259 1249
3 1267 1269 1258
3 1284 1271 1286
3 1285 1249 1248
3 1272 1252 1254
3 1262 1264 1255
3 1266 1273 1254
3 1288 1248 1260
3 1288 1285 1248
3 1289 1266 1256
3 1267 1258 1255
3 1288 1269 1268
3 1256 1266 1254
3 1265 1253 1252
3 1267 1255 1259
3 1288 1268 1285
3 1265 1249 1259
3 1293 1295 1294
3 1300 1302 1301
3 1203 1223 1303
3 1298 1294 1304
3 1305 1304 1295
3 1291 1290 1300
3 1304 1294 1295
3 1223 1291 1303
3 1309 1295 1310
3 1298 1320 1319
3 1321 1193 1314
3 1312 1314 1315
3 1315 1314 1193
3 1221 1230 1299
3 1322 1202 1317
3 1316 1324 1323
3 1325 1318 1323
3 1311 1315 1199
3 1319 1320 1316
3 1298 1318 1294
3 1226 1221 1236
3 1230 1189 1322
3 1320 1298 1299
3 1318 1298 1319
3 1202 1321 1317
3 1202 1322 1189
3 1313 1321 1314
3 1315 1194 1199
3 1315 1193 1194
3 1202 1193 1321
3 1317 1321 1313
3 1308 1237 1228
3 1320 1230 1322
3 1290 1237 1326
3 1325 1323 1327
3 1189 1190 1202
3 1316 1320 1322
3 1319 1316 1323
3 1305 1295 1309
3 1303 1297 1232
3 1219 1237 1223
3 1330 1331 1306
3 1303 1232 1203
3 1324 1328 1323
3 1316 1317 1324
3 1236 1308 1235
3 1317 1313 1324
3 1318 1319 1323
3 1308 1228 1235
3 1332 1328 1324
3 1329 1328 1332
3 1230 1320 1299
3 1221 1299 1236
3 1316 1322 1317
3 1332 1324 1313
3 1327 1323 1328
3 1333 1335 1334
3 1334 1336 1337
3 1308 1236 1305
3 1290 1291 1223
3 1307 1306 1338
3 1301 1337 1300
3 1337 1292 1300
3 1340 1336 1335
3 1306 1307 1301
3 1302 1300 1290
3 1326 1330 1306
3 1306 1331 1338
3 1310 1331 1330
3 1309 1310 1330
3 1334 1335 1336
3 1309 1330 1237
3 1299 1305 1236
3 1303 1291 1300
3 1303 1300 1292
3 1299 1304 1305
3 1306 1301 1302
3 1329 1332 1313
3 1295 1293 1310
3 1296 1297 1292
3 1343 1336 1342
3 1339 1292 1343
3 1343 1337 1336
3 1298 1304 1299
3 1339 1296 1292
3 1308 1305 1237
3 1237 1330 1326
3 1297 1303 1292
3 1290 1223 1237
3 1305 1309 1237
3 1302 1290 1326
3 1302 1326 1306
3 1342 1336 1340
3 1292 1337 1343
3 1350 1351 1033
3 1030 1353 1007
3 995 1021 1344
3 1361 1352 1348
3 1357 1347 1346
3 1363 1364 1347
3 1021 1347 1357
3 1362 1347 1021
3 1362 1363 1347
3 1368 1370 1369
3 1046 1373 1023
3 1032 1354 1350
3 1372 1365 1375
3 1345 1279 1269
3 1376 1005 1060
3 1346 1359 1357
3 1353 1005 1355
3 1350 1354 1361
3 994 1344 1358
3 1258 1269 1279
3 1371 1369 1370
3 1007 1353 1355
3 1019 1356 1378
3 1033 1351 1362
3 995 1344 994
3 1372 1367 1365
3 1269 1379 1360
3 1360 1379 1352
3 1356 1355 1378
3 1032 1019 1345
3 971 1007 1019
3 1021 1357 1344
3 1346 1380 1359
3 1005 1382 1355
3 971 1019 1032
3 1007 1355 1019
3 1269 1360 1354
3 1019 1355 1356
3 1360 1361 1354
3 971 1032 989
3 1032 1350 1033
3 1360 1352 1361
3 1345 1019 1378
3 1350 1361 1351
3 1362 1351 1363
3 1032 1345 1354
3 1344 1357 1358
3 1348 1383 1361
3 1382 1378 1355
3 1382 1349 1378
3 1379 1377 1352
3 1033 1362 1021
3 1269 1354 1345
3 1375 1369 1372
3 1374 1375 1349
3 1060 1368 1376
3 1375 1374 1369
3 1060 1373 1368
3 1378 1349 1345
3 1022 973 988
3 1023 1373 1060
3 970 985 1007
3 1368 1369 1374
3 1374 1382 1376
3 1374 1376 1368
3 1345 1349 1279
3 973 1022 986
3 985 1022 1030
3 1374 1349 1382
3 985 986 1022
3 1369 1371 1372
3 1382 1005 1376
3 1030 1005 1353
3 1007 985 1030
3 1379 1278 1377
3 1388 1384 1389
3 1363 1392 1391
3 1348 1384 1395
3 1379 1288 1278
3 1391 1386 1387
3 1396 1397 1394
3 1398 1390 1278
3 1351 1392 1363
3 1387 1386 1400
3 1387 1329 1399
3 1387 1400 1329
3 1401 1313 1314
3 1293 1318 1398
3 1288 1379 1269
3 1262 1255 1257
3 1377 1278 1390
3 1401 1399 1329
3 1278 1288 1260
3 1403 1401 1404
3 1400 1328 1329
3 1392 1386 1391
3 1351 1383 1392
3 1383 1395 1392
3 1364 1387 1399
3 1401 1329 1313
3 1348 1395 1383
3 1327 1388 1325
3 1403 1404 1393
3 1400 1327 1328
3 1399 1401 1403
3 1314 1312 1404
3 1287 1263 1405
3 1388 1327 1386
3 1395 1384 1388
3 1351 1361 1383
3 1401 1314 1404
3 1402 1375 1365
3 1405 1402 1287
3 1310 1281 1261
3 1402 1279 1375
3 1405 1262 1257
3 1366 1402 1365
3 1279 1402 1405
3 1310 1293 1281
3 1398 1278 1281
3 1293 1398 1281
3 1279 1349 1375
3 1262 1405 1263
3 1399 1406 1364
3 1397 1403 1394
3 1346 1347 1396
3 1347 1364 1406
3 1352 1377 1390
3 1348 1352 1384
3 1380 1396 1381
3 1395 1386 1392
3 1346 1396 1380
3 1325 1389 1318
3 1388 1389 1325
3 1394 1403 1393
3 1391 1387 1364
3 1386 1327 1400
3 1398 1389 1390
3 1397 1406 1403
3 1395 1388 1386
3 1398 1318 1389
3 1399 1403 1406
3 1396 1347 1397
3 1294 1318 1293
3 1384 1352 1390
3 1390 1389 1384
3 1347 1406 1397
3 1363 1391 1364
3 1405 1257 1279
3 1370 1408 1407
3 1385 1409 1052
3 1371 1370 1407
3 1414 1410 1411
3 1412 1057 1054
3 1410 1414 1057
3 1411 1410 1416
3 1417 1057 1412
3 1418 1414 1408
3 1370 1418 1408
3 1419 1421 1420
3 1411 1416 1421
3 1423 1428 1419
3 1419 1420 1423
3 1411 1413 1414
3 1417 1410 1057
3 1421 1419 1413
3 1057 1418 1046
3 1407 1424 1409
3 1370 1368 1418
3 1413 1408 1414
3 1409 1427 1051
3 1419 1428 1413
3 1418 1368 1373
3 1046 1418 1373
3 1418 1057 1414
3 1051 1427 1426
3 1407 1408 1429
3 1407 1409 1385
3 1425 1427 1409
3 1427 1422 1426
3 1415 1407 1385
3 1407 1429 1424
3 1283 1274 1286
3 1434 1436 1435
3 1438 1436 1434
3 1431 1433 1439
3 1443 1286 1440
3 1441 1440 1439
3 1445 1446 1447
3 1432 1449 1448
3 1447 1455 1423
3 1441 1430 1442
3 1456 1428 1454
3 1451 1449 1446
3 1455 1446 1454
3 1423 1458 1452
3 1449 1454 1446
3 1452 1447 1423
3 1449 1459 1454
3 1449 1432 1459
3 1454 1459 1456
3 1446 1455 1447
3 1430 1460 1442
3 1456 1457 1460
3 1460 1457 1442
3 1438 1461 1436
3 1441 1450 1430
3 1457 1456 1459
3 1445 1447 1452
3 1451 1448 1449
3 1455 1454 1428
3 1459 1463 1457
3 1442 1457 1443
3 1420 1421 1462
3 1423 1420 1458
3 1436 1461 1458
3 1464 1439 1433
3 1462 1436 1458
3 1439 1450 1441
3 1431 1444 1433
3 1462 1416 1435
3 1458 1420 1462
3 1440 1286 1444
3 1431 1440 1444
3 1429 1430 1424
3 1456 1460 1429
3 1428 1456 1429
3 1408 1428 1429
3 1413 1428 1408
3 1429 1460 1430
3 1462 1421 1416
3 1435 1436 1462
3 1458 1453 1452
3 1439 1440 1431
3 1459 1432 1463
3 1461 1453 1458
3 1441 1442 1443
3 1428 1423 1455
3 1242 1465 1243
3 1466 1451 1446
3 1465 1463 1432
3 1468 1465 1432
3 1469 1242 1246
3 1469 1246 1289
3 1469 1286 1443
3 1443 1463 1242
3 1289 1256 1284
3 1284 1286 1469
3 1264 1284 1255
3 1441 1443 1440
3 1284 1256 1255
3 1470 1266 1467
3 1240 1470 1467
3 1467 1289 1246
3 1468 1243 1465
3 1246 1240 1467
3 1463 1443 1457
3 1242 1463 1465
3 1284 1469 1289
3 1469 1443 1242
3 1467 1266 1289
3 1272 1273 1472
3 1272 1472 1282
3 1473 1475 1474
3 1474 1475 1472
3 1282 1472 1475
3 1471 1474 1472
3 1475 1280 1282
3 1273 1471 1472
3 1240 1241 1478
3 1272 1282 1252
3 1273 1476 1471
3 1477 1474 1471
3 1476 1478 1483
3 1480 1481 1484
3 1476 1470 1478
3 1470 1476 1266
3 1483 1478 1241
3 1240 1478 1470
3 1487 1477 1481
3 1479 1480 1486
3 1485 1484 1481
3 1481 1480 1479
3 1485 1477 1471
3 1485 1471 1476
3 1485 1481 1477
3 1475 1473 1280
3 1490 1489 1488
3 1476 1273 1266
3 1489 1490 1492
3 1494 1496 1498
3 1497 1496 1494
3 1492 1496 1497
3 1498 1496 1503
3 1501 1503 1490
3 1504 1500 1497
3 1490 1503 1496
3 1491 1492 1497
3 1505 1498 1503
3 1489 1493 1473
3 1494 1504 1497
3 1497 1499 1491
3 1500 1499 1497
3 1473 1482 1488
3 1489 1508 1493
3 1473 1488 1489
3 1508 1489 1492
3 1473 1493 1280
3 1502 1506 1509
3 1488 1482 1506
3 1496 1492 1490
3 1501 1488 1502
3 1506 1502 1488
3 1488 1501 1490
3 1510 1511 1251
3 1510 1513 1511
3 1512 1508 1507
3 1511 1247 1251
3 1516 1514 1512
3 1261 1247 1331
3 1507 1508 1492
3 1261 1331 1310
3 1247 1513 1338
3 1510 1516 1515
3 1512 1493 1508
3 1282 1250 1252
3 1514 1280 1493
3 1514 1493 1512
3 1307 1513 1515
3 1513 1510 1515
3 1510 1251 1280
3 1341 1307 1515
3 1510 1514 1516
3 1331 1247 1338
3 1516 1341 1515
3 1513 1247 1511
3 1513 1307 1338
3 1510 1280 1514
3 1522 1523 1524
3 678 679 676
3 247 1527 1517
3 1532 680 1521
3 1519 1520 1528
3 1231 1208 1525
3 1297 1535 1232
3 1518 1531 1519
3 1296 1528 1523
3 1232 1535 1534
3 1296 1535 1297
3 1526 1522 1533
3 1518 1519 1537
3 1522 1524 1533
3 251 254 1517
3 1517 681 251
3 1536 1517 254
3 1523 1528 1520
3 1232 1534 1204
3 1208 1534 1525
3 1343 1342 1339
3 1530 1526 1521
3 1208 1231 1207
3 1530 1529 681
3 1527 247 1231
3 1527 1231 1530
3 681 1527 1530
3 1530 1231 1525
3 1525 1526 1530
3 1231 247 1207
3 1530 676 1529
3 1525 1522 1526
3 1339 1539 1528
3 1528 1296 1339
3 1522 1535 1523
3 1525 1534 1522
3 1522 1534 1535
3 232 1207 247
3 681 1517 1527
3 1517 1536 247
3 1539 1339 1342
3 676 1521 680
3 1521 1526 1538
3 676 1530 1521
3 251 245 254
3 1536 254 224
3 224 247 1536
3 1539 1537 1519
3 1528 1539 1519
3 1204 1534 1208
3 679 1529 676
3 1524 1523 1520
3 1296 1523 1535
3 681 1529 679
3 1540 1542 1541
3 1551 1548 1541
3 1550 1546 1549
3 1555 1557 1556
3 1543 1540 1541
3 1547 1550 1545
3 1554 1555 1556
3 1551 1542 1560
3 1550 1486 1545
3 1565 1546 1547
3 1551 1554 1562
3 1560 1558 1559
3 1560 1561 1558
3 1561 1542 1540
3 1541 1542 1551
3 1551 1560 1554
3 1551 1562 1553
3 1548 1566 1541
3 1564 1563 1546
3 1567 1553 1562
3 1550 1568 1486
3 1569 1557 1555
3 1544 1547 1545
3 1547 1546 1550
3 1564 1567 1562
3 1571 1545 1486
3 1551 1553 1548
3 1572 1573 1557
3 1565 1564 1546
3 1567 1565 1547
3 1557 1573 1563
3 1564 1565 1567
3 1556 1562 1554
3 1556 1564 1562
3 1561 1560 1542
3 1553 1552 1548
3 1557 1563 1556
3 1563 1564 1556
3 1574 1575 1549
3 1574 1563 1573
3 1487 1575 1482
3 1574 1549 1563
3 1502 1509 1582
3 1474 1487 1482
3 1509 1576 1582
3 1509 1575 1576
3 1549 1568 1550
3 1573 1576 1574
3 1474 1477 1487
3 1473 1474 1482
3 1576 1575 1574
3 1575 1577 1549
3 1502 1582 1579
3 1579 1582 1581
3 1501 1502 1579
3 1581 1578 1579
3 1549 1577 1568
3 1581 1582 1572
3 1577 1481 1479
3 1572 1582 1573
3 1487 1577 1575
3 1573 1582 1576
3 1580 1501 1579
3 1546 1563 1549
3 1577 1479 1568
3 1568 1479 1486
3 1487 1481 1577
3 1580 1503 1501
3 1482 1509 1506
3 1578 1580 1579
3 1482 1575 1509
3 1583 1584 1585
3 1476 1483 1485
3 1571 1583 1585
3 1484 1244 1583
3 1583 1571 1480
3 1484 1583 1480
3 1484 1485 1483
3 1483 1244 1484
3 1239 1584 1244
3 1584 1583 1244
3 1244 1483 1241
3 1571 1486 1480
3 1498 1586 1494
3 1495 1587 1591
3 1592 1594 1593
3 1592 1590 1589
3 1588 1495 1591
3 1591 1587 1600
3 1586 1587 1494
3 1596 1589 1606
3 1588 1595 1604
3 1586 1600 1587
3 1586 1498 1505
3 1494 1587 1495
3 1595 1601 1610
3 1599 1594 1596
3 1603 1600 1586
3 1595 1588 1591
3 1603 1586 1505
3 1595 1591 1602
3 1597 1594 1599
3 1597 1603 1505
3 1596 1611 1599
3 1597 1505 1609
3 1597 1609 1594
3 1611 1597 1599
3 1592 1598 1590
3 1602 1601 1595
3 1592 1589 1594
3 1589 1590 1606
3 1608 1609 1578
3 1555 1554 1613
3 1615 1598 1612
3 1560 1559 1617
3 1593 1569 1614
3 1598 1614 1612
3 1598 1592 1614
3 1559 1615 1617
3 1613 1617 1612
3 1572 1569 1616
3 1608 1593 1594
3 1617 1615 1612
3 1559 1558 1618
3 1572 1557 1569
3 1592 1593 1614
3 1616 1578 1581
3 1594 1609 1608
3 1616 1569 1593
3 1505 1503 1580
3 1609 1505 1580
3 1612 1614 1569
3 1613 1612 1569
3 1578 1609 1580
3 1608 1578 1616
3 1593 1608 1616
3 1613 1569 1555
3 1581 1572 1616
3 1619 1588 1604
3 1500 1504 1588
3 1495 1588 1504
3 1619 1500 1588
3 1494 1495 1504
3 1621 1507 1491
3 1620 1512 1507
3 1301 1341 1620
3 1333 1619 1335
3 1491 1507 1492
3 1621 1620 1507
3 1491 1499 1621
3 1340 1604 1610
3 1340 1619 1604
3 1333 1334 1621
3 1301 1620 1334
3 1333 1499 1619
3 1499 1333 1621
3 1340 1335 1619
3 1334 1620 1621
3 1334 1337 1301
3 1500 1619 1499
3 1301 1307 1341
3 1512 1620 1341
3 1516 1512 1341
3 1627 1626 1628
3 1624 1630 1629
3 1625 1626 1627
3 1630 1626 1625
3 1631 1628 1622
3 1626 1630 1605
3 1601 1602 1624
3 1602 1591 1624
3 1600 1605 1591
3 1632 1630 1625
3 1626 1623 1628
3 1630 1632 1629
3 1624 1629 1601
3 1624 1591 1605
3 1628 1623 1622
3 1605 1630 1624
3 1636 1622 1633
3 1635 1633 1622
3 1633 1597 1611
3 1600 1635 1605
3 1603 1635 1600
3 1635 1597 1633
3 1634 1636 1633
3 1622 1623 1635
3 1594 1589 1596
3 1623 1605 1635
3 1626 1605 1623
3 1596 1634 1611
3 1603 1597 1635
3 1634 1633 1611
3 401 1637 1638
3 1643 1645 1644
3 1647 1648 1637
3 1649 1650 392
3 388 1652 389
3 1653 1637 1648
3 1641 1651 1653
3 394 1652 1639
3 395 401 1638
3 1641 1645 1643
3 1656 1654 1649
3 1637 1657 1647
3 1651 1638 1653
3 1641 1643 1651
3 403 1638 1651
3 1649 403 1651
3 403 395 1638
3 1659 1657 1655
3 1637 1653 1638
3 1657 1637 1646
3 401 1646 1637
3 1649 392 403
3 687 691 388
3 1639 1655 1646
3 1643 1656 1651
3 672 673 674
3 1644 1660 1643
3 682 691 661
3 1652 683 1640
3 1652 394 389
3 1652 388 1642
3 1642 682 683
3 682 662 683
3 394 397 389
3 1640 1639 1652
3 391 388 387
3 1655 1657 1646
3 1641 1653 1648
3 1643 1654 1656
3 674 1640 683
3 394 1639 1646
3 394 401 395
3 1646 401 394
3 1649 1651 1656
3 1642 388 691
3 1642 691 682
3 683 1652 1642
3 1662 1661 1658
3 1665 677 1662
3 1667 1668 1666
3 1639 1665 1655
3 1664 1668 1669
3 1662 677 1532
3 1661 1666 1664
3 1532 1538 1661
3 1659 1655 1665
3 1668 1664 1666
3 1538 1663 1661
3 1661 1664 1658
3 1639 1640 1665
3 1663 1666 1661
3 1658 1659 1662
3 1658 1664 1669
3 1538 1526 1533
3 1531 1520 1519
3 1524 1531 1663
3 1531 1524 1520
3 1532 1661 1662
3 1521 1538 1532
3 1524 1663 1533
3 1531 1666 1663
3 674 1665 1640
3 1538 1533 1663
3 674 677 1665
3 1662 1659 1665
3 680 677 678
3 680 1532 677
3 1671 1668 1670
3 1658 1669 1673
3 1658 1673 1659
3 1669 1671 1641
3 1648 1647 1673
3 1673 1657 1659
3 1673 1647 1657
3 1670 1672 1671
3 1667 1670 1668
3 1671 1645 1641
3 1669 1668 1671
3 1674 1670 1667
3 1669 1648 1673
3 1669 1641 1648
3 1676 1680 1681
3 1667 1518 1677
3 1685 1682 1644
3 1684 1675 1686
3 1687 1644 1682
3 1645 1672 1685
3 1539 1677 1537
3 1677 1518 1537
3 1676 1684 1680
3 1674 1678 1679
3 1607 1683 1610
3 1666 1531 1667
3 1604 1595 1610
3 1683 1340 1610
3 1607 1678 1683
3 1531 1518 1667
3 1679 1607 1629
3 1667 1677 1674
3 1688 1684 1686
3 1678 1677 1683
3 1679 1678 1607
3 1607 1601 1629
3 1683 1677 1539
3 1671 1672 1645
3 1675 1684 1676
3 1660 1644 1687
3 1681 1670 1674
3 1672 1681 1680
3 1680 1685 1672
3 1670 1681 1672
3 1681 1679 1676
3 1679 1629 1676
3 1632 1675 1676
3 1680 1684 1682
3 1677 1678 1674
3 1644 1645 1685
3 1342 1340 1683
3 1681 1674 1679
3 1607 1610 1601
3 1629 1632 1676
3 1680 1682 1685
3 1683 1539 1342
3 1689 1690 1691
3 1691 1693 1692
3 1695 1654 1696
3 1697 1690 1686
3 402 399 393
3 1649 1654 1695
3 1699 312 327
3 1701 1699 1700
3 460 1701 468
3 1650 1695 1700
3 1691 1694 1698
3 1684 1688 1682
3 402 392 1650
3 1700 1699 327
3 1699 405 312
3 1700 327 402
3 1649 1695 1650
3 1650 1700 402
3 1698 1696 1703
3 1696 1654 1703
3 1705 1698 1703
3 1704 468 1701
3 1696 1702 1704
3 1702 1696 1694
3 1701 1695 1704
3 1701 405 1699
3 1700 1695 1701
3 460 405 1701
3 1686 1689 1688
3 1688 1689 1705
3 1691 1698 1689
3 1691 1692 1694
3 1705 1687 1688
3 1660 1687 1703
3 1654 1660 1703
3 1687 1682 1688
3 1695 1696 1704
3 1698 1705 1689
3 1706 1690 1697
3 1689 1686 1690
3 403 392 404
3 1696 1698 1694
3 1705 1703 1687
3 1654 1643 1660
3 1675 1710 1686
3 1711 1709 1710
3 1697 1686 1710
3 1632 1710 1675
3 1709 1708 1697
3 1707 1706 1712
3 1709 1697 1710
3 1708 1709 1711
3 1713 1627 1628
3 1631 1713 1628
3 1708 1716 1706
3 1716 1708 1711
3 1627 1716 1711
3 1717 1631 1714
3 1711 1710 1625
3 1627 1711 1625
3 1716 1627 1713
3 1717 1713 1631
3 1718 1715 1717
3 1625 1710 1632
3 1715 1716 1713
3 1717 1715 1713
3 1712 1706 1716
3 1719 1721 1720
3 1722 1719 1720
3 1719 1724 1721
3 1727 1730 1726
3 1732 1725 1726
3 1728 1729 1731
3 1726 1725 1727
3 1728 1727 1729
3 1730 1728 1735
3 1728 1730 1727
3 1736 1731 1737
3 1739 1736 1737
3 1737 1738 1740
3 1727 1725 1729
3 1729 1738 1731
3 1737 1731 1738
3 1742 1739 1743
3 1739 1744 1736
3 1739 1737 1743
3 1737 1740 1743
3 1745 1746 1743
3 1740 1745 1743
3 1725 1741 1738
3 1725 1738 1729
3 1742 1743 1746
3 1753 1748 1754
3 1750 1755 1749
3 1753 1742 1748
3 1750 1748 1742
3 1757 1749 1755
3 1748 1749 1756
3 1753 1751 1742
3 1751 1752 1747
3 1742 1751 1747
3 1757 1756 1749
3 1746 1750 1742
3 1750 1749 1748
3 1753 1758 1751
3 1753 1754 1758
3 1760 1762 1761
3 1765 1764 1763
3 1768 1770 1769
3 1771 1775 1772
3 1778 1776 1777
3 1770 1775 1771
3 1778 1780 1776
3 1775 1779 1772
3 1775 1770 1781
3 1780 1774 1783
3 1773 1783 1774
3 1779 1782 1773
3 1775 1782 1779
3 1783 1773 1782
3 1781 1782 1775
3 1783 1782 1784
3 1780 1778 1774
3 1769 1770 1771
3 1761 1764 1767
3 1788 1789 1790
3 1786 1791 1760
3 1795 1767 1764
3 1760 1761 1766
3 1790 1793 1788
3 1797 1760 1791
3 1787 1761 1767
3 1798 1801 1792
3 1793 1795 1788
3 1803 1791 1786
3 1802 1794 1793
3 1767 1807 1787
3 1793 1787 1807
3 1785 1788 1795
3 1793 1794 1787
3 1805 1764 1762
3 1760 1797 1762
3 1786 1760 1809
3 1772 1800 1771
3 1812 1797 1791
3 1796 1792 1801
3 1797 1805 1762
3 1808 1810 1800
3 1793 1807 1795
3 1808 1800 1772
3 1804 1792 1796
3 1803 1812 1791
3 1805 1811 1764
3 1767 1795 1807
3 1761 1762 1764
3 1765 1785 1795
3 1806 1785 1765
3 1765 1795 1764
3 1794 1771 1800
3 1787 1800 1761
3 459 1804 1796
3 1796 449 459
3 1794 1800 1787
3 1799 1809 1760
3 1766 1799 1760
3 1792 1786 1809
3 1803 1786 1792
3 1809 1799 1798
3 1809 1798 1792
3 1813 1789 1815
3 1820 1790 1789
3 1802 1793 1790
3 1789 1813 1820
3 1819 1822 1821
3 1823 1822 1819
3 1819 1821 1820
3 1820 1802 1790
3 1824 1819 1813
3 1802 1818 1817
3 1818 1820 1821
3 1820 1818 1802
3 1820 1813 1819
3 1826 1832 1746
3 1826 1745 1740
3 1826 1740 1827
3 1826 1746 1745
3 1833 1827 1835
3 1827 1833 1826
3 1834 1833 1831
3 1829 1833 1835
3 1740 1828 1835
3 1828 1829 1835
3 1833 1829 1831
3 1832 1838 1746
3 1840 1826 1833
3 1826 1840 1832
3 1755 1750 1746
3 1832 1839 1838
3 1746 1838 1755
3 1838 1841 1755
3 1842 1757 1841
3 1839 1842 1841
3 1838 1839 1841
3 1843 1845 1844
3 1759 1758 1754
3 1754 1756 1759
3 1845 1816 1844
3 1816 1845 1817
3 1843 1844 1758
3 1844 1849 1758
3 1845 1825 1817
3 1851 1848 1842
3 1848 1757 1842
3 1848 1756 1757
3 1852 1768 1853
3 1757 1755 1841
3 1754 1748 1756
3 1794 1802 1817
3 1794 1817 1771
3 1769 1771 1817
3 1768 1847 1853
3 1852 1770 1768
3 1847 1768 1850
3 1759 1756 1848
3 1848 1851 1843
3 1848 1843 1759
3 1845 1769 1825
3 1847 1850 1851
3 1850 1769 1845
3 1769 1817 1825
3 1842 1847 1851
3 1852 1781 1770
3 1851 1850 1845
3 1851 1845 1843
3 1850 1768 1769
3 1843 1758 1759
3 1857 1855 1858
3 1857 1860 1855
3 1858 1839 1857
3 1861 1855 1860
3 1862 1860 1840
3 1863 1840 1833
3 1859 1867 1861
3 1840 1860 1857
3 1859 1861 1860
3 1861 1856 1855
3 1862 1859 1860
3 1834 1863 1833
3 1862 1840 1863
3 1840 1857 1832
3 1863 1834 1862
3 1832 1857 1839
3 1836 1862 1834
3 1870 1872 1871
3 1834 1830 1836
3 1874 1870 1871
3 1876 1865 1878
3 1836 1859 1862
3 1866 1868 1864
3 1866 1864 1865
3 1866 1830 1877
3 1865 1876 1866
3 1876 1859 1836
3 1876 1836 1830
3 1866 1876 1830
3 1831 1830 1834
3 1879 1864 1868
3 1876 1878 1859
3 1875 1881 1873
3 1859 1878 1867
3 1867 1883 1882
3 1875 1883 1867
3 1861 1885 1856
3 1847 1886 1853
3 1858 1855 1856
3 1889 1888 1885
3 1781 1852 1784
3 1869 1784 1889
3 1888 1853 1856
3 1839 1886 1847
3 1873 1881 1884
3 1783 1784 1869
3 1782 1781 1784
3 1881 1875 1865
3 1867 1878 1875
3 1873 1880 1854
3 1853 1858 1856
3 1886 1858 1853
3 1839 1858 1886
3 1883 1875 1873
3 1885 1882 1890
3 1867 1882 1885
3 1882 1883 1890
3 1867 1885 1861
3 1889 1872 1869
3 1865 1875 1878
3 1890 1883 1872
3 1888 1784 1852
3 1842 1839 1847
3 1869 1870 1783
3 1872 1889 1890
3 1883 1871 1872
3 1889 1885 1890
3 1883 1891 1871
3 1888 1852 1853
3 1888 1856 1885
3 1869 1872 1870
3 1889 1784 1888
3 1780 1783 1870
3 1899 1894 1900
3 1780 1870 1776
3 1776 1870 1874
3 1893 1900 1901
3 1776 1896 1777
3 1892 1898 1899
3 1899 1902 1894
3 1897 1895 1893
3 1896 1776 1895
3 1904 1903 1901
3 1899 1900 1892
3 1895 1892 1893
3 1895 1776 1898
3 1893 1892 1900
3 1898 1892 1895
3 1904 1901 1900
3 1898 1776 1874
3 1898 1874 1899
3 1909 1908 1905
3 1905 1908 1914
3 1911 1910 1912
3 1909 1905 1915
3 1909 1910 1908
3 1908 1910 1906
3 1917 493 1919
3 1920 1921 1919
3 485 482 1922
3 493 1925 489
3 1917 1926 1925
3 492 494 493
3 493 1917 1925
3 494 1919 493
3 476 489 1925
3 1917 1919 1921
3 1927 1923 1914
3 1933 1934 1932
3 1930 1931 1935
3 1938 1934 1918
3 1934 1938 1937
3 494 485 1939
3 1922 1935 1931
3 1919 494 1939
3 1939 1940 1919
3 1929 1936 1933
3 1941 1919 1940
3 1941 1920 1919
3 1939 1931 1942
3 1941 1940 1918
3 1940 1939 1942
3 1940 1943 1918
3 1907 1914 1908
3 1942 1930 1943
3 1922 1931 485
3 485 1931 1939
3 1942 1931 1930
3 1947 1948 1946
3 1952 1946 1953
3 1946 1952 1947
3 1950 1949 1951
3 1954 1952 1953
3 1957 1952 1954
3 1958 1945 1950
3 1959 1960 1936
3 1961 1913 1912
3 1962 1958 1950
3 1963 1952 1957
3 1963 1958 1962
3 1964 1965 1966
3 1947 1967 1955
3 1959 1961 1958
3 1962 1966 1965
3 1918 1934 1941
3 1961 1959 1936
3 1950 1945 1944
3 1941 1934 1933
3 1957 1959 1963
3 1959 1957 1960
3 1962 1950 1966
3 1933 1928 1941
3 1954 1968 1928
3 1945 1961 1912
3 1941 1928 1920
3 1957 1928 1960
3 1954 1928 1957
3 1960 1928 1933
3 1947 1952 1963
3 1936 1913 1961
3 1947 1965 1967
3 1950 1951 1966
3 1928 1924 1920
3 1961 1945 1958
3 1963 1962 1965
3 1963 1959 1958
3 1967 1965 1964
3 1936 1960 1933
3 1947 1963 1965
3 1910 1909 1916
3 1945 1912 1916
3 1973 1944 1916
3 1915 1969 1970
3 1912 1910 1916
3 1923 1972 1969
3 1914 1923 1969
3 1915 1905 1969
3 1974 1975 1977
3 1915 1974 1978
3 1978 1916 1909
3 1977 1978 1974
3 1979 1978 1977
3 1978 1973 1916
3 1979 1973 1978
3 1980 1973 1979
3 1916 1944 1945
3 1915 1978 1909
3 1969 1905 1914
3 1915 1971 1974
3 1796 1801 1983
3 450 455 482
3 450 449 1985
3 1801 1798 1988
3 1897 1981 1982
3 1982 1981 1986
3 1988 1983 1801
3 1808 1984 1810
3 1773 1808 1779
3 1779 1808 1772
3 1982 1985 1983
3 1810 1799 1766
3 1774 1984 1773
3 1984 1774 1778
3 1895 1897 1896
3 1985 1982 455
3 1982 1986 455
3 1777 1989 1778
3 1773 1984 1808
3 1922 482 1987
3 1987 1903 1935
3 482 1986 1987
3 1989 1896 1988
3 1761 1810 1766
3 453 450 451
3 1897 1982 1983
3 1800 1810 1761
3 451 450 483
3 483 450 482
3 1778 1989 1799
3 1985 1796 1983
3 1896 1983 1988
3 1896 1897 1983
3 1901 1987 1981
3 1989 1798 1799
3 483 443 451
3 1984 1799 1810
3 1987 1935 1922
3 1777 1896 1989
3 1981 1893 1901
3 1987 1901 1903
3 1981 1987 1986
3 1796 1985 449
3 1897 1893 1981
3 455 1986 482
3 1985 455 450
3 1798 1989 1988
3 1799 1984 1778
3 1812 1803 1990
3 1803 1991 1990
3 465 1991 1803
3 466 465 1803
3 1804 466 1792
3 454 457 1804
3 1803 1792 466
3 457 466 1804
3 459 454 1804
3 1993 1995 1994
3 1797 1996 1805
3 1692 1999 2001
3 1702 1992 1704
3 463 1997 467
3 468 1992 462
3 2000 1992 1694
3 2000 462 1992
3 2000 1694 2001
3 1707 1999 1693
3 1992 468 1704
3 1694 1992 1702
3 2005 2003 1995
3 1797 1812 1996
3 1995 2003 1998
3 463 464 1997
3 1995 2004 1997
3 467 2004 1991
3 2001 464 2000
3 2004 1998 1990
3 2002 1805 1996
3 1990 2002 1996
3 2002 1990 1998
3 2004 467 1997
3 1999 1994 2001
3 1998 2004 1995
3 1998 2003 2002
3 1995 1997 1994
3 1997 464 1994
3 1993 1994 1999
3 1693 1999 1692
3 1991 2004 1990
3 1993 1999 1707
3 2005 1993 1707
3 1812 1990 1996
3 2000 464 462
3 1994 464 2001
3 461 462 464
3 1692 2001 1694
3 1690 1706 1693
3 1691 1690 1693
3 1697 1708 1706
3 1706 1707 1693
3 467 1991 465
3 2014 2020 2013
3 2010 2017 2014
3 2010 2015 2017
3 2016 2021 2017
3 2022 2014 2019
3 2020 2014 2017
3 2017 2015 2016
3 2011 2023 2012
3 2023 2007 2009
3 2009 2012 2023
3 2008 2015 2010
3 2009 2008 2010
3 2009 2010 2012
3 2023 2011 2024
3 2012 2022 2025
3 1740 1738 1828
3 1741 1828 1738
3 2028 1741 1725
3 1740 1835 1827
3 2032 2030 2033
3 2030 2035 2033
3 2037 2035 2029
3 2031 2037 2029
3 2030 2029 2035
3 2036 2035 2037
3 2034 2032 2033
3 2040 2039 2031
3 1837 1877 1830
3 1877 2039 2040
3 2040 2041 1866
3 2040 2031 2029
3 2040 1866 1877
3 1837 2039 1877
3 1837 1830 1831
3 1837 1831 2042
3 2044 2043 2027
3 2046 2043 2026
3 2027 2043 2045
3 2048 2049 2050
3 2049 2025 2050
3 2010 2014 2022
3 2048 2011 2049
3 2051 2027 2052
3 2043 2044 2025
3 2022 2043 2025
3 2012 2025 2049
3 2012 2049 2011
3 2054 2025 2044
3 2019 2026 2022
3 2010 2022 2012
3 2022 2026 2043
3 2058 2057 2066
3 2065 2070 2061
3 2073 2074 2062
3 2077 2069 2062
3 2065 2078 2070
3 2071 2060 2079
3 546 570 579
3 2057 2073 2066
3 2073 2063 2080
3 2063 2081 2064
3 2083 2082 2058
3 2069 2077 579
3 2080 2064 2084
3 2073 2057 2074
3 2086 2067 2071
3 2081 2078 2064
3 2086 2071 2079
3 2078 576 2070
3 576 575 2075
3 2084 2064 2065
3 2078 2087 576
3 564 2088 2076
3 2057 2058 2082
3 2081 2087 2078
3 2083 2058 2085
3 2076 2088 2082
3 2070 576 2075
3 2076 2082 2083
3 2075 575 2072
3 564 2076 2089
3 2081 2062 2069
3 2087 570 567
3 2087 567 576
3 2081 2069 2087
3 2083 2055 2056
3 2055 2083 2085
3 2074 2082 2088
3 2074 2088 564
3 2087 2069 570
3 2057 2082 2074
3 570 2069 579
3 2063 2062 2081
3 2065 2064 2078
3 2074 2077 2062
3 2083 2056 2076
3 2077 2074 564
3 2077 564 579
3 2080 2063 2064
3 2070 2075 2059
3 575 571 2068
3 2073 2062 2063
3 544 2089 542
3 544 564 2089
3 2090 2089 2091
3 2056 2091 2076
3 2076 2091 2089
3 2089 2090 542
3 2097 2099 2098
3 2096 2100 2101
3 2102 2104 2103
3 2098 2109 2097
3 2110 2094 2109
3 2097 2111 2112
3 2093 2097 2094
3 2105 2101 2113
3 2115 2117 2104
3 2109 2094 2097
3 2118 2107 2114
3 2102 2115 2104
3 2102 2118 2114
3 2119 2107 2120
3 2102 2114 2115
3 2108 1979 1977
3 2105 2113 2106
3 2101 2105 2096
3 2121 2102 2122
3 2119 2114 2107
3 2102 2103 2122
3 2095 2096 2105
3 2093 2111 2097
3 2098 2099 2116
3 2120 2105 2106
3 2102 2121 2118
3 2117 2123 2104
3 2107 2105 2120
3 2034 2092 2112
3 2034 2033 2092
3 2111 2034 2112
3 2097 2112 2099
3 2128 2107 2129
3 2131 2133 2132
3 2129 2107 2118
3 2131 2132 2137
3 2139 2140 2141
3 2142 1864 1879
3 2143 2135 2144
3 2147 2142 1879
3 1976 2148 2149
3 2150 2151 2136
3 2127 2125 2153
3 2127 2126 2125
3 2149 2153 2125
3 2136 2155 2150
3 2159 2160 2153
3 2161 2153 2149
3 2136 2156 2128
3 2163 2153 2160
3 2095 2158 2096
3 2164 2136 2129
3 2163 2127 2153
3 2128 2156 2158
3 2159 2141 2160
3 2158 2100 2096
3 2107 2128 2095
3 2156 2136 2157
3 2095 2128 2158
3 2150 2155 2152
3 2139 2141 2159
3 2136 2128 2129
3 2155 2136 2164
3 2107 2095 2105
3 2134 2093 2094
3 2168 2138 2166
3 2132 2142 2147
3 2131 2143 2170
3 2144 2171 2172
3 2173 2175 2174
3 2170 2144 2172
3 2176 2178 2177
3 2179 2134 2130
3 2180 2127 2163
3 2130 2094 2110
3 2181 2170 2172
3 2166 1868 2168
3 2182 2173 2183
3 2181 2172 2178
3 2169 2184 2146
3 1879 2166 2138
3 2131 2170 2181
3 2170 2143 2144
3 2184 2145 2146
3 2138 2135 1879
3 2032 2167 2168
3 2179 2174 2185
3 2134 2179 2135
3 2179 2185 2135
3 2154 2093 2134
3 2144 2185 2171
3 2111 2154 2032
3 2175 2173 2182
3 2184 2172 2145
3 2173 2174 2179
3 2173 2179 2130
3 2178 2184 2165
3 2145 2171 2175
3 2172 2171 2145
3 2127 2180 2126
3 2171 2174 2175
3 2178 2172 2184
3 2138 2134 2135
3 2157 2136 2151
3 2165 2184 2169
3 2171 2185 2174
3 2111 2093 2154
3 2110 2173 2130
3 2185 2144 2135
3 2137 2147 1879
3 2167 2138 2168
3 2137 2135 2143
3 2137 2132 2147
3 2154 2167 2032
3 2167 2154 2138
3 2138 2154 2134
3 2094 2130 2134
3 2131 2137 2143
3 2137 1879 2135
3 2111 2032 2034
3 2186 2187 2188
3 2103 2188 2189
3 2132 2190 1887
3 2159 2161 2191
3 2122 2103 2192
3 2193 2161 2149
3 2192 2191 2161
3 2129 2118 2121
3 2194 2190 2195
3 2164 2121 2122
3 2155 2148 2152
3 2158 2156 2157
3 2189 2191 2192
3 2139 2159 2197
3 2159 2191 2197
3 2139 2197 2196
3 2030 2041 2040
3 2193 2155 2164
3 2189 2197 2191
3 2166 1879 1868
3 2164 2161 2193
3 2121 2164 2129
3 1866 2168 1868
3 2132 2195 2190
3 2032 2041 2030
3 2032 2168 2041
3 2030 2040 2029
3 1866 2041 2168
3 2123 2188 2104
3 2187 2196 2197
3 2164 2122 2192
3 2159 2153 2161
3 2198 2194 2195
3 2164 2192 2161
3 2189 2188 2187
3 2157 2177 2158
3 2193 2148 2155
3 2103 2104 2188
3 2158 2177 2178
3 2103 2189 2192
3 2165 2158 2178
3 2187 2197 2189
3 2193 2149 2148
3 2100 2158 2165
3 2202 2205 2206
3 2207 2206 2205
3 2201 2113 2208
3 2201 2208 2212
3 2110 2109 2217
3 2220 2222 2221
3 2224 2182 2225
3 2215 2211 2227
3 2146 2228 2169
3 2231 2212 2226
3 2233 2235 2234
3 2101 2228 2226
3 2101 2100 2236
3 2236 2228 2101
3 2237 2238 2239
3 2239 2241 2240
3 2242 2229 2232
3 2224 2231 2175
3 2243 2234 2235
3 2210 2229 2239
3 2182 2183 2225
3 2175 2182 2224
3 2244 2210 2239
3 2169 2228 2236
3 2165 2169 2236
3 2231 2146 2145
3 2146 2231 2228
3 2240 2244 2239
3 2175 2231 2145
3 2208 2101 2226
3 2209 2223 2245
3 2222 2209 2245
3 2202 2206 2203
3 2222 2245 2247
3 2218 2214 2213
3 2215 2116 2099
3 2202 2222 2205
3 2247 2245 2251
3 2208 2226 2212
3 2205 2222 2220
3 2225 2223 2224
3 2101 2208 2113
3 2203 2201 2209
3 2113 2201 2246
3 2247 2217 2221
3 2205 2220 2248
3 2251 2223 2225
3 2228 2231 2226
3 2201 2212 2223
3 2236 2100 2165
3 2247 2251 2217
3 2216 2220 2221
3 2251 2110 2217
3 2209 2201 2223
3 2212 2224 2223
3 2115 2238 2117
3 2225 2183 2110
3 2123 2252 2253
3 2251 2225 2110
3 2183 2173 2110
3 2202 2203 2209
3 2223 2251 2245
3 2222 2247 2221
3 2201 2203 2246
3 2224 2212 2231
3 2202 2209 2222
3 2116 2215 2230
3 2255 2215 2099
3 1980 2257 1973
3 2210 2204 2229
3 2237 2239 2229
3 2249 1951 1949
3 1973 2257 1944
3 1951 2256 2214
3 1944 2249 1949
3 2119 2241 2258
3 2115 2258 2238
3 2117 2242 2123
3 2119 2254 2241
3 2124 2106 2113
3 2119 2258 2114
3 2120 2106 2259
3 2237 2229 2242
3 2256 1951 2249
3 2260 2214 2218
3 2119 2120 2254
3 2254 2120 2259
3 2117 2238 2237
3 2117 2237 2242
3 2114 2258 2115
3 2188 2253 2186
3 2238 2241 2239
3 2242 2252 2123
3 1944 1949 1950
3 2258 2241 2238
3 2257 2249 1944
3 2123 2253 2188
3 2257 2250 2249
3 2261 2206 2207
3 2047 2264 2011
3 2048 2047 2011
3 2266 2268 2267
3 2267 2268 2270
3 2025 2054 2050
3 1967 1964 2271
3 2266 2269 2272
3 2269 2266 2267
3 551 2263 2273
3 2263 2268 2273
3 2274 2275 2267
3 2267 2275 2269
3 551 2273 552
3 2274 2267 2270
3 578 565 2271
3 578 2262 553
3 2260 1964 1966
3 2274 2280 2279
3 2079 2281 2282
3 2272 2269 2050
3 2282 2265 2086
3 2271 1964 2262
3 2260 2281 1964
3 2285 2080 2084
3 2276 2277 2053
3 2084 2065 2286
3 2269 2275 2283
3 580 2262 2281
3 2274 2287 2276
3 2274 2270 2085
3 2275 2276 2053
3 2058 2066 2288
3 2274 2085 2280
3 2058 2288 2280
3 2286 2065 2067
3 2287 2278 2277
3 2218 2265 2282
3 2282 2281 2260
3 2048 2050 2283
3 2219 2265 2218
3 2287 2277 2276
3 2285 2084 2286
3 1964 2281 2262
3 2053 2047 2048
3 2086 2265 2284
3 2053 2048 2275
3 2288 2066 2289
3 2269 2283 2050
3 580 2281 2079
3 2283 2275 2048
3 2274 2279 2287
3 2274 2276 2275
3 2085 2058 2280
3 2079 2282 2086
3 2290 2291 2292
3 2124 2293 2259
3 2294 2296 2295
3 2298 2299 2297
3 2053 2277 2047
3 2303 2264 2047
3 2047 2277 2303
3 2302 2303 2277
3 2305 2240 2241
3 2307 2308 2293
3 2309 2292 2310
3 2300 2279 2280
3 2244 2285 2210
3 2301 2279 2300
3 2305 2314 2304
3 2106 2124 2259
3 2290 2261 2291
3 2313 2278 2316
3 2304 2306 2240
3 2294 2318 2296
3 2297 2288 2296
3 2306 2289 2073
3 2319 2298 2318
3 2278 2235 2277
3 2294 2304 2314
3 2302 2277 2235
3 2240 2285 2244
3 2298 2319 2321
3 2243 2235 2278
3 2271 2262 578
3 2305 2304 2240
3 2265 2210 2284
3 2124 2312 2293
3 2124 2320 2312
3 2280 2288 2297
3 2319 2310 2321
3 2307 2318 2314
3 2309 2311 2292
3 2203 2312 2320
3 2292 2315 2310
3 2290 2292 2311
3 2261 2290 2311
3 2311 2206 2261
3 2307 2314 2317
3 2294 2295 2304
3 2308 2317 2259
3 2307 2317 2308
3 2309 2312 2311
3 2073 2080 2306
3 2295 2306 2304
3 2311 2203 2206
3 2218 2282 2260
3 2319 2309 2310
3 1951 2260 1966
3 2319 2307 2309
3 2296 2318 2297
3 2280 2297 2300
3 2314 2318 2294
3 2254 2259 2317
3 2285 2286 2210
3 2288 2289 2296
3 2297 2299 2300
3 2309 2293 2312
3 2287 2316 2278
3 2254 2317 2305
3 2298 2297 2318
3 2306 2080 2240
3 2306 2295 2289
3 2204 2210 2265
3 2240 2080 2285
3 2316 2287 2301
3 2309 2307 2293
3 2320 2124 2246
3 2314 2305 2317
3 2311 2312 2203
3 2241 2254 2305
3 1951 2214 2260
3 2308 2259 2293
3 2286 2284 2210
3 2124 2113 2246
3 2319 2318 2307
3 2066 2073 2289
3 2279 2301 2287
3 2296 2289 2295
3 2246 2203 2320
3 2327 1894 1902
3 2329 2150 2152
3 2329 2152 2330
3 2322 2163 2325
3 2180 2163 2322
3 2332 2328 2329
3 2322 2325 2331
3 2331 2324 2335
3 2157 2151 2336
3 2151 2338 2336
3 2327 2339 2323
3 2323 2339 2337
3 2328 2337 2340
3 2338 2151 2150
3 2324 2323 2332
3 2330 2152 2333
3 2335 2180 2322
3 2180 2333 2126
3 2338 2329 2328
3 2325 2163 2160
3 2332 2323 2328
3 2326 2325 2341
3 2149 2125 1976
3 2148 2333 2152
3 2327 2331 2334
3 2329 2338 2150
3 2180 2335 2329
3 2330 2180 2329
3 2335 2322 2331
3 2328 2323 2337
3 2327 2324 2331
3 2327 2323 2324
3 2327 1902 2339
3 2341 2325 2160
3 2331 2325 2326
3 2335 2324 2332
3 2342 2343 2198
3 1884 1881 1865
3 2343 2338 2340
3 2132 2133 2195
3 2194 2198 2345
3 2339 1902 2346
3 2131 2336 2343
3 2342 2199 2195
3 1873 1884 1880
3 2342 2133 2343
3 2344 1854 1902
3 2132 1887 2142
3 1880 2194 1854
3 1873 1891 1883
3 2142 1887 1864
3 1854 1891 1873
3 2195 2199 2198
3 2345 2337 2346
3 1887 1884 1865
3 2177 2157 2176
3 2176 2181 2178
3 2131 2181 2176
3 2176 2157 2336
3 2344 1871 1891
3 2133 2131 2343
3 2190 1884 1887
3 2338 2328 2340
3 1880 2190 2194
3 2198 2343 2340
3 2198 2340 2345
3 2346 2194 2345
3 1884 2190 1880
3 2340 2337 2345
3 2338 2343 2336
3 2344 1891 1854
3 2199 2342 2198
3 1854 2346 1902
3 2180 2330 2333
3 2337 2339 2346
3 2335 2332 2329
3 2176 2336 2131
3 1865 1864 1887
3 2148 2162 2333
3 2194 2346 1854
3 2342 2195 2133
3 1871 1899 1874
3 2344 1902 1899
3 2344 1899 1871
3 1900 1894 2347
3 2348 2349 2326
3 2348 2350 1918
3 2350 2348 2341
3 1900 2347 1904
3 2327 2334 2347
3 2334 2349 2347
3 2331 2349 2334
3 1930 1935 2349
3 1930 2349 1943
3 2348 1943 2349
3 2141 2350 2341
3 1904 2347 2349
3 1918 1943 2348
3 1935 1904 2349
3 1938 1918 2350
3 1935 1903 1904
3 2341 2160 2141
3 2350 2351 1938
3 2349 2331 2326
3 1940 1942 1943
3 2141 2351 2350
3 2348 2326 2341
3 2327 2347 1894
3 2353 2354 2039
3 2354 2031 2039
3 2355 2031 2354
3 2359 2353 2356
3 2359 2354 2353
3 2360 2361 2362
3 2356 2363 2359
3 2354 2358 2355
3 2365 2363 2356
3 2042 2353 2039
3 2357 2359 2363
3 2361 2363 2362
3 2039 1837 2042
3 2358 2354 2357
3 2363 2361 2357
3 2362 2363 2365
3 2031 2355 2037
3 2359 2357 2354
3 2352 2355 2358
3 2037 2352 2036
3 2355 2352 2037
3 2038 2368 2367
3 2370 2371 2369
3 2358 2369 2352
3 2369 2372 2370
3 2369 2358 2357
3 2036 2352 2369
3 2369 2361 2372
3 2376 2377 2375
3 2361 2369 2357
3 2374 2373 2375
3 2374 2375 2377
3 2361 2375 2372
3 2373 2372 2375
3 2374 2377 2378
3 2361 2360 2375
3 2036 2368 2038
3 2036 2369 2371
3 2371 2368 2036
3 2035 2036 2038
3 2017 2382 2381
3 2021 2382 2017
3 2382 2021 2018
3 2381 2383 2020
3 2020 2017 2381
3 2386 2099 2112
3 2092 2385 2381
3 2382 2384 2381
3 2386 2112 2092
3 2383 2381 2385
3 2384 2386 2381
3 2381 2386 2092
3 2255 2099 2386
3 2038 2033 2035
3 2215 2200 2211
3 2390 2385 2092
3 2092 2033 2390
3 2033 2038 2390
3 2385 2367 2388
3 2385 2038 2367
3 2389 2388 2367
3 2038 2385 2390
3 2391 558 562
3 2271 565 1955
3 2391 1955 565
3 2272 2050 2054
3 565 563 558
3 1947 1955 1948
3 1955 2391 1948
3 2393 2392 2051
3 1955 1967 2271
3 1948 2391 562
3 2391 565 558
3 2044 2392 2054
3 2027 2392 2044
3 2392 2027 2051
3 552 2266 2394
3 2266 552 2273
3 2268 2266 2273
3 2395 562 528
3 1948 562 2395
3 1948 1956 1946
3 2406 2407 2408
3 2411 2410 2409
3 2408 2410 2401
3 2410 2403 2401
3 2409 2410 2408
3 2404 2406 2401
3 2401 2406 2408
3 2396 2413 2399
3 2399 2398 2397
3 2413 2404 2401
3 2413 2412 2404
3 2396 2399 2397
3 2402 2405 2399
3 2401 2402 2413
3 2413 2402 2399
3 2402 2401 2403
3 2407 2414 2408
3 2403 2410 2415
3 2416 2403 2415
3 2414 2409 2408
3 2415 2410 2411
3 2422 2420 2421
3 2432 2431 2428
3 2427 2428 2431
3 2427 2434 2436
3 2435 2427 2436
3 2438 2437 2439
3 2437 2435 2439
3 2428 2433 2432
3 2436 2440 2439
3 2428 2437 2433
3 2428 2435 2437
3 2439 2435 2436
3 2427 2442 2434
3 2443 2434 2442
3 2444 2443 2442
3 2428 2427 2435
3 2434 2446 2441
3 2443 2446 2434
3 2447 2441 2446
3 2446 2443 2448
3 2445 2449 2444
3 2453 2452 2450
3 2445 2427 2429
3 2444 2450 2452
3 2453 2450 2449
3 2445 2444 2442
3 2429 2427 2430
3 2445 2442 2427
3 2445 2451 2449
3 2444 2449 2450
3 2444 2452 2443
3 2451 2453 2449
3 2429 2423 2451
3 2453 2451 2455
3 2455 2448 2453
3 2451 2423 2455
3 2454 2424 2429
3 2457 2459 2458
3 2462 2459 2463
3 2461 2457 2458
3 2458 2459 2462
3 2459 2457 2460
3 2456 2464 2465
3 2460 2456 2463
3 2467 2456 2465
3 2466 2463 2421
3 2462 2463 2466
3 2469 2467 2465
3 2463 2422 2421
3 2472 2469 2465
3 2463 2459 2460
3 2463 2468 2422
3 2473 2467 2469
3 2456 2468 2463
3 2474 2467 2473
3 2475 2474 2473
3 2468 2479 2476
3 2448 2455 2473
3 2423 2475 2455
3 2422 2468 2471
3 2473 2477 2448
3 2478 2476 2479
3 2423 2478 2475
3 2467 2468 2456
3 2478 2479 2467
3 2467 2474 2478
3 2478 2474 2475
3 2475 2473 2455
3 2477 2446 2448
3 2446 2477 2469
3 2446 2469 2472
3 2481 2447 2446
3 2469 2477 2473
3 2453 2448 2452
3 2480 2465 2464
3 2480 2472 2465
3 2443 2452 2448
3 2446 2480 2481
3 2446 2472 2480
3 2467 2479 2468
3 2447 2481 2482
3 2485 2483 2484
3 2487 2481 2480
3 2484 2489 2490
3 2483 2491 2484
3 2486 2491 2483
3 2464 2456 2460
3 2461 2488 2457
3 2490 2489 2488
3 2486 2483 2485
3 2460 2457 2487
3 2482 2481 2487
3 2457 2489 2487
3 2491 2482 2489
3 2491 2489 2484
3 2487 2480 2464
3 2489 2482 2487
3 2464 2460 2487
3 2457 2488 2489
3 2441 2492 2434
3 2494 2441 2493
3 2492 2441 2494
3 2493 2441 2447
3 2500 2499 2493
3 2499 2494 2493
3 2491 2486 2503
3 2503 2493 2482
3 2494 2499 2492
3 2491 2503 2482
3 2482 2493 2447
3 2503 2500 2493
3 2503 2486 2500
3 2486 2485 2497
3 2497 2485 2504
3 2486 2497 2498
3 2507 2501 2498
3 2502 2499 2505
3 2502 2492 2499
3 2508 2499 2500
3 2507 2506 2501
3 2495 2434 2505
3 2505 2499 2506
3 2500 2486 2508
3 2501 2508 2486
3 2499 2508 2506
3 2502 2434 2492
3 2506 2508 2501
3 2501 2486 2498
3 2505 2434 2502
3 2440 2511 2510
3 2439 2440 2509
3 2514 2513 2516
3 2517 2518 2516
3 2519 2513 2514
3 2515 2514 2516
3 2519 2514 2520
3 2514 2515 2520
3 2509 2521 2523
3 2509 2523 2438
3 2522 2521 2510
3 2440 2510 2509
3 2509 2510 2521
3 2515 2510 2524
3 2522 2510 2516
3 2516 2510 2515
3 2522 2516 2518
3 2439 2509 2438
3 2511 2524 2510
3 2527 2528 2525
3 2527 2526 2530
3 2528 2527 2511
3 2512 2528 2511
3 2440 2512 2511
3 2529 2526 2525
3 2527 2525 2526
3 2528 2512 2525
3 2540 2519 2520
3 2533 2537 2538
3 2537 2533 2534
3 2539 2527 2533
3 2519 2540 2513
3 2531 2532 2539
3 2532 2540 2520
3 2532 2531 2540
3 2542 2540 2538
3 2511 2527 2524
3 2524 2539 2532
3 2541 2535 2543
3 2520 2524 2532
3 2534 2533 2530
3 2536 2537 2541
3 2534 2535 2537
3 2524 2520 2515
3 2536 2538 2537
3 2535 2530 2544
3 2538 2540 2531
3 2537 2535 2541
3 2533 2538 2539
3 2524 2527 2539
3 2535 2534 2530
3 2533 2527 2530
3 2538 2531 2539
3 2546 2436 2495
3 2529 2546 2548
3 2526 2544 2530
3 2550 2545 2495
3 2552 2543 2550
3 2552 2550 2549
3 2543 2535 2544
3 2545 2526 2529
3 2545 2529 2548
3 2543 2526 2550
3 2551 2552 2549
3 2551 2549 2550
3 2551 2550 2495
3 2526 2545 2550
3 2505 2506 2551
3 2547 2543 2552
3 2551 2495 2505
3 2526 2543 2544
3 2546 2495 2545
3 2546 2545 2548
3 2525 2436 2529
3 2440 2436 2525
3 2436 2546 2529
3 2525 2512 2440
3 2436 2434 2495
3 2557 2560 2555
3 2555 2560 2563
3 2556 2562 2557
3 2560 2558 2559
3 2558 2560 2564
3 2558 2561 2559
3 2556 2557 2555
3 2560 2562 2564
3 2553 2564 2562
3 2562 2560 2557
3 2567 2559 2561
3 2567 2566 2559
3 2559 2566 2565
3 2553 2568 2564
3 2556 2554 2562
3 2553 2562 2554
3 2573 2554 2569
3 2554 2572 2553
3 2569 2554 2556
3 2572 2554 2573
3 2570 2573 2569
3 2570 2569 2571
3 2571 2536 2574
3 2571 2575 2536
3 2536 2541 2574
3 2574 2570 2571
3 2573 2577 2572
3 2571 2569 2556
3 2579 2542 2580
3 2555 2580 2578
3 2579 2580 2555
3 2536 2575 2538
3 2571 2578 2575
3 2571 2556 2578
3 2517 2513 2563
3 2579 2555 2563
3 2563 2559 2517
3 2575 2580 2542
3 2563 2581 2579
3 2556 2555 2578
3 2581 2542 2579
3 2581 2513 2542
3 2581 2563 2513
3 2575 2578 2580
3 2575 2542 2538
3 2540 2542 2513
3 2432 2582 2583
3 2585 2584 2582
3 2583 2584 2586
3 2438 2433 2437
3 2583 2431 2432
3 2582 2432 2433
3 2438 2582 2433
3 2584 2585 2587
3 2523 2521 2585
3 2583 2582 2584
3 2431 2583 2586
3 2438 2523 2582
3 2523 2585 2582
3 2431 2586 2427
3 2387 2590 2591
3 2380 2589 2389
3 2380 2592 2593
3 2592 2594 2593
3 2367 2368 2371
3 2380 2389 2371
3 2371 2379 2380
3 2389 2367 2371
3 2387 2388 2389
3 2589 2387 2389
3 2590 2387 2589
3 2597 2596 2599
3 2595 2600 2596
3 2597 2595 2596
3 2598 2595 2597
3 2604 2603 2605
3 2607 2603 2604
3 2607 2610 2603
3 2614 2615 2611
3 2552 2618 2547
3 2608 2606 2619
3 2610 2617 2603
3 2617 2610 2619
3 2606 2605 2617
3 2610 2620 2619
3 2610 2607 2613
3 2617 2605 2603
3 2610 2611 2612
3 2608 2619 2623
3 2606 2617 2619
3 2611 2610 2613
3 2608 2624 2609
3 2577 2615 2614
3 2608 2623 2624
3 2568 2616 2614
3 2609 2606 2608
3 2553 2572 2616
3 2570 2541 2576
3 2614 2616 2621
3 2611 2622 2612
3 2621 2616 2577
3 2574 2541 2570
3 2614 2611 2613
3 2507 2624 2618
3 2553 2616 2568
3 2551 2618 2552
3 2624 2623 2618
3 2573 2615 2577
3 2570 2576 2573
3 2618 2506 2507
3 2577 2616 2572
3 2612 2620 2610
3 2613 2568 2614
3 2506 2618 2551
3 2621 2577 2614
3 2623 2625 2618
3 2622 2620 2612
3 2619 2620 2623
3 2576 2626 2573
3 2615 2626 2622
3 2611 2615 2622
3 2626 2615 2573
3 2541 2626 2576
3 2625 2620 2626
3 2623 2620 2625
3 2547 2618 2625
3 2541 2543 2626
3 2547 2626 2543
3 2626 2620 2622
3 2626 2547 2625
3 2606 2609 2496
3 2633 2630 2634
3 2609 2498 2497
3 2607 2635 2632
3 2496 2609 2497
3 2613 2607 2602
3 2507 2498 2624
3 2498 2609 2624
3 2631 2638 2634
3 2638 2639 2634
3 2638 2631 2629
3 2639 2636 2634
3 2635 2605 2639
3 2629 2628 2632
3 2638 2629 2639
3 2630 2628 2631
3 2631 2628 2629
3 2635 2629 2632
3 2631 2634 2630
3 2568 2613 2602
3 2607 2632 2602
3 2627 2628 2630
3 2604 2605 2635
3 2637 2630 2633
3 2607 2604 2635
3 2635 2639 2629
3 2634 2636 2640
3 2636 2639 2605
3 2633 2634 2640
3 2496 2497 2504
3 2605 2606 2496
3 2636 2605 2496
3 2636 2496 2641
3 2496 2504 2641
3 2642 2627 2630
3 2637 2642 2630
3 2484 2490 2640
3 2640 2637 2633
3 2641 2640 2636
3 2488 2642 2490
3 2461 2642 2488
3 2485 2641 2504
3 2461 2627 2642
3 2641 2484 2640
3 2640 2490 2637
3 2490 2642 2637
3 2484 2641 2485
3 2646 2647 2648
3 2651 2653 2652
3 2654 2655 2656
3 2659 2652 2657
3 2655 2646 2660
3 2661 2662 2644
3 2665 2651 2659
3 2659 2651 2652
3 2649 2650 2654
3 2649 2657 2673
3 2653 2651 2670
3 2654 2656 2649
3 2647 2667 2666
3 2663 2645 2669
3 2666 2667 2664
3 2660 2672 2671
3 2646 2655 2667
3 2666 2677 2647
3 2678 2653 2670
3 2659 2657 2649
3 2668 2663 2669
3 2667 2655 2654
3 2655 2658 2656
3 2660 2682 2672
3 2651 2665 2679
3 2667 2650 2664
3 2667 2654 2650
3 2659 2656 2665
3 2656 2659 2649
3 2658 2660 2671
3 2663 2649 2673
3 2665 2671 2681
3 2665 2658 2671
3 2647 2646 2667
3 2668 2650 2663
3 2648 2660 2646
3 2652 2674 2657
3 2680 2666 2676
3 2676 2666 2664
3 2680 2677 2666
3 2663 2673 2645
3 2660 2658 2655
3 2645 2644 2669
3 2662 2643 2644
3 2663 2650 2649
3 2656 2658 2665
3 2661 2683 2684
3 2687 2684 2683
3 2687 2652 2653
3 2645 2673 2674
3 2674 2652 2683
3 2674 2673 2657
3 2688 2685 2684
3 2661 2645 2674
3 2687 2683 2652
3 2661 2674 2683
3 2688 2684 2687
3 2645 2661 2644
3 2685 2686 2684
3 2689 2661 2684
3 2698 2690 2691
3 2690 2699 2691
3 2691 2692 2701
3 2698 2691 2701
3 2698 2675 2703
3 2706 2708 2707
3 2690 2704 2708
3 2701 2692 2711
3 2704 2698 2703
3 2693 2706 2707
3 2704 2690 2698
3 2696 2694 2695
3 2707 2702 2693
3 2712 2702 2708
3 2705 2696 2697
3 2702 2707 2708
3 2696 2706 2693
3 2696 2705 2694
3 2702 2713 2693
3 2695 2706 2696
3 2702 2709 2713
3 2697 2696 2693
3 2708 2704 2712
3 2713 2697 2693
3 2701 2675 2698
3 2697 2713 2715
3 2715 2705 2697
3 2681 2703 2679
3 2672 2712 2720
3 2721 2718 2682
3 2719 2682 2718
3 2712 2703 2720
3 2717 2712 2672
3 2717 2672 2719
3 2719 2718 2709
3 2679 2665 2681
3 2717 2719 2709
3 2717 2709 2702
3 2717 2702 2712
3 2682 2719 2672
3 2704 2703 2712
3 2720 2681 2672
3 2681 2671 2672
3 2720 2703 2681
3 2726 2725 2727
3 2730 2722 2724
3 2730 2733 2723
3 2734 2664 2650
3 2731 2735 2727
3 2664 2734 2676
3 2729 2733 2730
3 2680 2676 2728
3 2669 2729 2730
3 2735 2726 2727
3 2722 2723 2727
3 2733 2737 2739
3 2727 2725 2722
3 2734 2730 2724
3 2724 2676 2734
3 2737 2733 2732
3 2730 2668 2669
3 2736 2732 2729
3 2727 2723 2731
3 2736 2729 2643
3 2733 2729 2732
3 2723 2722 2730
3 2724 2728 2676
3 2722 2725 2724
3 2643 2729 2644
3 2734 2650 2668
3 2724 2725 2728
3 2729 2669 2644
3 2730 2734 2668
3 2741 2743 2742
3 2757 2758 2759
3 2767 2768 2752
3 2748 2743 2741
3 2766 2750 2768
3 2745 2753 2744
3 2750 2769 2760
3 2747 2753 2754
3 2747 2746 2753
3 2770 2761 2766
3 2745 2754 2753
3 2742 2743 2747
3 2755 2743 2748
3 2755 2747 2743
3 2739 2751 2771
3 2762 2752 2760
3 2749 2769 2750
3 2751 2770 2768
3 2763 2760 2769
3 2746 2752 2753
3 2755 2746 2747
3 2770 2774 2761
3 2760 2768 2750
3 2733 2739 2731
3 2756 2757 2761
3 2733 2731 2723
3 2731 2739 2773
3 2776 2771 2746
3 2756 2777 2757
3 2775 2749 2761
3 2754 2742 2747
3 2757 2775 2761
3 2746 2771 2767
3 2771 2751 2767
3 2749 2766 2761
3 2762 2760 2763
3 2752 2746 2767
3 2774 2756 2761
3 2774 2764 2756
3 2771 2772 2773
3 2776 2772 2771
3 2771 2773 2739
3 2735 2731 2772
3 2752 2768 2760
3 2766 2749 2750
3 2751 2768 2767
3 2749 2775 2757
3 2766 2768 2770
3 2744 2753 2752
3 2779 2785 2784
3 2787 2786 2781
3 2779 2781 2783
3 2786 2783 2781
3 2787 2781 2790
3 2788 2688 2687
3 2791 2792 2678
3 2784 2688 2788
3 2687 2678 2788
3 2795 2792 2791
3 2796 2797 2798
3 2779 2796 2780
3 2781 2789 2782
3 2781 2779 2780
3 2799 2798 2797
3 2796 2784 2795
3 2795 2797 2796
3 2781 2780 2789
3 2670 2679 2703
3 2796 2779 2784
3 2795 2791 2797
3 2789 2780 2798
3 2784 2792 2795
3 2780 2796 2798
3 2781 2782 2790
3 2791 2678 2700
3 2678 2670 2675
3 2670 2703 2675
3 2700 2678 2675
3 2653 2678 2687
3 2792 2784 2788
3 2788 2678 2792
3 2651 2679 2670
3 2765 2800 2802
3 2774 2803 2764
3 2736 2738 2732
3 2738 2736 2803
3 2801 2689 2804
3 2804 2800 2801
3 2689 2801 2662
3 2801 2765 2764
3 2751 2732 2738
3 2800 2765 2801
3 2662 2661 2689
3 2662 2801 2764
3 2738 2770 2751
3 2739 2737 2751
3 2736 2643 2803
3 2807 2808 2805
3 2804 2808 2802
3 2738 2803 2774
3 2662 2764 2643
3 2770 2738 2774
3 2785 2783 2807
3 2809 2807 2783
3 2688 2784 2785
3 2802 2800 2804
3 2779 2783 2785
3 2804 2805 2808
3 2689 2684 2686
3 2811 2809 2810
3 2686 2685 2805
3 2809 2811 2808
3 2807 2685 2785
3 2809 2808 2807
3 2685 2807 2805
3 2804 2689 2805
3 2732 2751 2737
3 2805 2689 2686
3 2688 2785 2685
3 2764 2803 2643
3 2741 2818 2812
3 2817 2820 2822
3 2818 2816 2815
3 2830 2831 2832
3 2831 2833 2832
3 2834 2835 2813
3 2827 2837 2838
3 2828 2823 2840
3 2819 2813 2835
3 2827 2843 2819
3 2820 2816 2824
3 2829 2823 2828
3 2817 2815 2816
3 2817 2816 2820
3 2845 2817 2846
3 2847 2829 2828
3 2817 2845 2815
3 2814 2834 2813
3 2825 2824 2816
3 2812 2818 2815
3 2836 2844 2839
3 2836 2846 2817
3 2829 2822 2823
3 2852 2826 2829
3 2853 2829 2847
3 2826 2852 2854
3 2828 2843 2847
3 2855 2856 2853
3 2853 2847 2851
3 2847 2850 2851
3 2853 2851 2855
3 2853 2854 2852
3 2826 2822 2829
3 2852 2829 2853
3 2821 2824 2813
3 2837 2832 2833
3 2821 2820 2824
3 2826 2844 2822
3 2834 2857 2830
3 2813 2824 2814
3 2813 2819 2858
3 2834 2830 2835
3 2827 2838 2842
3 2821 2858 2840
3 2823 2822 2821
3 2828 2840 2843
3 2824 2859 2814
3 2847 2843 2850
3 2825 2859 2824
3 2827 2850 2843
3 2841 2848 2846
3 2821 2822 2820
3 2859 2834 2814
3 2844 2854 2860
3 2840 2858 2843
3 2813 2858 2821
3 2843 2858 2819
3 2832 2827 2835
3 2832 2837 2827
3 2842 2850 2827
3 2819 2835 2827
3 2857 2834 2859
3 2837 2833 2861
3 2830 2832 2835
3 2844 2826 2854
3 2812 2845 2849
3 2821 2840 2823
3 2849 2845 2862
3 2812 2815 2845
3 2836 2839 2841
3 2864 2841 2839
3 2864 2863 2865
3 2839 2844 2860
3 2865 2863 2860
3 2864 2839 2863
3 2862 2845 2846
3 2836 2817 2844
3 2839 2860 2863
3 2841 2846 2836
3 2844 2817 2822
3 2867 2627 2866
3 2868 2842 2838
3 2850 2842 2851
3 2875 2865 2876
3 2878 2880 2879
3 2886 2887 2888
3 2866 2868 2838
3 2877 2891 2855
3 2890 2869 2891
3 2854 2856 2881
3 2895 2878 2889
3 2881 2856 2869
3 2896 2892 2885
3 2849 2862 2897
3 2892 2898 2885
3 2879 2880 2873
3 2879 2873 2901
3 2871 2900 2901
3 2870 2882 2871
3 2892 2903 2893
3 2904 2865 2860
3 2879 2902 2889
3 2905 2885 2898
3 2870 2901 2873
3 2864 2865 2875
3 2865 2904 2900
3 2906 2904 2907
3 2877 2902 2891
3 2868 2889 2902
3 2904 2881 2869
3 2848 2841 2864
3 2904 2906 2900
3 2886 2888 2883
3 2876 2871 2882
3 2868 2877 2851
3 2895 2866 2899
3 2884 2886 2883
3 2902 2879 2909
3 2862 2848 2883
3 2860 2854 2881
3 2868 2902 2877
3 2864 2875 2874
3 2875 2876 2894
3 2886 2905 2887
3 2883 2897 2862
3 2885 2905 2886
3 2848 2862 2846
3 2906 2879 2901
3 2895 2889 2868
3 2906 2901 2900
3 2909 2907 2902
3 2848 2874 2883
3 2909 2879 2906
3 2883 2874 2884
3 2894 2874 2875
3 2909 2906 2907
3 2848 2864 2874
3 2892 2893 2898
3 2896 2885 2884
3 2854 2853 2856
3 2871 2865 2900
3 2851 2877 2855
3 2855 2869 2856
3 2842 2868 2851
3 2904 2869 2890
3 2869 2855 2891
3 2907 2891 2902
3 2879 2889 2878
3 2884 2885 2886
3 2870 2871 2901
3 2904 2860 2881
3 2866 2895 2868
3 2871 2876 2865
3 2907 2904 2890
3 2907 2890 2891
3 2912 2914 2913
3 2914 2919 2913
3 2872 2870 2873
3 2922 2927 2923
3 2870 2872 2882
3 2919 2928 2926
3 2880 2929 2925
3 2872 2873 2908
3 2921 2912 2920
3 2916 2912 2921
3 2929 2930 2925
3 2927 2915 2923
3 2920 2927 2882
3 2896 2903 2892
3 2903 2915 2926
3 2922 2882 2927
3 2920 2882 2872
3 2876 2922 2894
3 2882 2922 2876
3 2918 2914 2912
3 2921 2920 2872
3 2919 2926 2915
3 2929 2933 2932
3 2932 2936 2930
3 2921 2872 2916
3 2915 2903 2923
3 2930 2936 2937
3 2880 2934 2929
3 2930 2931 2925
3 2935 2924 2916
3 2931 2908 2925
3 2939 2917 2938
3 2929 2934 2933
3 2931 2930 2937
3 2895 2899 2933
3 2916 2924 2938
3 2929 2932 2930
3 2895 2933 2934
3 2872 2931 2916
3 2933 2940 2932
3 2916 2931 2935
3 2884 2894 2896
3 2919 2915 2913
3 2884 2874 2894
3 2922 2896 2894
3 2878 2934 2880
3 2880 2925 2908
3 2895 2934 2878
3 2918 2598 2597
3 2914 2597 2919
3 2918 2597 2914
3 2873 2880 2908
3 2908 2931 2872
3 2916 2938 2917
3 2896 2922 2923
3 2927 2920 2915
3 2915 2920 2913
3 2912 2913 2920
3 2923 2903 2896
3 2912 2916 2917
3 2918 2912 2917
3 2939 2918 2917
3 2680 2941 2677
3 2948 2728 2725
3 2946 2942 2945
3 2942 2677 2941
3 2943 2953 2947
3 2951 2952 2942
3 2956 2945 2941
3 2956 2943 2945
3 2946 2954 2942
3 2943 2944 2953
3 2954 2951 2942
3 2947 2955 2946
3 2947 2945 2943
3 2948 2740 2728
3 2942 2941 2945
3 2680 2740 2941
3 2949 2740 2948
3 2952 2951 2950
3 2680 2728 2740
3 2946 2945 2947
3 2942 2952 2677
3 2952 2647 2677
3 2963 2964 2957
3 2962 2960 2961
3 2958 2965 2967
3 2968 2969 2961
3 2959 2965 2958
3 2970 2966 2959
3 2957 2966 2970
3 2973 2972 2965
3 2975 2973 2964
3 2967 2911 2976
3 2974 2972 2973
3 2965 2964 2973
3 2967 2965 2972
3 2956 2740 2949
3 2966 2965 2959
3 2970 2962 2944
3 2944 2957 2970
3 2966 2964 2965
3 2963 2944 2943
3 2963 2943 2956
3 2957 2964 2966
3 2975 2964 2949
3 2963 2956 2964
3 2956 2949 2964
3 2944 2963 2957
3 2970 2959 2962
3 2959 2958 2960
3 2893 2926 2982
3 2928 2980 2982
3 2928 2599 2977
3 2985 2977 2986
3 2958 2987 2960
3 2980 2928 2977
3 2988 2980 2983
3 2980 2981 2982
3 2989 2980 2977
3 2981 2893 2982
3 2944 2971 2953
3 2961 2971 2962
3 2981 2988 2990
3 2988 2983 2978
3 2982 2926 2928
3 2986 2977 2599
3 2979 2978 2983
3 2960 2987 2979
3 2919 2599 2928
3 2958 2967 2987
3 2926 2893 2903
3 2987 2967 2976
3 2979 2968 2960
3 2956 2941 2740
3 2978 2979 2987
3 2898 2981 2910
3 2989 2983 2980
3 2962 2959 2960
3 2971 2944 2962
3 2910 2981 2990
3 2981 2980 2988
3 2981 2898 2893
3 2993 2975 2994
3 2772 2776 3000
3 2911 2992 2976
3 2976 2990 2978
3 2976 3001 2990
3 3000 2776 2755
3 2995 2911 2967
3 2992 3001 2976
3 3000 2996 2993
3 2998 2897 2999
3 2998 2849 2897
3 2888 2995 2996
3 2996 2995 2993
3 2997 2974 2975
3 2974 2997 2995
3 2998 2996 2748
3 2998 2999 2996
3 2911 2995 2888
3 2999 2897 2883
3 2748 2849 2998
3 2748 3000 2755
3 2975 2974 2973
3 2748 2996 3000
3 2999 2883 2888
3 2995 2997 2993
3 2776 2746 2755
3 2911 2888 2887
3 2888 2996 2999
3 2974 2995 2972
3 2990 3001 2910
3 2910 3001 2905
3 3000 3002 2772
3 2725 2726 2948
3 2949 2948 2726
3 3002 3000 2993
3 3002 2993 2735
3 2949 2994 2975
3 2990 2988 2978
3 2997 2975 2993
3 2887 2905 2992
3 2773 2772 2731
3 2887 2992 2911
3 2967 2972 2995
3 2993 2994 2735
3 2726 2735 2994
3 2987 2976 2978
3 2992 2905 3001
3 2898 2910 2905
3 2772 3002 2735
3 2812 2849 2748
3 2726 2994 2949
3 3003 2601 3004
3 3010 3009 3012
3 3013 3015 3014
3 3010 3018 3004
3 3013 3020 3007
3 3004 3018 3003
3 3013 3007 3006
3 3011 3012 3009
3 3020 3022 3021
3 3017 3022 3014
3 3023 3020 3021
3 3016 3022 3017
3 3027 3015 3013
3 3018 3012 3015
3 3022 3013 3014
3 3027 3018 3015
3 3008 3004 3019
3 3008 3010 3004
3 3004 3028 3019
3 3008 3024 3010
3 3024 3025 3009
3 3024 3009 3010
3 3029 3026 3030
3 3026 3009 3025
3 3030 3026 3025
3 3014 3015 3011
3 3005 3008 3019
3 3016 3021 3022
3 3011 3017 3014
3 3011 3015 3012
3 3022 3020 3013
3 3028 3004 2601
3 3010 3012 3018
3 2046 3038 3036
3 3033 3027 3037
3 2588 3040 2590
3 3042 3043 3027
3 3037 2590 3034
3 2046 2026 3039
3 3037 3034 3033
3 3033 3034 3044
3 3033 3003 3027
3 3044 3003 3033
3 2043 3036 2045
3 2591 2590 3040
3 3036 2043 2046
3 3039 2026 2019
3 3046 3035 3047
3 3050 3039 3048
3 3051 3048 3049
3 3048 2006 3049
3 2014 2013 2019
3 2006 3048 2013
3 3050 3038 3039
3 3038 2046 3039
3 3047 3051 3049
3 2588 3047 3049
3 3053 3047 2588
3 3027 3054 3037
3 3035 3051 3047
3 2588 2590 3037
3 3053 3046 3047
3 2013 3045 2006
3 2387 2591 2388
3 3040 2006 3045
3 3040 3045 2591
3 2588 2006 3040
3 3045 2020 2388
3 3039 2019 3048
3 2388 2020 2383
3 2388 2591 3045
3 2019 2013 3048
3 2020 3045 2013
3 3049 2006 2588
3 3027 3013 3042
3 3054 3027 3043
3 3042 3013 3006
3 3053 3037 3043
3 3054 3043 3037
3 3042 3035 3046
3 3042 3046 3043
3 3027 3003 3018
3 3053 2588 3037
3 2388 2383 2385
3 3046 3053 3043
3 3060 3061 3062
3 3062 3061 3005
3 3067 3069 3068
3 3073 3071 3074
3 3076 3071 3073
3 3072 3064 3069
3 3071 3063 3077
3 3067 3079 3078
3 3059 3076 3078
3 3055 3060 3075
3 3075 3059 3080
3 3067 3072 3069
3 3078 3079 3070
3 3072 3078 3076
3 3060 3055 3061
3 3060 3063 3075
3 3070 3059 3078
3 3064 3076 3073
3 3069 3064 3081
3 3083 3062 3019
3 3058 3059 3070
3 3072 3067 3078
3 3082 3061 3084
3 3063 3071 3076
3 3073 3065 3064
3 3064 3065 3081
3 3064 3072 3076
3 3019 3062 3005
3 3059 3075 3063
3 3075 3080 3055
3 3059 3063 3076
3 3060 3062 3066
3 3085 3087 3086
3 3088 3084 3089
3 3089 3061 3090
3 3090 3055 3080
3 3089 3086 3091
3 3005 3061 3082
3 3090 3061 3055
3 3088 3091 3092
3 3085 3089 3090
3 3094 3086 3087
3 3056 3095 3057
3 3057 3087 3085
3 3057 3085 3080
3 3095 3087 3057
3 3095 3094 3087
3 3089 3091 3088
3 3085 3090 3080
3 3089 3085 3086
3 3080 3059 3058
3 3057 3080 3058
3 3062 3083 3096
3 3062 3093 3066
3 3093 3062 3096
3 3065 3073 3097
3 3074 3077 3093
3 3063 3066 3077
3 3019 3028 3083
3 3089 3084 3061
3 3077 3066 3093
3 3097 3073 3074
3 3071 3077 3074
3 3093 3098 3074
3 2601 3032 3028
3 3031 3032 2601
3 3098 3100 3097
3 2593 3034 2589
3 3031 2601 3003
3 3031 2593 3032
3 3100 3099 3101
3 3098 3097 3074
3 3100 3098 3099
3 3034 2590 2589
3 3104 3103 3105
3 3103 3106 3107
3 2593 3031 3044
3 2374 3099 2592
3 3105 3081 3104
3 3065 3104 3081
3 3100 3104 3065
3 3065 3097 3100
3 2593 3044 3034
3 3102 3101 3099
3 3101 3104 3100
3 3044 3031 3003
3 3028 3032 3083
3 3102 3106 3103
3 3102 3103 3101
3 3101 3103 3104
3 3105 3103 3107
3 3032 3096 3083
3 2380 2379 2592
3 2592 3098 3096
3 3032 2594 3096
3 2594 2592 3096
3 2380 2593 2589
3 3096 3098 3093
3 2593 2594 3032
3 2374 2592 2379
3 3099 3098 2592
3 3038 3112 3036
3 3115 2045 3113
3 3117 3110 3114
3 3108 3110 3109
3 3108 3050 3052
3 2411 2409 3119
3 3111 3123 3114
3 3108 3052 3120
3 3108 3111 3110
3 2045 3036 3113
3 3122 3112 3110
3 3109 3038 3050
3 3109 3118 3038
3 3114 3110 3111
3 3118 3110 3112
3 3116 3115 3119
3 3124 3119 3121
3 2411 3119 3115
3 3125 3116 3124
3 3116 3119 3124
3 3121 3119 2414
3 3127 3121 3126
3 3126 3121 2414
3 3127 3124 3121
3 3119 2409 2414
3 3113 3122 2415
3 2045 2052 2027
3 3113 3112 3122
3 2045 3115 2052
3 3115 3116 2052
3 3113 2411 3115
3 3117 3122 3110
3 3113 3036 3112
3 2411 3113 2415
3 3110 3118 3109
3 3112 3038 3118
3 3108 3109 3050
3 3128 3132 3131
3 3135 3137 3136
3 2407 3128 2414
3 3133 3131 3132
3 340 3130 330
3 3128 3131 2414
3 597 3139 3133
3 3138 3130 3129
3 2406 3128 2407
3 2404 2412 3141
3 3142 3134 3143
3 3140 3141 3134
3 3140 3142 3144
3 3138 3140 3130
3 3141 3138 2406
3 3145 3143 3134
3 3145 3141 2412
3 3128 3138 3129
3 3140 3138 3141
3 3141 2406 2404
3 3142 3140 3134
3 3126 3136 3127
3 340 3129 3130
3 594 3132 340
3 3131 3126 2414
3 3127 3136 3137
3 3133 3126 3131
3 3133 3136 3126
3 3132 3128 3129
3 3139 3136 3133
3 339 328 330
3 3130 339 330
3 3138 3128 2406
3 3145 3134 3141
3 3129 340 3132
3 594 597 3132
3 3132 597 3133
3 330 328 336
3 3130 3140 339
3 424 596 3148
3 595 441 433
3 596 3150 3148
3 433 3151 595
3 595 3151 3139
3 3152 3148 3149
3 3148 3150 3149
3 3149 3153 3152
3 433 3148 3151
3 595 3139 597
3 3151 3146 3139
3 3125 3124 3137
3 3137 3124 3127
3 3151 3152 3147
3 3151 3147 3146
3 424 3148 433
3 3116 2051 2052
3 3125 2051 3116
3 3136 3139 3146
3 3125 3137 3154
3 3157 3158 3135
3 3160 3147 3152
3 3157 3135 3147
3 3146 3147 3135
3 3156 539 538
3 2272 2394 2266
3 2394 554 552
3 3147 3160 3157
3 3159 2394 3161
3 3125 3154 2051
3 2272 2054 2393
3 3155 3161 3158
3 3161 2272 2393
3 3135 3158 3137
3 3150 596 589
3 3154 3158 2393
3 3150 588 3149
3 588 3150 589
3 3151 3148 3152
3 3154 3137 3158
3 3161 2393 3158
3 2051 3154 2393
3 2393 2054 2392
3 3135 3136 3146
3 2272 3161 2394
3 3157 3155 3158
3 3162 3163 3164
3 3165 3166 3167
3 3171 3164 3163
3 3173 3174 3175
3 3172 3174 3173
3 3170 3163 3169
3 3177 3165 3167
3 3166 3171 3167
3 3168 3163 3170
3 2426 3169 2866
3 2425 2426 2866
3 3163 3162 3169
3 3178 3169 3162
3 2866 3169 3176
3 3169 3178 3176
3 3180 3181 3182
3 3183 3181 3174
3 3174 3181 3180
3 3180 3175 3174
3 3176 3180 2866
3 3175 3180 3176
3 3180 3182 2866
3 3171 3185 3164
3 3164 3185 3184
3 3164 3184 3162
3 3171 3166 3185
3 3166 3186 3185
3 3177 3167 3163
3 3167 3171 3163
3 3187 3169 2426
3 3187 3170 3169
3 3190 3189 3194
3 3185 3196 3184
3 357 3197 360
3 3186 3166 3195
3 3198 3200 3199
3 3202 3178 3162
3 3193 3192 3195
3 3201 3195 3197
3 3186 3191 3196
3 3186 3196 3185
3 3195 3165 3193
3 3204 3201 3197
3 3195 3166 3165
3 3194 3196 3191
3 3173 3200 3172
3 3198 3183 3172
3 3162 3184 3203
3 3209 3211 3210
3 3190 3194 3191
3 3179 3202 3207
3 3193 3211 3213
3 3209 3212 3211
3 3177 3168 3214
3 3211 3212 3213
3 3203 3194 3202
3 3211 3214 3210
3 3207 3194 3189
3 3193 3177 3214
3 3197 357 352
3 3183 3174 3172
3 3206 328 339
3 3217 3216 3218
3 352 3206 3204
3 3189 3190 3199
3 3204 3206 3215
3 3217 3215 3216
3 339 3215 3206
3 3219 3175 3176
3 328 3206 352
3 3144 3216 3215
3 3179 3178 3202
3 3197 352 3204
3 3198 3172 3200
3 3207 3202 3194
3 3203 3184 3196
3 360 3197 3192
3 3197 3195 3192
3 3189 3199 3200
3 3220 3200 3175
3 3215 339 3144
3 3179 3219 3178
3 3205 3199 3190
3 3179 3189 3220
3 3179 3220 3219
3 3201 3204 3215
3 3203 3202 3162
3 3178 3219 3176
3 3207 3189 3179
3 3189 3200 3220
3 3205 3198 3199
3 3223 3191 3217
3 3186 3217 3191
3 3218 3216 3143
3 3143 3216 3142
3 3170 3208 3168
3 3218 3205 3190
3 3193 3214 3211
3 3210 3168 3208
3 3225 3222 3221
3 3209 3210 3208
3 3213 3192 3193
3 3223 3217 3218
3 3217 3195 3201
3 3168 3210 3214
3 3215 3217 3201
3 3223 3218 3190
3 3217 3186 3195
3 3190 3191 3223
3 3142 3216 3144
3 3173 3175 3200
3 3203 3196 3194
3 3220 3175 3219
3 3177 3163 3168
3 3193 3165 3177
3 3226 3221 3224
3 3218 3221 3222
3 3144 339 3140
3 3224 3221 3218
3 3227 3229 3228
3 2421 2420 3227
3 3228 2425 2470
3 2422 2471 3230
3 2422 3230 2420
3 2466 2421 3228
3 2421 3227 3228
3 2471 2476 3231
3 2468 2476 2471
3 3229 2471 3231
3 2423 3231 2478
3 3230 3229 3227
3 2471 3229 3230
3 2420 3230 3227
3 2478 3231 2476
3 2423 2424 3231
3 2424 2426 2425
3 3228 3229 2425
3 2425 3231 2424
3 3229 3231 2425
3 3228 2470 2466
3 2425 2627 2470
3 2461 2458 2627
3 2470 2627 2458
3 2458 2466 2470
3 2458 2462 2466
3 2627 2425 2866
3 3235 3237 3236
3 3240 3241 3238
3 3245 3246 3240
3 3182 3247 3233
3 3240 3248 3241
3 3249 3241 3248
3 3250 3252 3251
3 3246 3253 3240
3 3233 3247 3234
3 3246 3245 3235
3 3255 3254 3238
3 2939 2938 3239
3 3235 3236 3244
3 2937 2936 3258
3 3261 3258 2936
3 3258 3244 2924
3 3252 3262 3260
3 3252 3243 3251
3 3234 3248 3253
3 3263 3237 3245
3 3264 3253 3246
3 3265 3264 3251
3 3251 3264 3250
3 3246 3262 3250
3 3247 3249 3234
3 3245 3238 3263
3 3266 2939 3239
3 3265 3232 3233
3 3248 3240 3253
3 3250 3262 3252
3 3264 3246 3250
3 2938 3257 3239
3 3262 3246 3235
3 3235 3245 3237
3 3238 3245 3240
3 3266 2598 2939
3 2866 3233 3232
3 3264 3233 3234
3 3267 3266 3239
3 3265 3233 3264
3 2931 2937 2935
3 3260 3262 3259
3 3257 3244 3236
3 3232 3265 3251
3 2924 3244 3257
3 3257 2938 2924
3 3243 3232 3251
3 3261 3259 3258
3 2940 3243 3242
3 3242 3260 3259
3 2940 3242 3261
3 3261 3242 3259
3 3242 3243 3252
3 3242 3252 3260
3 3249 3256 3241
3 3234 3249 3248
3 2899 3232 3243
3 3241 3255 3238
3 3243 2933 2899
3 3239 3257 3236
3 3247 3256 3249
3 3259 3235 3244
3 2935 3258 2924
3 3261 2936 2940
3 2940 2933 3243
3 3262 3235 3259
3 3258 2935 2937
3 2932 2940 2936
3 3259 3244 3258
3 3264 3234 3253
3 2899 2866 3232
3 3275 3271 3226
3 3275 3274 3271
3 3218 3143 3224
3 3276 2413 2396
3 3218 3222 3205
3 3276 2412 2413
3 3268 3205 3222
3 3226 3225 3221
3 3278 3277 3274
3 3268 3222 3225
3 3181 3183 3256
3 3238 3270 3263
3 2866 3182 3233
3 3238 3254 3270
3 3182 3181 3247
3 3181 3256 3247
3 3239 3236 3237
3 3273 3239 3272
3 3183 3255 3241
3 3270 3254 3268
3 3237 3272 3239
3 3183 3241 3256
3 3198 3254 3183
3 3255 3183 3254
3 3268 3254 3198
3 3268 3198 3205
3 3239 3273 3267
3 3268 3225 3270
3 3237 3263 3272
3 3269 3270 3225
3 3225 3271 3269
3 3275 2396 2397
3 3224 3145 3276
3 3226 3224 3276
3 3270 3269 3273
3 3275 3226 3276
3 3263 3270 3272
3 3275 3276 2396
3 3272 3270 3273
3 3274 2397 2398
3 3274 3277 3269
3 3273 3269 3277
3 3271 3274 3269
3 3275 2397 3274
3 3143 3145 3224
3 3145 2412 3276
3 3225 3226 3271
3 3279 3281 3280
3 3283 3284 3023
3 3288 3120 3289
3 3021 3283 3023
3 3120 3279 3108
3 3035 3291 3051
3 3279 3280 3111
3 3051 3052 3048
3 3050 3048 3052
3 3035 3041 3291
3 3289 3041 3286
3 3108 3279 3111
3 3284 3295 3294
3 3288 3279 3120
3 3297 3006 3007
3 3296 3120 3052
3 3023 3297 3007
3 3289 3120 3296
3 3293 3281 3286
3 3283 3295 3284
3 3297 3041 3006
3 3282 3285 3023
3 3023 3285 3297
3 3285 3286 3297
3 3291 3052 3051
3 3291 3041 3296
3 3006 3035 3042
3 3006 3041 3035
3 3291 3296 3052
3 3297 3286 3041
3 3284 3282 3023
3 3290 3282 3287
3 3290 3285 3282
3 3288 3286 3281
3 3289 3296 3041
3 3290 3293 3285
3 3288 3281 3279
3 3285 3293 3286
3 3289 3286 3288
3 3023 3007 3020
3 3300 3301 3123
3 3274 2398 3278
3 3266 3305 2600
3 3298 3303 3307
3 2405 3123 3301
3 3293 3304 3281
3 3299 2400 3300
3 3305 3307 3303
3 3299 3280 3304
3 3308 3309 3290
3 3306 2400 3299
3 2400 3306 3278
3 3267 3305 3266
3 3300 3111 3280
3 3309 3299 3304
3 3298 3306 3299
3 3302 3306 3307
3 3303 2600 3305
3 3277 3278 3302
3 3280 3281 3304
3 2399 2400 2398
3 3309 3304 3290
3 3266 2600 2595
3 3311 3312 2600
3 2939 2598 2918
3 3313 2596 3312
3 3311 2600 3303
3 2596 2600 3312
3 3266 2595 2598
3 3300 3123 3111
3 3299 3300 3280
3 2402 2403 2416
3 3302 3278 3306
3 3301 2399 2405
3 3300 2400 3301
3 3301 2400 2399
3 3310 3303 3298
3 3307 3306 3298
3 3277 3302 3267
3 3298 3299 3309
3 3302 3307 3267
3 3293 3290 3304
3 3267 3307 3305
3 3278 2398 2400
3 3114 3123 2416
3 2416 2415 3117
3 3122 3117 2415
3 3117 3114 2416
3 2405 2402 2416
3 2405 2416 3123
3 3277 3267 3273
3 3295 3314 3315
3 3317 2985 3315
3 3282 3284 3287
3 3294 3315 2985
3 3294 3287 3284
3 3292 3314 3295
3 3283 3021 3292
3 3295 3315 3294
3 3287 3294 3318
3 3283 3292 3295
3 2983 2984 2979
3 3315 3319 2984
3 2599 2596 2986
3 3319 2969 2968
3 3308 3311 3310
3 3320 3287 3318
3 3313 3320 3318
3 3287 3308 3290
3 2979 3319 2968
3 2968 2961 2960
3 3313 2986 2596
3 2977 2985 2989
3 2989 3317 2983
3 3315 2984 3317
3 3317 2984 2983
3 2984 3319 2979
3 3292 3021 3322
3 3319 3315 3321
3 3316 3292 3322
3 3314 3292 3321
3 2969 3319 3321
3 3321 3315 3314
3 3321 3292 3316
3 3313 3318 2986
3 3320 3308 3287
3 2599 2919 2597
3 3303 3310 3311
3 3308 3310 3298
3 3312 3311 3308
3 3312 3320 3313
3 2985 3317 2989
3 3318 3294 2985
3 3320 3312 3308
3 3318 2985 2986
3 3298 3309 3308
3 726 3323 729
3 3324 3325 3323
3 3328 3329 3327
3 3332 3329 3328
3 3323 3328 729
3 3325 3328 3323
3 731 732 3327
3 3327 732 3328
3 3327 3331 3333
3 3327 3329 3331
3 3328 3325 3332
3 732 729 3328
3 731 3330 728
3 731 3327 3330
3 3334 3335 3336
3 3343 3341 3342
3 3335 2565 3339
3 2565 3335 2559
3 2565 3343 3339
3 3335 3334 2559
3 2517 2559 3334
3 3336 3344 3334
3 3336 3338 3337
3 3339 3338 3335
3 2563 2560 2559
3 3344 2517 3334
3 3345 2566 3341
3 2566 3345 2565
3 3345 3341 3343
3 3338 3339 3343
3 3337 3338 3343
3 3337 3346 3344
3 3343 2565 3345
3 3346 3337 3343
3 3348 3349 3340
3 3342 3350 3340
3 3340 3350 3347
3 3336 3335 3338
3 3337 3344 3336
3 3342 3346 3343
3 3346 3342 3344
3 3340 3344 3342
3 3340 3347 3348
3 3354 3355 3356
3 3361 3362 3359
3 3363 3367 3364
3 2587 3360 3353
3 3359 3360 2585
3 3364 3367 3368
3 3369 3363 3358
3 3370 3371 3366
3 3361 3372 3370
3 3370 3372 3371
3 3367 3360 3359
3 3373 3372 3357
3 3360 3369 3353
3 2585 3360 2587
3 3362 3370 3368
3 3359 3362 3367
3 3367 3363 3369
3 3365 3352 3355
3 3354 3376 3355
3 3351 3368 3366
3 3358 3365 3369
3 3367 3369 3360
3 3376 3353 3355
3 3365 3353 3369
3 2522 3361 3359
3 3376 2587 3353
3 3365 3355 3353
3 2584 2587 3376
3 3371 3375 3366
3 3361 3370 3362
3 3361 3357 3372
3 3374 2584 3376
3 3376 3377 3374
3 3376 3354 3377
3 3374 2586 2584
3 3366 3368 3370
3 3359 2521 2522
3 2521 3359 2585
3 3362 3368 3367
3 3371 3378 3375
3 3380 3379 3382
3 3357 3383 3382
3 3384 3382 3383
3 2517 2516 2513
3 3383 3386 3385
3 3379 3380 3342
3 3350 3380 3388
3 3350 3342 3380
3 3388 3347 3350
3 3379 3342 3341
3 3390 3386 2518
3 3391 3393 3392
3 2517 3390 2518
3 2518 3383 2522
3 3392 3393 3348
3 3389 3349 3390
3 3383 2518 3386
3 789 3357 3379
3 3361 2522 3357
3 3394 3387 3385
3 3391 3394 3385
3 3349 3393 3390
3 2517 3344 3389
3 2517 3389 3390
3 3340 3389 3344
3 3348 3393 3349
3 3391 3386 3393
3 3340 3349 3389
3 2522 3383 3357
3 3391 3385 3386
3 3390 3393 3386
3 3392 3348 3347
3 3391 3392 3394
3 3388 3387 3394
3 3380 3382 3387
3 3388 3392 3347
3 3388 3394 3392
3 3379 3357 3382
3 3385 3387 3384
3 3383 3385 3384
3 3387 3382 3384
3 3380 3387 3388
3 3403 3404 3401
3 3399 926 3405
3 925 961 926
3 3405 926 961
3 925 946 961
3 3406 3404 3403
3 3399 3398 3400
3 3399 3400 926
3 3397 3401 3404
3 959 83 84
3 3414 3415 3416
3 3410 3409 3418
3 3406 3403 3419
3 3419 3420 3406
3 3415 3421 3422
3 3398 3419 3403
3 3419 3398 3424
3 3419 3423 3420
3 3407 3405 961
3 3420 3423 3426
3 3396 3404 3406
3 3420 3426 3406
3 3419 3424 3423
3 3410 3418 3423
3 3408 3410 3424
3 959 956 951
3 946 956 961
3 3408 3399 3405
3 3408 3424 3399
3 3416 3422 3429
3 3414 3413 3411
3 3424 3398 3399
3 3416 3415 3422
3 3409 3411 3412
3 3405 3428 3408
3 3407 3428 3405
3 3424 3410 3423
3 3411 3428 3415
3 3409 3412 3425
3 3411 3415 3414
3 3411 3413 3412
3 3428 3411 3408
3 3410 3411 3409
3 3408 3411 3410
3 3414 3416 3417
3 3422 3421 3430
3 3416 3429 3417
3 3436 3433 3427
3 3437 3438 646
3 3442 659 3443
3 3431 959 3437
3 3444 3445 3436
3 3433 3436 3445
3 643 3444 3439
3 961 956 3431
3 961 3431 3427
3 80 76 960
3 656 3446 652
3 3442 3443 3433
3 3447 3449 3450
3 3443 3451 3449
3 659 3448 3443
3 3448 658 660
3 3439 3444 3436
3 3448 659 658
3 658 657 660
3 3443 3448 3451
3 3437 3439 3441
3 3438 631 646
3 646 643 3439
3 3446 3435 3444
3 3446 659 3435
3 3439 3436 3441
3 3436 3427 3441
3 3447 3450 3433
3 3433 3443 3447
3 659 656 658
3 643 3446 3444
3 3435 659 3442
3 3435 3442 3433
3 656 659 3446
3 3437 3434 3438
3 660 655 3452
3 3427 3431 3441
3 3453 3434 84
3 3444 3435 3445
3 3435 3433 3445
3 3431 3437 3441
3 3437 646 3439
3 3427 3433 3432
3 3450 3449 3454
3 3437 959 3434
3 3453 642 82
3 3453 630 3438
3 3446 640 652
3 3433 3450 3432
3 82 639 3453
3 3431 956 959
3 960 952 957
3 952 84 83
3 642 3453 84
3 3443 3449 3447
3 630 631 3438
3 3446 643 640
3 3453 3438 3434
3 960 84 952
3 642 636 82
3 960 642 84
3 76 642 960
3 639 630 3453
3 84 3434 959
3 961 3427 3432
3 3432 3407 961
3 3407 3432 2430
3 2430 3421 3407
3 3374 3455 2430
3 3457 2430 3432
3 2430 3455 3421
3 3460 3422 3430
3 3458 3465 3377
3 3354 3458 3377
3 3458 3459 3465
3 3461 3463 3459
3 2427 2586 3374
3 2427 3374 2430
3 3465 3463 3464
3 3356 3458 3354
3 3374 3465 3455
3 3465 3464 3455
3 3374 3377 3465
3 3428 3407 3415
3 3407 3421 3415
3 3458 3462 3459
3 3430 3464 3463
3 3421 3464 3430
3 3421 3455 3464
3 3463 3465 3459
3 602 654 633
3 3470 3476 359
3 3477 3470 359
3 3469 3466 3471
3 3473 3475 3476
3 3466 3469 3474
3 655 653 3475
3 3451 3481 3480
3 3474 3478 3466
3 355 356 359
3 406 353 3468
3 3471 3481 3452
3 356 3477 359
3 602 601 654
3 3473 3476 3470
3 411 406 3468
3 3474 3470 3477
3 3475 3473 655
3 3474 3469 3470
3 3469 3473 3470
3 3452 655 3473
3 411 3468 599
3 3479 3482 3478
3 3469 3452 3473
3 359 3476 354
3 601 599 3472
3 366 355 353
3 599 3468 3472
3 3469 3471 3452
3 3477 3479 3478
3 3477 356 3479
3 3468 354 3472
3 3472 3476 3475
3 354 3476 3472
3 654 601 3475
3 3472 3475 601
3 3471 3466 3467
3 3478 3474 3477
3 653 654 3475
3 3468 353 354
3 3485 3484 3486
3 3491 3485 3492
3 3492 3495 3496
3 3482 3479 3488
3 356 3489 3479
3 3482 3488 3491
3 3498 3501 3487
3 3452 3481 660
3 3494 3454 3449
3 3501 3467 3466
3 3505 3209 3208
3 3500 3499 3494
3 3187 3432 3497
3 3432 3187 3440
3 3471 3467 3481
3 3494 3449 3480
3 3481 3467 3480
3 350 361 3503
3 3486 3506 3492
3 3478 3501 3466
3 3212 3486 3213
3 3506 3502 3492
3 3490 3493 3187
3 3448 660 3451
3 3500 3498 3499
3 3494 3499 3454
3 3187 3497 3490
3 3488 3485 3491
3 3487 3501 3483
3 3506 3486 3212
3 3450 3454 3499
3 3483 3496 3487
3 3488 3479 3489
3 3493 3505 3208
3 3499 3497 3450
3 3499 3498 3497
3 3494 3480 3467
3 3482 3491 3483
3 3213 3484 3504
3 3484 3213 3486
3 3502 3495 3492
3 3498 3490 3497
3 3493 3170 3187
3 3209 3505 3506
3 3485 3486 3492
3 3483 3501 3478
3 3192 3213 3504
3 3500 3494 3467
3 3170 3493 3208
3 3450 3497 3432
3 3485 3488 3484
3 3502 3493 3495
3 358 349 363
3 3500 3467 3501
3 3507 3484 3503
3 3495 3490 3487
3 3498 3487 3490
3 3493 3502 3505
3 3483 3478 3482
3 3493 3490 3495
3 3488 3489 3484
3 3503 360 3507
3 3451 3480 3449
3 3192 3504 360
3 3507 360 3504
3 3484 3507 3504
3 3492 3483 3491
3 3505 3502 3506
3 3209 3506 3212
3 3500 3501 3498
3 660 3481 3451
3 3503 3489 362
3 3440 3187 3188
3 360 361 357
3 3503 362 350
3 363 362 3489
3 3483 3492 3496
3 361 360 3503
3 3484 3489 3503
3 356 363 3489
3 3496 3495 3487
3 3509 3510 3508
3 3514 3513 3516
3 3517 3515 3518
3 3457 3517 3518
3 3515 3522 3514
3 3513 3514 3522
3 3524 3511 3508
3 3511 3188 3508
3 3510 3524 3508
3 3515 3517 3522
3 3525 3523 3512
3 3517 3440 3522
3 3509 3523 3510
3 2426 2424 3508
3 3188 3187 2426
3 3513 3519 3516
3 3513 3512 3519
3 2424 3509 3508
3 3440 3520 3512
3 3440 3457 3432
3 3520 3440 3188
3 3520 3525 3512
3 3457 3518 3521
3 3511 3524 3525
3 2429 2424 2423
3 3520 3188 3511
3 3512 3522 3440
3 3456 3457 3521
3 3517 3457 3440
3 3188 2426 3508
3 3513 3522 3512
3 3523 3525 3510
3 2424 2454 3509
3 3525 3524 3510
3 3520 3511 3525
3 3526 3456 3527
3 3530 3518 3515
3 3532 3526 3527
3 3527 3531 3532
3 3519 3533 3528
3 3533 3509 3529
3 3457 3456 2430
3 3509 2454 3529
3 3519 3528 3535
3 3527 3521 3531
3 2429 2430 3456
3 3532 3534 3536
3 3534 3529 2454
3 2429 3536 2454
3 3516 3519 3535
3 3521 3527 3456
3 3532 3536 3526
3 3456 3526 2429
3 2429 2451 2445
3 3528 3529 3534
3 3536 3534 2454
3 3536 2429 3526
3 3514 3535 3515
3 3515 3531 3530
3 3535 3528 3534
3 3533 3512 3509
3 3528 3533 3529
3 3531 3534 3532
3 3514 3516 3535
3 3530 3531 3521
3 3519 3512 3533
3 3535 3531 3515
3 3521 3518 3530
3 3531 3535 3534
3 3523 3509 3512
3 3538 3540 3539
3 3541 3540 3542
3 3543 3544 3552
3 3547 3556 3549
3 3543 3548 3554
3 3555 3562 3559
3 3552 3544 3545
3 3556 3544 3559
3 3547 3539 3551
3 3553 3547 3549
3 3556 3559 3558
3 3548 3555 3559
3 3566 3541 3561
3 3566 3563 3567
3 3541 3566 3552
3 3569 3563 3561
3 3555 3548 3537
3 3553 3549 3565
3 3558 3562 3564
3 3544 3543 3554
3 3556 3558 3549
3 3559 3562 3558
3 3563 3566 3561
3 3560 3567 3563
3 3542 3561 3541
3 3542 3570 3561
3 3552 3545 3540
3 3545 3556 3551
3 3544 3556 3545
3 3566 3543 3552
3 3539 3547 3550
3 3566 3557 3543
3 3540 3538 3572
3 3549 3558 3565
3 3551 3556 3547
3 3539 3540 3551
3 3545 3551 3540
3 3544 3554 3559
3 3559 3554 3548
3 3541 3552 3540
3 3575 3574 3576
3 3539 3578 3538
3 3575 3573 3574
3 3580 3579 3581
3 3582 3578 3577
3 3579 3585 3586
3 3587 3588 3589
3 3574 3583 3579
3 3572 3586 3585
3 3577 3539 3550
3 3565 3558 3564
3 3594 3553 3565
3 3594 3565 3595
3 3594 3589 3588
3 3574 3573 3583
3 3553 3594 3588
3 3575 3592 3573
3 3583 3585 3579
3 3591 3583 3584
3 3571 3583 3591
3 3573 3584 3583
3 3581 3579 3586
3 3581 3590 3580
3 3571 3585 3583
3 3578 3582 3586
3 3597 3577 3599
3 3590 3597 3598
3 3585 3571 3570
3 3572 3570 3542
3 3595 3565 3564
3 3601 3577 3550
3 3572 3578 3586
3 3577 3601 3599
3 3597 3581 3582
3 3590 3581 3597
3 3602 3597 3599
3 3590 3603 3593
3 3576 3580 3604
3 3579 3580 3576
3 3590 3604 3580
3 3574 3579 3576
3 3586 3582 3581
3 3550 3547 3553
3 3601 3550 3587
3 3588 3587 3553
3 3577 3578 3539
3 3578 3572 3538
3 3587 3550 3553
3 3600 3601 3587
3 3582 3577 3597
3 3572 3542 3540
3 3572 3585 3570
3 3613 3614 3373
3 3357 926 3612
3 3615 3611 3616
3 3611 3613 3373
3 3613 3378 3614
3 3378 3617 3609
3 3610 3613 3611
3 3605 3615 3616
3 3612 3611 3373
3 3613 3608 3617
3 3613 3617 3378
3 3371 3372 3614
3 3403 3401 3605
3 3403 3605 3398
3 3373 3614 3372
3 3357 3612 3373
3 3607 3619 3618
3 3606 944 3620
3 3621 3622 3623
3 3606 3607 3618
3 923 3621 3623
3 3625 3621 918
3 918 789 3625
3 770 792 782
3 3607 3622 3626
3 928 918 3621
3 792 942 943
3 3621 3625 3622
3 923 928 3621
3 3622 3620 3623
3 3620 944 3623
3 792 3606 3624
3 3620 3607 3606
3 792 770 942
3 913 928 920
3 3607 3620 3622
3 3371 3614 3378
3 3606 943 944
3 913 918 928
3 3606 792 943
3 3622 3625 3626
3 3615 3401 3402
3 3612 3616 3611
3 3605 3616 3400
3 3615 3610 3611
3 3612 926 3400
3 3612 3400 3616
3 791 792 3624
3 3400 3398 3605
3 3605 3401 3615
3 3357 918 926
3 942 770 753
3 936 3623 945
3 927 920 923
3 944 945 3623
3 927 923 936
3 936 923 3623
3 920 928 923
3 3631 3395 3381
3 3618 3619 3630
3 3628 3633 3632
3 3626 3630 3619
3 3379 3395 789
3 3632 3633 3630
3 3630 788 3632
3 3626 3625 788
3 3624 3606 3618
3 3395 3632 789
3 3632 788 789
3 3624 3618 791
3 780 790 3627
3 3628 3632 3636
3 790 3628 3627
3 3629 3634 3638
3 780 3627 785
3 3629 3628 3634
3 3628 790 3637
3 3636 3632 3395
3 3629 787 3627
3 3618 3637 790
3 3637 3630 3633
3 3628 3629 3627
3 3634 3636 3635
3 791 790 780
3 3626 3619 3607
3 3379 3381 3395
3 3634 3628 3636
3 3630 3637 3618
3 788 3625 789
3 789 918 3357
3 3640 3635 3636
3 3639 3638 3634
3 3640 3636 3395
3 3631 3640 3395
3 791 3618 790
3 3635 3639 3634
3 788 3630 3626
3 3628 3637 3633
3 3643 3645 3644
3 3644 3645 3649
3 3651 3652 3646
3 3651 3646 3645
3 3648 3657 3643
3 3330 3641 3647
3 3333 3326 3327
3 3655 3654 3648
3 3653 3654 3642
3 3641 3330 3326
3 3657 3648 3656
3 3647 3659 733
3 3333 3655 3641
3 3649 3645 3646
3 3660 3654 3653
3 3642 3654 3655
3 3641 3326 3333
3 3655 3648 3647
3 3330 3647 733
3 733 728 3330
3 3330 3327 3326
3 3661 3659 3662
3 3655 3333 3642
3 3648 3643 3650
3 3662 3659 3650
3 3663 3664 3649
3 3662 3650 3643
3 735 733 3659
3 3650 3659 3647
3 3643 3644 3662
3 3664 3644 3649
3 3646 3658 3649
3 3651 3645 3656
3 3645 3657 3656
3 3657 3645 3643
3 3648 3650 3647
3 3641 3655 3647
3 3656 3648 3660
3 3642 3333 3667
3 3672 3673 3669
3 3656 3660 3651
3 3670 3672 3669
3 3325 3324 3666
3 3333 3331 3667
3 3670 3669 3666
3 3670 3671 3672
3 3670 3666 3324
3 3332 3325 3666
3 3670 3324 3674
3 3671 3670 3674
3 3676 3675 3595
3 3564 3678 3676
3 3562 3679 3564
3 3555 3652 3679
3 3595 3564 3676
3 3685 3686 3684
3 3690 3687 3689
3 3675 3680 3687
3 3668 3667 3684
3 3683 3691 3682
3 3675 3677 3680
3 3679 3678 3564
3 3675 3676 3677
3 3679 3652 3651
3 3677 3681 3680
3 3652 3555 3537
3 3676 3678 3653
3 3562 3555 3679
3 3651 3678 3679
3 3676 3653 3677
3 3688 3675 3687
3 3642 3680 3681
3 3668 3683 3687
3 3687 3680 3668
3 3331 3329 3667
3 3669 3673 3691
3 3642 3668 3680
3 3642 3667 3668
3 3654 3660 3648
3 3685 3329 3686
3 3686 3332 3669
3 3667 3329 3685
3 3329 3332 3686
3 3669 3332 3666
3 3678 3660 3653
3 3651 3660 3678
3 3683 3692 3689
3 3693 3690 3689
3 3687 3683 3689
3 3667 3685 3684
3 3692 3683 3682
3 3686 3683 3684
3 3688 3687 3690
3 3675 3594 3595
3 3589 3675 3688
3 3594 3675 3589
3 3686 3691 3683
3 3677 3653 3681
3 3669 3691 3686
3 3683 3668 3684
3 3642 3681 3653
3 785 3627 787
3 779 785 787
3 3629 724 787
3 3696 3697 3673
3 3698 3700 3699
3 3695 3696 3673
3 726 722 3323
3 3697 3691 3673
3 3694 3671 3674
3 3697 3682 3691
3 3698 3699 3696
3 3704 3706 3701
3 3698 3707 3700
3 3695 3671 3698
3 3700 3701 3702
3 3701 3703 3702
3 3635 3640 3710
3 3640 3631 3710
3 3705 3694 719
3 719 3674 720
3 3700 3702 3709
3 3710 3631 3703
3 3708 3702 3703
3 3700 3707 3701
3 3710 3703 3701
3 3706 3710 3701
3 3672 3671 3695
3 3381 3703 3631
3 3672 3695 3673
3 719 3694 3674
3 721 3629 3638
3 3707 3671 3694
3 3324 720 3674
3 3698 3696 3695
3 3705 3639 3635
3 3639 3705 719
3 3704 3694 3705
3 3709 3702 3708
3 3694 3704 3707
3 3705 3710 3704
3 3707 3704 3701
3 721 3638 719
3 3705 3635 3710
3 719 3638 3639
3 721 724 3629
3 3704 3710 3706
3 3323 722 720
3 3671 3707 3698
3 3323 720 3324
3 3714 3711 3715
3 3716 3717 3718
3 3722 3723 3717
3 3726 3714 3715
3 3699 3728 3696
3 3712 3717 3716
3 3717 3728 3718
3 3682 3721 3724
3 3721 3723 3722
3 3726 3715 3725
3 3732 3730 3727
3 3700 3709 3731
3 3711 3712 3715
3 3730 3725 3716
3 3696 3728 3723
3 3699 3700 3731
3 3731 3718 3728
3 3731 3708 3718
3 3723 3728 3717
3 3708 2567 3718
3 3697 3696 3723
3 3708 3703 3381
3 3731 3709 3708
3 3708 3381 3341
3 2567 3708 3341
3 3716 3718 2567
3 2567 3341 2566
3 3699 3731 3728
3 3734 3725 3732
3 3736 3726 3725
3 3725 3730 3732
3 3724 3714 3719
3 3722 3717 3712
3 3724 3719 3692
3 3711 3714 3724
3 3737 3688 3720
3 3726 3736 3735
3 3720 3688 3690
3 3693 3689 3692
3 3735 3737 3720
3 3729 3737 3735
3 3379 3341 3381
3 3738 3735 3736
3 3734 3736 3725
3 3720 3690 3693
3 3734 3738 3736
3 3719 3735 3720
3 3697 3723 3721
3 3719 3720 3693
3 2567 3727 3730
3 3688 3737 3589
3 3711 3722 3712
3 3712 3716 3715
3 3721 3722 3711
3 3724 3721 3711
3 3730 3716 2567
3 3715 3716 3725
3 2567 3713 3727
3 3719 3693 3692
3 3692 3682 3724
3 3726 3735 3719
3 3682 3697 3721
3 3726 3719 3714
3 3600 3587 3743
3 3740 3748 3599
3 3753 3755 3756
3 3742 3757 3749
3 3758 3754 3744
3 3749 3752 3759
3 3743 3757 3600
3 3760 3761 3753
3 3747 3760 3753
3 3748 3740 3746
3 2567 2561 3713
3 3751 3757 3762
3 3757 3742 3600
3 3749 3760 3747
3 3763 3745 3739
3 3740 3599 3741
3 3750 3754 3761
3 3759 3750 3761
3 3753 3754 3755
3 3750 3713 3754
3 3757 3751 3749
3 3755 3754 3758
3 3742 3741 3600
3 3751 3752 3749
3 3602 3599 3748
3 3741 3742 3740
3 3763 3739 3756
3 3754 3713 3744
3 3742 3747 3739
3 3747 3756 3739
3 3745 3740 3739
3 3747 3753 3756
3 3763 3756 3758
3 3753 3761 3754
3 3601 3600 3741
3 3599 3601 3741
3 3739 3740 3742
3 3749 3759 3760
3 3749 3747 3742
3 3713 2561 3744
3 3759 3761 3760
3 3755 3758 3756
3 3767 3768 3734
3 3734 3768 3738
3 3587 3762 3743
3 3752 3768 3766
3 3589 3762 3587
3 3764 3768 3767
3 3729 3735 3738
3 3757 3743 3762
3 3727 3767 3732
3 3737 3729 3762
3 3764 3765 3766
3 3766 3768 3764
3 3764 3767 3727
3 3750 3727 3713
3 3764 3727 3765
3 3759 3752 3765
3 3738 3768 3729
3 3767 3734 3732
3 3750 3765 3727
3 3762 3729 3751
3 3752 3766 3765
3 3737 3762 3589
3 3752 3751 3729
3 3750 3759 3765
3 3752 3729 3768
3 2632 2628 2602
3 2867 2866 2838
3 2867 2558 2628
3 2602 2628 2558
3 2627 2867 2628
3 3769 3568 3770
3 3773 3774 3775
3 3776 3769 3770
3 3568 3560 3778
3 3769 3776 3782
3 3777 3774 3773
3 3773 3775 3780
3 3774 3781 3775
3 3783 3769 3782
3 3770 3568 3779
3 3771 3773 3780
3 3780 3782 3776
3 3569 3570 3571
3 3771 3780 3776
3 3779 3771 3770
3 3568 3778 3779
3 3778 2418 3779
3 3591 2418 3778
3 3787 3769 3783
3 3792 3793 3790
3 3788 3783 3782
3 3591 3778 3571
3 3788 3787 3783
3 3782 3797 3788
3 3779 2418 3800
3 3790 3789 2419
3 3799 3796 3788
3 3799 3788 3797
3 3790 3791 3789
3 3772 2419 3789
3 3782 3801 3797
3 3782 3781 3801
3 3779 2419 3771
3 3567 3560 3795
3 3787 3794 3795
3 3802 3795 3803
3 3771 2419 3772
3 3770 3771 3776
3 3570 3569 3561
3 3794 3803 3795
3 3796 3784 3794
3 3784 3796 3786
3 3796 3794 3788
3 3571 3778 3569
3 3584 2418 3591
3 3788 3794 3787
3 3769 3787 3795
3 3794 3784 3803
3 3569 3560 3563
3 3802 3567 3795
3 3569 3778 3560
3 3804 3807 2825
3 2741 2812 2748
3 3804 2825 2818
3 2818 2825 2816
3 2744 3812 2745
3 3812 3813 3811
3 3804 2741 3809
3 2825 3807 3808
3 3809 2742 2754
3 2741 2742 3809
3 3807 3806 3808
3 3806 3805 3808
3 2745 3807 3804
3 2754 2745 3804
3 2741 3804 2818
3 3807 3812 3806
3 3814 3811 3813
3 3806 3812 3811
3 3810 3733 2867
3 2744 2762 3812
3 2744 2752 2762
3 2867 3733 2558
3 2745 3812 3807
3 2754 3804 3809
3 3812 2762 3813
3 3820 3811 3821
3 2749 2759 3819
3 3827 3829 3828
3 3822 3830 3831
3 3818 3819 2759
3 3826 3818 2758
3 3817 3830 3822
3 2749 2757 2759
3 2749 3819 2769
3 3831 3840 3841
3 3841 3842 3836
3 3843 3844 3838
3 3813 2762 2763
3 3837 3838 3845
3 2763 3819 3815
3 3843 3838 3837
3 3815 3813 2763
3 3830 3824 3831
3 3824 3840 3831
3 2861 2838 2837
3 3826 3819 3818
3 3822 3831 3841
3 3826 3835 3819
3 3839 3833 3850
3 2825 3808 2859
3 3815 3836 3814
3 2830 2857 2831
3 3815 3814 3813
3 3842 3833 3821
3 2769 3819 2763
3 3842 3849 3833
3 2833 2831 3827
3 3827 2831 3851
3 3849 3842 3841
3 2857 3805 3851
3 3848 3850 3849
3 3847 3839 3850
3 3848 3849 3840
3 3840 3849 3841
3 2867 3832 3810
3 2861 2833 3827
3 3814 3842 3821
3 2857 3808 3805
3 2857 2859 3808
3 3851 2831 2857
3 3851 3829 3827
3 3805 3829 3851
3 2861 3839 3847
3 3850 3833 3849
3 3834 3826 3844
3 3835 3834 3836
3 3844 3843 3834
3 3843 3823 3834
3 3836 3815 3835
3 3836 3823 3841
3 3835 3815 3819
3 3846 3840 3824
3 3817 3854 3853
3 3832 3846 3825
3 3810 3825 3816
3 3843 3822 3823
3 3817 3822 3843
3 3824 3830 3825
3 3846 3824 3825
3 3852 3854 3817
3 3852 3817 3843
3 3830 3853 3816
3 3830 3817 3853
3 3816 3825 3830
3 3841 3823 3822
3 3832 2867 3847
3 3832 3825 3810
3 2838 3847 2867
3 3834 3823 3836
3 2861 3828 3839
3 3848 3847 3850
3 3821 3811 3814
3 3811 3820 3806
3 3846 3848 3840
3 3834 3835 3826
3 3832 3847 3848
3 3814 3836 3842
3 3832 3848 3846
3 3805 3806 3820
3 3827 3828 2861
3 3833 3839 3829
3 3828 3829 3839
3 2861 3847 2838
3 3821 3833 3820
3 3805 3820 3829
3 3820 3833 3829
3 3859 3861 3860
3 3863 3865 3864
3 3866 3856 3867
3 3868 3862 3863
3 3865 3857 3864
3 3862 3855 3856
3 3873 3874 3875
3 3870 3869 3866
3 3740 3745 3746
3 3857 3866 3869
3 3875 3872 3873
3 3758 3861 3763
3 3859 3763 3861
3 3598 3748 3746
3 3868 3878 3877
3 3876 3869 3870
3 3877 3855 3862
3 3758 3879 3861
3 3868 3877 3862
3 3860 3861 3879
3 3746 3745 3858
3 3744 3879 3758
3 3879 3744 3876
3 3880 3881 3867
3 3863 3862 3865
3 3872 3858 3880
3 3875 3598 3872
3 3879 3876 3860
3 3857 3869 3864
3 3744 2561 3733
3 3876 3870 3860
3 3870 3866 3867
3 3881 3870 3867
3 3746 3858 3872
3 3866 3857 3856
3 3858 3860 3881
3 3881 3860 3870
3 3858 3881 3880
3 3871 3873 3882
3 3602 3748 3598
3 3856 3865 3862
3 3597 3602 3598
3 3882 3880 3855
3 3877 3871 3855
3 3871 3882 3855
3 3882 3872 3880
3 3872 3882 3873
3 3859 3858 3745
3 3856 3857 3865
3 3858 3859 3860
3 3598 3746 3872
3 3859 3745 3763
3 3871 3874 3873
3 3590 3598 3603
3 3878 3871 3877
3 3885 3874 3889
3 3883 3878 3868
3 3885 3886 3874
3 3887 3874 3878
3 3878 3874 3871
3 3603 3598 3875
3 3889 3874 3888
3 3887 3888 3874
3 3886 3603 3875
3 3874 3886 3875
3 3883 3887 3878
3 3744 3733 3876
3 3867 3855 3880
3 3733 3891 3869
3 3892 3893 3894
3 3896 3898 3897
3 3892 3863 3893
3 3892 3898 3863
3 3876 3733 3869
3 3894 3893 3895
3 2564 2568 2558
3 3733 3810 3890
3 2561 2558 3733
3 3883 3884 3887
3 3897 3894 3899
3 3884 3901 3902
3 3869 3891 3895
3 3903 3899 3900
3 3856 3855 3867
3 3897 3903 3896
3 3894 3891 3899
3 3897 3899 3903
3 3896 3884 3883
3 3893 3863 3864
3 3890 3891 3733
3 3894 3895 3891
3 2568 2602 2558
3 3902 3887 3884
3 3868 3863 3898
3 3896 3883 3898
3 3895 3864 3869
3 3883 3868 3898
3 3897 3892 3894
3 3899 3891 3890
3 3898 3892 3897
3 3864 3895 3893
3 3837 3852 3843
3 3907 3909 3908
3 3852 3910 3909
3 3906 3903 3911
3 3912 3913 3914
3 3816 3917 3904
3 3810 3816 3904
3 3903 3900 3911
3 3816 3853 3917
3 3890 3810 3904
3 3905 3837 3845
3 3918 3900 3915
3 3915 3890 3904
3 3852 3912 3910
3 3918 3919 3911
3 3904 3917 3907
3 3837 3912 3852
3 3905 3845 3921
3 3905 3912 3837
3 3904 3907 3915
3 3913 3905 3920
3 3912 3908 3910
3 3906 3896 3903
3 3884 3896 3906
3 3907 3908 3914
3 3908 3912 3914
3 3901 3913 3920
3 3914 3916 3915
3 3900 3899 3915
3 3915 3907 3914
3 3906 3911 3901
3 3917 3909 3907
3 3852 3909 3854
3 3913 3919 3916
3 3853 3854 3917
3 3917 3854 3909
3 3918 3911 3900
3 3919 3918 3916
3 3905 3913 3912
3 3884 3906 3901
3 3890 3915 3899
3 3919 3901 3911
3 3909 3910 3908
3 3913 3901 3919
3 3915 3916 3918
3 3913 3916 3914
3 2758 2777 2778
3 3927 3921 3928
3 3604 3889 3925
3 3920 3905 3927
3 3922 3923 3928
3 3926 3922 3928
3 3844 2758 3934
3 3590 3593 3604
3 3826 2758 3844
3 2759 2758 3818
3 2778 3932 2758
3 3925 3930 3931
3 3922 3934 3932
3 3923 3930 3928
3 3924 3925 3889
3 3885 3604 3886
3 3927 3928 3929
3 2777 3936 2778
3 3937 3936 2777
3 2778 3935 3932
3 3905 3921 3927
3 3885 3889 3604
3 3923 3922 3933
3 3921 3922 3926
3 3604 3593 3886
3 3938 3923 3933
3 3933 3922 3932
3 3603 3886 3593
3 3928 3921 3926
3 3901 3920 3902
3 3929 3888 3887
3 3924 3929 3928
3 3920 3927 3902
3 3930 3925 3924
3 3888 3924 3889
3 3930 3924 3928
3 3929 3887 3902
3 3902 3927 3929
3 3888 3929 3924
3 3838 3934 3922
3 3922 3921 3845
3 3922 3845 3838
3 3938 3933 3932
3 3932 3934 2758
3 3935 3938 3932
3 2777 2758 2757
3 2778 3936 3935
3 3941 3938 3935
3 3940 3938 3941
3 3576 3925 3575
3 3935 3936 3941
3 3940 3939 3938
3 3939 3923 3938
3 3925 3576 3604
3 3937 3941 3936
3 3838 3844 3934
3 3789 3791 2787
3 3943 3945 3944
3 3791 3790 3946
3 2806 3948 3940
3 3931 3949 3592
3 3930 3923 3931
3 3772 3789 3942
3 3941 2806 3940
3 3950 3792 3944
3 3950 3944 3945
3 3943 3944 3592
3 3584 3800 2418
3 3800 2417 2419
3 3793 3950 3951
3 3792 3790 2417
3 3950 3945 3951
3 3923 3949 3931
3 3943 3940 3948
3 3592 3944 3792
3 2417 3584 3596
3 2786 2809 2783
3 3793 3792 3950
3 2809 3946 2810
3 3943 3948 3945
3 3596 3584 3573
3 2417 3800 3584
3 3596 3592 3792
3 3592 3596 3573
3 3792 2417 3596
3 2786 3946 2809
3 2787 3791 3946
3 3592 3949 3943
3 3947 3946 3790
3 3939 3949 3923
3 3945 3948 3951
3 3946 2786 2787
3 3779 3800 2419
3 3940 3943 3949
3 3939 3940 3949
3 3575 3925 3931
3 3592 3575 3931
3 3946 3947 2810
3 2417 3790 2419
3 3947 3790 3793
3 2811 3951 3948
3 3793 3951 3947
3 3948 2806 2811
3 3937 2765 2802
3 2808 2811 2806
3 3941 3937 2802
3 3941 2802 2806
3 2765 3937 2764
3 2764 3937 2756
3 3937 2777 2756
3 2811 3947 3951
3 2810 3947 2811
3 2808 2806 2802
3 3955 3953 3952
3 3954 3955 3952
3 3959 3957 3960
3 3954 3957 3959
3 3954 3952 3957
3 3957 3961 3962
3 3955 3954 3959
3 3968 3956 3955
3 3969 3964 3965
3 3966 3964 3969
3 3966 3959 3967
3 3959 3968 3955
3 3970 3964 3966
3 3968 3971 3956
3 3977 3971 3976
3 3975 3976 3979
3 3969 3973 3968
3 3973 3980 3974
3 3979 3976 3974
3 3976 3975 3977
3 3956 3971 3978
3 3975 3979 3983
3 3979 3974 3980
3 3971 3973 3974
3 3968 3973 3971
3 3965 3973 3969
3 3984 3983 3979
3 3976 3971 3974
3 3965 3980 3973
3 3968 3959 3969
3 3982 3981 3975
3 3975 3983 3982
3 3980 3984 3979
3 3966 3969 3959
3 3991 3989 3987
3 3988 3987 3990
3 3989 3990 3987
3 3992 3991 3987
3 3986 3988 3990
3 3997 3998 3986
3 3998 3988 3986
3 3996 4001 3997
3 3995 3986 4000
3 3995 3996 3997
3 3986 3990 4003
3 4000 3986 4003
3 4004 4003 3990
3 4002 4003 4005
3 3990 3989 4004
3 4000 4003 4002
3 3998 3997 4001
3 3995 3999 3996
3 3995 4000 4002
3 4009 4007 4010
3 4006 4007 4009
3 4009 3996 4006
3 3999 4011 4015
3 4001 3996 4009
3 3999 4015 4014
3 4014 4006 3996
3 4006 4012 4007
3 4014 3996 3999
3 3999 3995 4011
3 3995 3997 3986
3 3995 4008 4011
3 4019 4009 4010
3 4010 4017 4019
3 4020 4009 4019
3 4018 4022 4021
3 4020 3998 4001
3 3971 4016 3978
3 4021 4020 4019
3 3977 4018 4019
3 4017 3977 4019
3 3977 4016 3971
3 4016 3977 4017
3 4022 4020 4021
3 3977 3975 4018
3 4018 3981 4022
3 4001 4009 4020
3 3975 3981 4018
3 4021 4019 4018
3 4023 4010 4007
3 4022 3981 3985
3 3998 4025 4024
3 3998 4022 4025
3 3988 4024 3987
3 4022 3998 4020
3 3998 4024 3988
3 3987 4024 3994
3 4026 3994 3972
3 4026 3992 3994
3 4024 4027 3994
3 4028 3961 4030
3 4031 4033 4034
3 4038 4039 4033
3 4028 4030 4031
3 4034 4029 4031
3 4030 4033 4031
3 4031 4029 4028
3 4010 4023 3978
3 4041 4012 4044
3 4017 4010 3978
3 4042 4043 4040
3 4043 4041 4030
3 4017 3978 4016
3 4043 4023 4041
3 3952 3953 4040
3 4045 4012 4006
3 4040 4030 3961
3 3978 4023 4042
3 4042 3953 3978
3 3978 3953 3956
3 3961 3952 4040
3 3953 3955 3956
3 4043 4030 4040
3 4023 4043 4042
3 3961 3957 3952
3 4012 4041 4023
3 4007 4012 4023
3 4042 4040 3953
3 4038 4044 4046
3 4045 4044 4012
3 4041 4038 4033
3 4047 4046 4013
3 4044 4038 4041
3 4038 4046 4039
3 4013 4046 4045
3 4045 4006 4014
3 4041 4033 4030
3 4045 4046 4044
3 1617 1613 1554
3 1560 1617 1554
3 4050 3983 4049
3 4051 4050 4049
3 4048 4049 3984
3 1618 4049 4048
3 4049 1618 1558
3 4049 3983 3984
3 4048 4052 1618
3 4048 3984 4053
3 4054 4056 4055
3 1561 4051 1558
3 4055 4056 4061
3 4057 4061 4056
3 1543 1541 1566
3 4064 4065 4066
3 4055 4061 4060
3 4064 4057 4065
3 4057 4056 4065
3 4069 1543 4068
3 4067 4059 4055
3 4060 4063 4062
3 1570 4060 4061
3 4063 4073 4062
3 4066 4065 4074
3 1561 1540 4051
3 4066 4074 4075
3 4066 4075 4076
3 4059 4058 4054
3 4075 4077 4076
3 4051 4049 1558
3 4064 1566 4070
3 4073 4063 4078
3 4064 4068 1566
3 4062 4073 4079
3 4064 4066 4076
3 4062 4055 4060
3 4067 4055 4062
3 4073 4078 1585
3 4050 1540 1543
3 4051 1540 4050
3 4050 1543 4069
3 4068 1543 1566
3 4069 3983 4050
3 4067 4062 4072
3 4071 4069 4064
3 4069 4068 4064
3 4059 4054 4055
3 3983 4069 3982
3 4063 4060 1570
3 4064 4070 4057
3 1585 4078 1544
3 1570 4061 4057
3 4076 4071 4064
3 4078 1567 1544
3 1567 1552 1553
3 1552 4078 1570
3 4070 1566 4081
3 1544 1571 1585
3 1567 1547 1544
3 1552 1567 4078
3 1544 1545 1571
3 1548 1552 4081
3 4070 4081 4057
3 4081 1552 1570
3 4057 4081 1570
3 4078 4063 1570
3 1548 4081 1566
3 4082 4085 4087
3 4087 4084 4086
3 1622 1636 4084
3 1634 1606 4083
3 4087 4086 4082
3 4084 4085 1622
3 4082 4089 4088
3 1634 4083 4086
3 4083 4089 4082
3 4085 4082 4088
3 4085 1631 1622
3 4084 1636 4086
3 4083 4082 4086
3 4090 4088 4091
3 4084 4087 4085
3 4089 4083 1606
3 1634 4086 1636
3 1596 1606 1634
3 1712 4097 1707
3 4096 4098 4097
3 2005 1995 1993
3 1717 4102 1718
3 4095 4096 4099
3 2005 4097 4098
3 4097 2005 1707
3 4098 4096 4094
3 4104 4103 4105
3 4103 4092 4105
3 1712 4096 4097
3 4099 4096 1712
3 4094 4096 4093
3 4093 4096 4095
3 1805 2002 1811
3 4103 4094 4092
3 1718 4095 4099
3 1811 4100 4101
3 2002 2003 4100
3 4102 4095 1718
3 4100 4098 4094
3 1718 4099 1715
3 1715 4099 1716
3 1712 1716 4099
3 1763 1811 4103
3 1811 4101 4103
3 4103 4101 4094
3 1811 1763 1764
3 4092 4094 4093
3 2002 4100 1811
3 4101 4100 4094
3 2005 4100 2003
3 4098 4100 2005
3 4091 4112 4107
3 4088 4111 4091
3 4091 4111 4112
3 3960 4115 4113
3 4117 4116 4114
3 3958 4114 3960
3 3970 3966 3967
3 4115 4114 4116
3 3959 3960 3967
3 3960 4114 4115
3 4118 4112 4119
3 3957 3958 3960
3 4109 4107 4108
3 4119 4112 4111
3 4108 4107 3970
3 3967 4108 3970
3 4118 4107 4112
3 4110 4109 4108
3 4091 4107 4109
3 4107 4118 3970
3 3957 3962 3958
3 4118 3964 3970
3 4110 4106 4102
3 4113 4106 4110
3 4095 4102 4106
3 4106 4093 4095
3 4093 4106 4092
3 4092 4106 4115
3 4105 4092 4116
3 4092 4115 4116
3 4120 4102 1717
3 4110 4102 4109
3 4120 1717 1714
3 4120 4090 4109
3 1714 4085 4088
3 1714 1631 4085
3 4120 1714 4090
3 4090 4091 4109
3 1714 4088 4090
3 4109 4102 4120
3 4115 4106 4113
3 4108 4113 4110
3 4052 4121 4122
3 1598 4121 4124
3 4126 4124 4121
3 4123 3984 3965
3 4127 4111 4088
3 4125 1598 4124
3 4127 4088 4089
3 4126 4121 4052
3 4122 4121 1598
3 1615 4122 1598
3 4127 4089 4125
3 4126 4052 4053
3 1618 4122 1615
3 4119 4053 4123
3 4127 4125 4124
3 3965 3984 3980
3 1615 1559 1618
3 4126 4127 4124
3 4119 4111 4126
3 4048 4053 4052
3 4127 4126 4111
3 1590 1598 4125
3 1618 4052 4122
3 3984 4123 4053
3 4119 4126 4053
3 4089 1606 4125
3 1590 4125 1606
3 4118 4119 3964
3 4123 3964 4119
3 4123 3965 3964
3 4134 4130 4133
3 4128 4135 4129
3 4136 4133 4131
3 4133 4141 4139
3 4130 4131 4133
3 4132 4129 4135
3 4136 4131 4132
3 4131 4142 4140
3 4131 4130 4142
3 4129 4132 4140
3 4143 4130 4138
3 4132 4131 4140
3 4130 4134 4138
3 4142 4130 4143
3 4133 4136 4137
3 4146 4145 4144
3 4144 4145 4147
3 4148 4147 4145
3 4152 4153 4154
3 4154 4155 4152
3 4157 4156 4158
3 4159 4160 4161
3 4163 4160 4159
3 4156 4153 4149
3 4153 4156 4154
3 4149 4150 4156
3 4159 4166 4163
3 4157 4154 4156
3 4163 4164 4162
3 4163 4162 4160
3 4151 4167 4153
3 4165 4164 4163
3 4152 4151 4153
3 4162 4164 4150
3 4008 4158 4011
3 4158 4015 4011
3 4008 4157 4158
3 4014 4015 4013
3 4169 4013 4015
3 4169 4015 4156
3 4150 4169 4156
3 4156 4015 4158
3 4037 4036 4035
3 4047 4175 4173
3 4173 4175 4174
3 4175 4171 4174
3 4168 4171 4175
3 4174 4176 4177
3 4174 4171 4176
3 4177 4036 4037
3 4033 4037 4034
3 4034 4037 4035
3 4174 4177 4173
3 4175 4047 4165
3 4175 4165 4168
3 4170 4165 4047
3 4169 4164 4165
3 4164 4169 4150
3 4169 4165 4170
3 4013 4170 4047
3 4169 4170 4013
3 4014 4013 4045
3 4039 4046 4173
3 4037 4173 4177
3 4037 4039 4173
3 4047 4173 4046
3 4039 4037 4033
3 4179 4180 4172
3 4133 4137 4141
3 4172 4180 4171
3 4184 4172 4171
3 4180 4182 4176
3 4181 4182 4137
3 4137 4179 4141
3 4141 4183 4178
3 4182 4179 4137
3 4180 4179 4182
3 4176 4171 4180
3 4141 4179 4183
3 4137 4136 4181
3 4172 4184 4185
3 4181 4176 4182
3 4171 4166 4184
3 4171 4168 4166
3 4168 4165 4163
3 4168 4163 4166
3 4148 4187 4147
3 4128 4147 4135
3 4128 4144 4147
3 4188 4190 4189
3 4188 4189 4135
3 4029 4034 4035
3 4035 4189 4190
3 4029 4035 4190
3 4188 4135 4147
3 4189 4036 4181
3 4135 4189 4132
3 4181 4177 4176
3 4181 4036 4177
3 4181 4136 4189
3 4132 4189 4136
3 4035 4036 4189
3 1813 1814 4195
3 4191 4197 1824
3 1824 4195 4198
3 4201 4198 4195
3 1822 4197 4194
3 4191 4196 4202
3 4194 4204 4203
3 4197 4191 4194
3 4202 4208 4205
3 1814 4209 4195
3 4196 1824 4192
3 4193 4194 4203
3 4206 4199 4202
3 4208 4196 4207
3 4199 4206 4200
3 1824 1813 4195
3 4191 4202 4199
3 1815 1814 1813
3 4204 4199 4200
3 4194 4191 4199
3 4200 4210 4204
3 4194 4199 4204
3 4193 1822 4194
3 1822 1823 4197
3 4211 4205 4208
3 4197 1823 1824
3 4202 4196 4208
3 4207 4196 4192
3 4196 4191 1824
3 4202 4205 4206
3 1823 1819 1824
3 1788 1785 1815
3 1815 1789 1788
3 1765 1763 1806
3 4195 4209 4201
3 4213 1815 1785
3 4105 4116 4117
3 4209 1815 4213
3 4214 4201 4212
3 1814 1815 4209
3 4209 4213 4105
3 4215 4201 4214
3 4209 4117 4212
3 4209 4105 4117
3 1763 4104 1806
3 1806 4213 1785
3 4213 1806 4104
3 4213 4104 4105
3 4209 4212 4201
3 1763 4103 4104
3 4113 4108 3960
3 3967 3960 4108
3 4117 4114 4216
3 4216 4212 4117
3 4217 4128 4218
3 4218 4128 4219
3 4140 4220 4129
3 4218 4211 4217
3 4220 4128 4129
3 4219 4128 4220
3 4146 4144 4217
3 4217 4144 4128
3 4224 4222 4221
3 4218 4219 4206
3 4205 4211 4206
3 4221 4211 4223
3 4211 4218 4206
3 4221 4217 4211
3 4223 4224 4221
3 4187 4225 4032
3 4032 4028 4029
3 4187 4032 4029
3 4188 4187 4029
3 4029 4190 4188
3 4146 4148 4145
3 4222 4148 4146
3 4188 4147 4187
3 4222 4225 4148
3 4146 4221 4222
3 4148 4225 4187
3 4217 4221 4146
3 3961 4028 3963
3 3963 3962 3961
3 4028 4032 3963
3 4227 4226 3963
3 4223 4207 4229
3 4229 4207 4192
3 4228 4227 4230
3 4225 4227 4032
3 4225 4230 4227
3 4214 4212 4216
3 4228 4230 4215
3 4215 4214 4228
3 4207 4223 4208
3 4223 4211 4208
3 4215 4192 4198
3 4201 4215 4198
3 4222 4230 4225
3 4224 4223 4229
3 4222 4224 4229
3 4198 4192 1824
3 4229 4192 4215
3 3963 4032 4227
3 4229 4215 4230
3 4222 4229 4230
3 4231 3962 4226
3 3962 4231 3958
3 4228 4214 4231
3 3958 4231 4114
3 4216 4114 4231
3 4214 4216 4231
3 4231 4226 4228
3 4227 4228 4226
3 3963 4226 3962
3 4234 4235 4236
3 4237 4238 4235
3 4232 4240 4241
3 4232 4233 4240
3 4237 4235 4234
3 4239 4243 4242
3 4233 4244 4240
3 4232 4236 4235
3 4236 4241 4239
3 4245 4238 4237
3 4247 4237 4178
3 4248 4234 4242
3 4234 4246 4139
3 4248 4138 4246
3 4234 4248 4246
3 4139 4178 4237
3 4139 4237 4234
3 4139 4134 4133
3 4138 4134 4246
3 4246 4134 4139
3 4139 4141 4178
3 4236 4242 4234
3 4239 4242 4236
3 4232 4241 4236
3 4239 4249 4243
3 4250 4249 4239
3 4250 4251 4249
3 4250 4241 4240
3 4250 4239 4241
3 4251 4250 4240
3 4254 4253 4256
3 4258 4256 4253
3 4252 4259 4253
3 4260 4252 4253
3 4256 4255 4254
3 4260 4254 4261
3 4254 4262 4261
3 4257 4252 4249
3 4260 4253 4254
3 4243 4249 4252
3 4257 4264 4259
3 4264 4258 4259
3 4263 4258 4264
3 4259 4258 4253
3 4265 4266 4267
3 4268 4258 4263
3 4267 4270 4272
3 4265 4267 4263
3 4272 4263 4267
3 4256 4258 4269
3 4265 4263 4264
3 4268 4269 4258
3 4265 4264 4257
3 4275 4252 4260
3 4252 4275 4243
3 4143 4275 4276
3 4276 4142 4143
3 4243 4275 4143
3 4260 4277 4275
3 4243 4143 4242
3 4143 4138 4248
3 4275 4277 4276
3 4142 4276 4278
3 4143 4248 4242
3 4278 4277 4279
3 4276 4277 4278
3 4278 4279 4280
3 4280 4219 4220
3 4142 4278 4140
3 4281 4280 4279
3 4278 4280 4220
3 4278 4220 4140
3 4280 4281 4282
3 4277 4261 4279
3 4282 4283 4206
3 4200 4206 4283
3 4283 4281 4286
3 4284 4283 4285
3 4282 4206 4219
3 4287 4285 4283
3 4280 4282 4219
3 4277 4260 4261
3 4261 4286 4281
3 4261 4262 4288
3 4288 4286 4261
3 4282 4281 4283
3 4281 4279 4261
3 4289 4290 4291
3 4290 4289 4288
3 4290 4288 4255
3 4274 4291 4271
3 4291 4290 4255
3 4256 4269 4255
3 4271 4291 4255
3 4271 4255 4269
3 4283 4286 4287
3 4297 1735 4295
3 4294 4295 4296
3 1735 4296 4295
3 1728 1731 1736
3 1735 1728 1736
3 1735 1736 1744
3 4302 4303 1730
3 4305 4302 4299
3 4306 4305 4299
3 4301 4299 4297
3 4306 4304 4305
3 4308 4307 4309
3 4301 4309 4307
3 4306 4299 4301
3 4301 4307 4306
3 4297 4299 4302
3 4310 4309 4301
3 4303 4302 4305
3 1735 4302 1730
3 4297 4302 1735
3 4285 4287 4314
3 4287 4286 4293
3 4314 4293 4313
3 4314 4287 4293
3 4312 4313 4293
3 4315 4289 4291
3 4318 4312 4317
3 4316 4317 4315
3 4317 4289 4315
3 4293 4288 4289
3 4317 4293 4289
3 4318 4317 4316
3 4293 4317 4312
3 4318 4319 4312
3 4293 4286 4288
3 4297 4295 4300
3 4300 4294 4298
3 4300 4321 4297
3 4320 4327 4325
3 4322 4300 4323
3 4301 4297 4321
3 4329 4320 4326
3 4325 4326 4320
3 4320 4322 4311
3 4311 4323 1722
3 4322 4320 4324
3 4323 4311 4322
3 4322 4321 4300
3 4301 4321 4324
3 4319 4318 4327
3 1722 4319 4311
3 4325 4318 4316
3 4316 4330 4325
3 4320 4311 4327
3 4331 4332 4330
3 4319 4313 4312
3 4326 4330 4332
3 4300 4298 4323
3 4324 4321 4322
3 4325 4330 4326
3 4325 4327 4318
3 1720 4313 4319
3 4327 4311 4319
3 1719 4298 1723
3 4294 4296 4298
3 4314 4333 4292
3 4298 1719 4323
3 1722 4323 1719
3 4285 4314 4292
3 4320 4328 4324
3 4300 4295 4294
3 4329 4335 4334
3 4329 4334 4320
3 4301 4328 4310
3 4301 4324 4328
3 4328 4334 4310
3 4320 4334 4328
3 4335 4336 4337
3 4335 4337 4334
3 4338 4310 4334
3 4334 4337 4338
3 1744 1742 1747
3 4296 1723 4298
3 1742 1744 1739
3 4342 4340 4341
3 1735 1744 4296
3 4340 1721 1724
3 4296 1747 1723
3 1723 4339 1719
3 1744 1747 4296
3 1747 1752 1723
3 4341 4340 1724
3 1719 4339 1724
3 4339 1752 1724
3 1752 4341 1724
3 1752 4339 1723
3 1722 1720 4319
3 1720 4333 4313
3 4333 4314 4313
3 1720 1721 4333
3 4193 4343 4344
3 4193 4344 1822
3 1822 4344 1821
3 4203 4345 4193
3 4345 4343 4193
3 1849 4346 4344
3 4343 1849 4344
3 4346 1818 4344
3 1752 1846 4341
3 1751 1846 1752
3 1758 1849 1846
3 4343 4345 4341
3 1817 4346 1816
3 4346 1849 1816
3 1818 4346 1817
3 4344 1818 1821
3 1758 1846 1751
3 4203 4204 4347
3 4347 4342 4203
3 4203 4342 4345
3 4345 4342 4341
3 1846 1849 4343
3 4343 4341 1846
3 1816 1849 1844
3 4204 4210 4347
3 4200 4284 4210
3 4348 4347 4210
3 4200 4283 4284
3 4348 4210 4292
3 4284 4285 4292
3 4210 4284 4292
3 4348 4333 4347
3 4342 4333 1721
3 4342 1721 4340
3 4347 4333 4342
3 4348 4292 4333
3 4349 4350 4351
3 4352 4349 4351
3 4352 4353 4349
3 4354 4349 4353
3 4355 4360 4357
3 4361 4352 4351
3 4355 4357 4350
3 4349 4358 4359
3 4362 4354 4353
3 4356 4349 4359
3 4355 4350 4349
3 4349 4354 4358
3 4356 4355 4349
3 4367 4366 4363
3 4366 4372 4363
3 4364 4367 4363
3 4374 4368 4365
3 4352 4361 4364
3 4376 4374 4375
3 4361 4375 4364
3 4375 4361 4376
3 4363 4352 4364
3 4377 4371 4369
3 4370 4371 4365
3 4371 4374 4365
3 4369 4371 4370
3 4375 4374 4371
3 4376 4361 4351
3 4379 4368 4378
3 4378 4381 4380
3 4383 4384 4357
3 4351 4374 4376
3 4357 4351 4350
3 4374 4357 4384
3 4351 4357 4374
3 4368 4374 4384
3 4378 4368 4384
3 4385 4384 4383
3 4385 4381 4384
3 4384 4381 4378
3 4394 4377 4369
3 4390 4391 4366
3 4395 4394 4369
3 4387 4366 4367
3 4377 4388 4389
3 4398 4393 4390
3 4388 4392 4389
3 4393 4397 4396
3 4392 4387 4389
3 4392 4400 4390
3 4393 4399 4397
3 4390 4400 4398
3 4390 4387 4392
3 4387 4364 4389
3 4364 4387 4367
3 4387 4390 4366
3 4388 4377 4394
3 4393 4391 4390
3 4397 4401 4396
3 4375 4389 4364
3 4377 4389 4375
3 4371 4377 4375
3 4402 4403 4404
3 4406 4402 4407
3 4402 4406 4405
3 4403 4402 4405
3 4406 4407 4409
3 4403 4410 4411
3 4370 4412 4413
3 4405 4406 4408
3 4416 4403 4405
3 4410 4403 4416
3 4408 4406 4414
3 4406 4380 4414
3 4415 4410 4416
3 4415 4417 4410
3 4406 4418 4380
3 4379 4378 4418
3 4406 4409 4418
3 4380 4419 4414
3 4414 4419 4420
3 4421 4416 4420
3 4381 4419 4380
3 4418 4378 4380
3 4421 4415 4416
3 4420 4408 4414
3 4420 4416 4408
3 4412 4370 4373
3 4416 4405 4408
3 4412 4379 4418
3 4409 4413 4412
3 4412 4418 4409
3 4420 4419 4424
3 4422 4420 4424
3 4428 4425 4427
3 4431 4425 4433
3 4430 4431 4433
3 4432 4425 4431
3 4439 4425 4428
3 4429 4426 4436
3 4436 4426 4425
3 4438 4434 4430
3 4440 4431 4441
3 4430 4433 4438
3 4441 4434 4442
3 4438 4439 4437
3 4439 4444 4437
3 4438 4442 4434
3 4444 4445 4437
3 4437 4446 4438
3 4438 4447 4442
3 4439 4433 4425
3 4431 4430 4434
3 4446 4437 4445
3 4431 4434 4441
3 4433 4439 4438
3 4436 4432 4448
3 4429 4436 4451
3 4452 4448 4432
3 4452 4449 4448
3 4436 4425 4432
3 4453 4454 4452
3 4456 4457 4449
3 4453 4455 4454
3 4440 4453 4432
3 4435 4458 4459
3 4459 4458 4442
3 4460 4455 4458
3 4455 4441 4458
3 4442 4458 4441
3 4461 4458 4435
3 4455 4453 4440
3 4432 4453 4452
3 4432 4431 4440
3 4455 4440 4441
3 4454 4457 4456
3 4449 4462 4450
3 4456 4452 4454
3 4463 4454 4455
3 4449 4452 4456
3 4450 4448 4449
3 4457 4462 4449
3 4465 4471 4467
3 4469 4470 4467
3 4427 4468 4464
3 4427 4473 4469
3 4428 4474 4443
3 4428 4464 4474
3 4427 4464 4428
3 4473 4427 4426
3 4475 4472 4470
3 4427 4469 4468
3 4472 4465 4467
3 4469 4473 4470
3 4468 4469 4467
3 4472 4466 4465
3 4470 4472 4467
3 4429 4451 4473
3 4473 4451 4479
3 4480 4479 4477
3 4426 4429 4473
3 4477 4478 4480
3 4478 4477 4481
3 4482 4483 4478
3 4481 4482 4478
3 4473 4479 4480
3 4427 4425 4426
3 4466 4486 4487
3 4489 4485 4471
3 4471 4485 4467
3 4490 4382 4476
3 4466 4490 4476
3 4466 4476 4465
3 4466 4386 4490
3 4485 4484 4467
3 4484 4468 4467
3 4466 4472 4486
3 4465 4476 4471
3 4491 4489 4471
3 4466 4487 4386
3 4476 4382 4491
3 4491 4471 4476
3 4386 4423 4385
3 4494 4417 4492
3 4423 4386 4487
3 4487 4424 4419
3 4423 4381 4385
3 4495 4493 4483
3 4470 4478 4475
3 4497 4421 4496
3 4422 4496 4420
3 4496 4421 4420
3 4478 4483 4493
3 4419 4423 4487
3 4423 4419 4381
3 4495 4497 4496
3 4497 4495 4483
3 4424 4487 4422
3 4422 4487 4488
3 4492 4417 4421
3 4417 4415 4421
3 4470 4473 4480
3 4495 4422 4488
3 4470 4480 4478
3 4495 4496 4422
3 4475 4478 4493
3 4493 4495 4488
3 4486 4488 4487
3 4475 4486 4472
3 4493 4488 4486
3 4493 4486 4475
3 4500 4499 4498
3 4152 4500 4498
3 4152 4155 4500
3 4502 4501 4498
3 4002 4008 3995
3 4157 4008 4507
3 4008 4002 4507
3 4157 4507 4154
3 4002 4503 4155
3 4507 4002 4155
3 4154 4507 4155
3 4155 4503 4500
3 4511 4509 4508
3 4509 4514 4508
3 4509 4510 4514
3 4517 4514 4510
3 4513 4512 4517
3 4512 4515 4514
3 4517 4512 4514
3 4514 4515 4508
3 4518 4508 4515
3 4515 4512 4519
3 4512 4513 4519
3 4510 4516 4517
3 4510 4509 3972
3 3992 4511 4520
3 4520 3991 3992
3 3987 3994 3992
3 4521 4523 4522
3 4525 4527 4526
3 4522 4523 4530
3 4529 4511 4508
3 4531 4529 4523
3 4532 4526 4518
3 4508 4528 4529
3 4531 4523 4533
3 4528 4530 4529
3 4523 4529 4530
3 4518 4528 4508
3 4526 4528 4518
3 4511 4529 4531
3 4511 4531 4520
3 4526 4527 4528
3 4525 4526 4532
3 4026 4509 4511
3 3992 4026 4511
3 3991 4534 3993
3 3989 3991 3993
3 4521 4537 4533
3 4521 4533 4523
3 4520 4531 4535
3 4535 4531 4533
3 4520 4534 3991
3 4539 4535 4538
3 4534 4520 4535
3 4536 4534 4535
3 4536 4535 4539
3 4533 4538 4535
3 4540 4005 4004
3 4002 4005 4503
3 4500 4503 4504
3 4005 4504 4503
3 4504 4005 4540
3 4540 4542 4541
3 4543 4548 4541
3 4540 4541 4548
3 4540 4548 4504
3 4543 4541 4542
3 4504 4548 4506
3 4551 4545 4546
3 4550 4546 4543
3 4545 4543 4546
3 4545 4551 4547
3 4545 4544 4552
3 4548 4552 4506
3 4547 4553 4544
3 4543 4542 4550
3 4545 4552 4548
3 4543 4545 4548
3 4547 4544 4545
3 4558 4556 4555
3 4499 4500 4506
3 4553 4554 4558
3 4500 4504 4506
3 4506 4502 4499
3 4544 4505 4552
3 4554 4560 4556
3 4554 4553 4549
3 4505 4502 4506
3 4544 4553 4505
3 4554 4549 4557
3 4549 4553 4547
3 4552 4505 4506
3 4499 4502 4498
3 4558 4554 4556
3 4561 3993 4534
3 4561 4534 4536
3 4562 4542 4540
3 4536 4562 4561
3 3993 4561 3989
3 4004 4005 4003
3 3989 4561 4004
3 4562 4004 4561
3 4004 4562 4540
3 4538 4550 4539
3 4562 4536 4542
3 4536 4539 4542
3 4550 4542 4539
3 4489 4563 4485
3 4563 4484 4485
3 4564 4443 4474
3 4464 4468 4484
3 4474 4464 4484
3 4558 4566 4559
3 4553 4558 4559
3 4565 4559 4566
3 4505 4559 4502
3 4505 4553 4559
3 4484 4568 4474
3 4484 4563 4568
3 4568 4563 4569
3 4491 4571 4489
3 4568 4569 4570
3 4573 4446 4574
3 4574 4446 4577
3 4574 4575 4576
3 4428 4578 4572
3 4572 4444 4439
3 4446 4445 4577
3 4579 4577 4445
3 4573 4574 4576
3 4444 4572 4445
3 4572 4439 4428
3 4579 4445 4572
3 4572 4578 4579
3 4578 4428 4443
3 4580 4564 4568
3 4582 4583 4580
3 4578 4443 4579
3 4570 4582 4580
3 4580 4568 4570
3 4582 4586 4581
3 4582 4581 4583
3 4585 4581 4584
3 4564 4588 4443
3 4583 4574 4588
3 4583 4588 4580
3 4577 4588 4574
3 4575 4574 4581
3 4580 4588 4564
3 4577 4579 4588
3 4589 4575 4581
3 4589 4581 4585
3 4584 4587 4585
3 4586 4582 4570
3 4579 4443 4588
3 4581 4574 4583
3 4564 4474 4568
3 4591 4597 4596
3 4489 4571 4598
3 4593 4590 4594
3 4491 4592 4571
3 4590 4596 4594
3 4598 4571 4590
3 4590 4571 4596
3 4596 4571 4592
3 4563 4489 4598
3 4592 4491 4600
3 4599 4594 4596
3 4598 4590 4593
3 4591 4592 4600
3 4596 4592 4591
3 4601 4602 4606
3 4608 4604 4595
3 4602 4604 4607
3 4594 4605 4593
3 4594 4595 4605
3 4560 4609 4555
3 4598 4593 4563
3 4556 4560 4555
3 4569 4593 4601
3 4563 4593 4569
3 4595 4604 4602
3 4610 4604 4608
3 4595 4602 4605
3 4560 4607 4609
3 4605 4602 4601
3 4607 4560 4602
3 4593 4605 4601
3 4587 4584 4613
3 4550 4587 4546
3 4586 4612 4551
3 4612 4557 4549
3 4586 4584 4581
3 4606 4557 4611
3 4612 4549 4551
3 4601 4606 4611
3 4569 4611 4570
3 4547 4551 4549
3 4557 4560 4554
3 4602 4560 4606
3 4613 4584 4586
3 4551 4613 4586
3 4546 4587 4613
3 4586 4611 4612
3 4557 4606 4560
3 4546 4613 4551
3 4569 4601 4611
3 4611 4586 4570
3 4557 4612 4611
3 4587 4550 4585
3 4524 4615 4617
3 4616 4573 4615
3 4615 4618 4619
3 4615 4524 4618
3 4619 4616 4615
3 4618 4524 4521
3 4620 4573 4616
3 4524 4617 4621
3 4589 4621 4575
3 4524 4537 4521
3 4622 4537 4524
3 4576 4617 4573
3 4575 4621 4617
3 4622 4524 4621
3 4589 4622 4621
3 4575 4617 4576
3 4589 4585 4550
3 4538 4537 4622
3 4538 4589 4550
3 4538 4533 4537
3 4615 4573 4617
3 4622 4589 4538
3 4625 4626 4567
3 4629 4630 4627
3 4566 4558 4555
3 4623 4627 4630
3 4555 4625 4567
3 4626 4624 4623
3 4624 4627 4623
3 4626 4623 4567
3 4566 4555 4567
3 4603 4607 4604
3 4625 4609 4603
3 4631 4603 4604
3 4603 4609 4607
3 4603 4632 4625
3 4555 4609 4625
3 4634 4635 4362
3 4362 4635 4633
3 4637 4638 4633
3 4633 4635 4637
3 4362 4633 4354
3 4633 4638 4358
3 4639 4637 4635
3 4634 4640 4635
3 4640 4639 4635
3 4353 4634 4362
3 4359 4358 4597
3 4358 4638 4597
3 4354 4633 4358
3 4641 4353 4372
3 4353 4352 4372
3 4372 4352 4363
3 4644 4591 4600
3 4360 4386 4383
3 4597 4591 4645
3 4645 4646 4647
3 4597 4599 4596
3 4383 4386 4385
3 4600 4491 4382
3 4636 4599 4597
3 4383 4357 4360
3 4646 4360 4647
3 4591 4646 4645
3 4355 4356 4647
3 4646 4591 4644
3 4644 4386 4646
3 4608 4599 4648
3 4647 4356 4645
3 4644 4382 4386
3 4646 4386 4360
3 4386 4382 4490
3 4359 4597 4645
3 4638 4636 4597
3 4356 4359 4645
3 4360 4355 4647
3 4636 4648 4599
3 4644 4600 4382
3 4594 4608 4595
3 4599 4608 4594
3 4654 4656 4655
3 4657 1466 1445
3 4654 4655 4661
3 4517 4516 4663
3 4072 1466 4067
3 4664 4658 4513
3 4661 4513 4654
3 4658 4664 4660
3 4661 4519 4513
3 4661 4655 4666
3 4532 4515 4519
3 4515 4532 4518
3 4517 4663 4664
3 4659 1466 4660
3 4663 4662 4659
3 4664 4659 4660
3 4659 4059 4067
3 4661 4666 4519
3 1466 4072 4653
3 4058 4059 4662
3 4059 4659 4662
3 4067 1466 4659
3 4657 4660 1466
3 4658 4654 4513
3 4513 4517 4664
3 4664 4663 4659
3 4532 4519 4525
3 4656 4658 4657
3 1466 4653 1451
3 4657 4658 4660
3 4658 4656 4654
3 4071 3985 3982
3 3985 4071 4077
3 4075 4027 4667
3 4667 3985 4077
3 4667 4077 4075
3 3981 3982 3985
3 4076 4077 4071
3 4071 3982 4069
3 4510 3972 4669
3 4074 4669 4668
3 4510 4669 4516
3 3972 4668 4669
3 4024 4025 4027
3 3972 3994 4027
3 4509 4026 3972
3 4516 4669 4670
3 3972 4027 4668
3 4022 3985 4667
3 4065 4671 4074
3 4058 4080 4054
3 4670 4671 4663
3 4670 4074 4671
3 4662 4671 4058
3 4671 4080 4058
3 4080 4065 4056
3 4516 4670 4663
3 4662 4663 4671
3 4074 4670 4669
3 4667 4027 4025
3 4022 4667 4025
3 4075 4074 4668
3 4054 4080 4056
3 4027 4075 4668
3 4671 4065 4080
3 4673 4674 4672
3 4673 4675 4676
3 4674 4673 4676
3 4678 4681 4683
3 301 910 4685
3 4683 4679 4677
3 4678 4683 4677
3 4680 4679 4683
3 4687 4678 4686
3 4678 4677 4686
3 4677 301 4685
3 301 4677 4679
3 819 4687 4686
3 4684 4682 4681
3 4688 4684 4681
3 4682 4680 4681
3 4681 4680 4683
3 4690 4691 4692
3 4689 4691 4690
3 4694 4691 4689
3 4692 4691 4693
3 299 300 910
3 4699 1110 4700
3 4696 4689 4690
3 1103 4703 4704
3 299 303 300
3 4689 4698 4704
3 4682 1106 4680
3 4704 4703 4684
3 4697 4695 4706
3 1106 4682 4684
3 1103 1106 4703
3 4710 1105 294
3 4697 4706 4705
3 4706 4695 4702
3 1108 4707 4711
3 4689 4704 4694
3 299 4679 4709
3 4696 4690 4701
3 4697 4698 4695
3 4699 4705 4707
3 4700 4697 4699
3 4695 4701 4702
3 4700 1110 4704
3 4700 4704 4698
3 4698 4697 4700
3 1137 1108 4711
3 1108 4699 4707
3 4695 4698 4696
3 1105 4680 1106
3 1106 4684 4703
3 294 289 4709
3 4699 1109 1110
3 1110 1103 4704
3 289 299 4709
3 4710 4709 4679
3 4696 4701 4695
3 4704 4684 4694
3 1108 1109 4699
3 4699 4697 4705
3 4698 4689 4696
3 301 299 910
3 4709 4710 294
3 1105 4710 4680
3 883 884 4712
3 4679 4680 4710
3 301 4679 299
3 4688 4694 4684
3 4691 4694 4688
3 803 799 802
3 808 884 880
3 4691 4688 4693
3 4693 4714 4692
3 4693 4716 4714
3 4681 4678 4687
3 883 4685 902
3 4686 4685 4712
3 819 4713 4687
3 4712 4685 883
3 4685 907 902
3 909 907 910
3 4687 4688 4681
3 824 837 803
3 4714 4716 4713
3 4687 4713 4716
3 4686 4677 4685
3 910 907 4685
3 799 803 4712
3 803 837 819
3 819 4686 4712
3 4713 819 837
3 4688 4716 4693
3 839 4713 837
3 4687 4716 4688
3 819 4712 803
3 4712 818 799
3 798 818 808
3 884 808 818
3 818 4712 884
3 4720 4722 4721
3 4719 4729 4730
3 4729 4717 4730
3 4736 4738 4737
3 4739 4726 4720
3 4740 4733 4741
3 4730 4742 4732
3 4725 4745 4720
3 4522 4746 4724
3 4741 4723 4742
3 4738 4736 4741
3 4616 4619 4734
3 4724 4725 4731
3 4729 4719 4718
3 4748 4749 4718
3 4735 4731 4734
3 4618 4521 4522
3 4739 4745 4751
3 4732 4742 4722
3 4618 4735 4619
3 4614 4620 4616
3 4732 4722 4720
3 4723 4722 4742
3 4522 4735 4618
3 4720 4726 4732
3 4614 4616 4734
3 4740 4741 4736
3 4522 4724 4735
3 4747 4738 4742
3 4735 4734 4619
3 4728 4719 4726
3 4724 4731 4735
3 4724 4745 4725
3 4745 4739 4720
3 4736 4737 4744
3 4752 4747 4750
3 4724 4751 4745
3 4751 4724 4746
3 4753 4727 4739
3 4742 4738 4741
3 4726 4719 4732
3 4717 4750 4730
3 4739 4728 4726
3 4741 4733 4723
3 4747 4742 4750
3 4748 4718 4719
3 4751 4753 4739
3 4743 4725 4721
3 4754 4729 4718
3 4721 4722 4723
3 4748 4719 4728
3 4530 4746 4522
3 4730 4732 4719
3 4742 4730 4750
3 4731 4743 4734
3 4731 4725 4743
3 4720 4721 4725
3 4727 4728 4739
3 4757 4755 4756
3 4750 4717 4759
3 4762 4761 4759
3 4729 4759 4717
3 4761 4752 4750
3 4765 4766 4752
3 4761 4762 4763
3 4763 4768 4764
3 4758 4765 4755
3 4763 4762 4768
3 4756 4761 4763
3 4764 4757 4763
3 4757 4756 4763
3 4762 4759 4769
3 4756 4752 4761
3 4765 4752 4756
3 4761 4750 4759
3 4764 4770 4757
3 4755 4765 4756
3 4773 4771 4772
3 4771 4768 4762
3 4729 4769 4759
3 4754 4772 4769
3 4769 4772 4771
3 4769 4771 4762
3 4754 4769 4729
3 4747 4766 4775
3 4766 4776 4775
3 4752 4766 4747
3 4779 4783 4460
3 4737 4784 4744
3 4786 4774 4782
3 4743 4614 4734
3 4721 4733 4777
3 4781 4786 4782
3 4721 4723 4733
3 4737 4738 4784
3 4461 4460 4458
3 4779 4460 4774
3 4787 4783 4779
3 4743 4721 4777
3 4743 4777 4614
3 4777 4785 4459
3 4778 4787 4779
3 4435 4781 4782
3 4446 4573 4447
3 4788 4435 4459
3 4733 4789 4785
3 4784 4738 4778
3 4461 4774 4460
3 4461 4435 4782
3 4775 4778 4738
3 4738 4747 4775
3 4459 4442 4620
3 4733 4785 4777
3 4788 4781 4435
3 4446 4447 4438
3 4788 4785 4790
3 4781 4788 4790
3 4789 4781 4790
3 4789 4733 4740
3 4782 4774 4461
3 4789 4736 4786
3 4744 4774 4786
3 4789 4786 4781
3 4740 4736 4789
3 4786 4736 4744
3 4778 4779 4784
3 4784 4774 4744
3 4779 4774 4784
3 4620 4442 4447
3 4614 4459 4620
3 4777 4459 4614
3 4788 4459 4785
3 4790 4785 4789
3 4573 4620 4447
3 4794 4792 4795
3 4793 4795 4792
3 4796 4791 4792
3 4797 4794 4798
3 4794 4797 4792
3 4792 4797 4796
3 4793 4800 4801
3 4802 4803 4800
3 4800 4803 4801
3 4795 4793 4801
3 4804 4799 4791
3 4792 4805 4793
3 4791 4799 4805
3 4806 4807 4808
3 4800 4805 4807
3 4800 4807 4806
3 4806 4802 4800
3 4791 4805 4792
3 4809 4806 4808
3 4809 4808 4811
3 4811 4810 4809
3 4807 4805 4799
3 4800 4793 4805
3 4813 4815 4814
3 4815 4812 4814
3 4816 4818 4817
3 4817 4820 4821
3 4828 4821 4820
3 4822 4828 4820
3 4827 4833 4832
3 4828 4832 4823
3 4827 4832 4828
3 4813 4824 4825
3 4823 4830 4821
3 4827 4828 4822
3 4825 4824 4819
3 4820 4826 4819
3 4820 4819 4822
3 4822 4819 4827
3 4826 4825 4819
3 4835 4812 4829
3 4826 4834 4815
3 4820 4817 4826
3 4827 4831 4838
3 4818 4834 4826
3 4839 4830 4823
3 4827 4838 4833
3 4821 4830 4816
3 4839 4755 4757
3 4837 4816 4830
3 4821 4816 4817
3 4816 4836 4818
3 4817 4818 4826
3 4823 4755 4839
3 4829 4795 4835
3 4826 4815 4825
3 4814 4840 4813
3 4829 4794 4795
3 4812 4841 4829
3 4814 4835 4801
3 4842 4824 4840
3 4801 4840 4814
3 4795 4801 4835
3 4825 4815 4813
3 4803 4840 4801
3 4814 4812 4835
3 4840 4824 4813
3 4843 4755 4823
3 4845 4846 4847
3 4758 4832 4847
3 4833 4838 4847
3 4831 4848 4844
3 4846 4760 4847
3 4775 4780 4778
3 4847 4838 4845
3 4847 4832 4833
3 4849 4787 4844
3 4831 4844 4838
3 4838 4844 4845
3 4831 4824 4848
3 4778 4780 4787
3 4821 4828 4823
3 4819 4824 4831
3 4843 4758 4755
3 4847 4760 4758
3 4787 4780 4846
3 4776 4766 4760
3 4776 4760 4846
3 4780 4776 4846
3 4766 4765 4758
3 4832 4758 4843
3 4776 4780 4775
3 4760 4766 4758
3 4787 4846 4845
3 4823 4832 4843
3 4827 4819 4831
3 4845 4844 4787
3 4850 4851 4852
3 4852 4454 4850
3 4454 4852 4457
3 4463 4850 4454
3 4455 4783 4463
3 4849 4783 4787
3 4849 4853 4783
3 4783 4455 4460
3 4853 4463 4783
3 4463 4853 4850
3 4851 4854 4855
3 4457 4857 4462
3 4852 4857 4457
3 4850 4853 4854
3 4849 4844 4853
3 4854 4853 4844
3 4856 4851 4855
3 4848 4854 4844
3 4850 4854 4851
3 4858 4842 4859
3 4809 4810 4861
3 4861 4862 4809
3 4858 4848 4842
3 4809 4862 4863
3 4856 4863 4862
3 4857 4856 4862
3 4809 4863 4806
3 4856 4857 4851
3 4857 4852 4851
3 4865 4856 4855
3 4864 4859 4840
3 4806 4863 4802
3 4863 4856 4860
3 4865 4855 4858
3 4824 4842 4848
3 4858 4855 4854
3 4803 4864 4840
3 4864 4860 4865
3 4858 4854 4848
3 4865 4858 4859
3 4864 4803 4802
3 4864 4802 4863
3 4865 4860 4856
3 4859 4864 4865
3 4864 4863 4860
3 4859 4842 4840
3 4866 4665 1461
3 1445 1466 1446
3 4665 4867 4666
3 4867 4753 4869
3 4866 1438 4727
3 4867 4665 4866
3 4727 1438 4728
3 4655 4665 4666
3 4665 4655 1453
3 4655 4868 1453
3 4868 1452 1453
3 4868 1445 1452
3 4867 4869 4525
3 4665 1453 1461
3 4666 4867 4525
3 4525 4869 4527
3 4772 4754 4767
3 4748 4872 4749
3 4754 4718 4749
3 4749 4767 4754
3 1434 1437 4872
3 4873 4871 4870
3 4873 4872 1437
3 4656 1445 4868
3 4657 1445 4656
3 4873 4767 4872
3 1434 1435 1437
3 4748 1434 4872
3 4868 4655 4656
3 4870 4874 4873
3 4728 1434 4748
3 4866 4727 4753
3 4873 4772 4767
3 4866 1461 1438
3 1438 1434 4728
3 4873 4874 4772
3 4773 4772 4874
3 4749 4872 4767
3 4867 4866 4753
3 4519 4666 4525
3 1239 4079 1584
3 4875 4876 4652
3 1243 4875 1245
3 1468 4875 1243
3 4652 4072 4877
3 1245 4652 4877
3 1448 4876 4875
3 1245 4877 1239
3 1468 1448 4875
3 4652 4876 4653
3 1451 4653 4876
3 1448 1451 4876
3 1468 1432 1448
3 1245 4875 4652
3 4877 4079 1239
3 4877 4072 4062
3 4653 4072 4652
3 4062 4079 4877
3 1584 4079 4073
3 1584 4073 1585
3 4527 4869 4751
3 4527 4751 4746
3 4530 4527 4746
3 4530 4528 4527
3 4869 4753 4751
3 4882 4880 4773
3 4882 4773 4874
3 4883 4880 4882
3 4773 4885 4771
3 4878 4883 4882
3 4886 4888 4887
3 4889 4890 4891
3 4890 4889 4892
3 1416 4893 1435
3 4870 4871 4887
3 4893 1437 1435
3 4873 1437 4871
3 1416 4871 4893
3 4871 1437 4893
3 4880 4879 4884
3 4883 4879 4880
3 4870 4882 4874
3 4870 4878 4882
3 4887 4871 4895
3 4895 1410 1417
3 4888 4878 4887
3 4878 4870 4887
3 1417 4892 4894
3 1417 4894 4895
3 4890 4892 1417
3 4890 1417 1412
3 1410 4895 4871
3 4890 1412 4891
3 4894 4887 4895
3 1411 1421 1413
3 4879 4883 4878
3 1410 4871 1416
3 4896 1061 4897
3 4894 4900 4886
3 4894 4892 4900
3 4894 4886 4887
3 4888 4886 4901
3 4902 4896 4898
3 4898 4896 4897
3 4898 4897 4904
3 4903 4898 4881
3 4888 4901 4903
3 4879 4878 4888
3 4879 4888 4881
3 4899 4898 4905
3 4881 4884 4879
3 4881 4899 4884
3 4900 4892 4889
3 4881 4888 4903
3 4886 4907 4901
3 4881 4898 4899
3 4909 4901 4908
3 4901 4909 4902
3 4907 4886 4900
3 4903 4901 4902
3 4901 4907 4908
3 4906 4908 4907
3 4902 4909 1038
3 4902 4898 4903
3 4902 1038 4910
3 4909 4911 1059
3 1042 4910 1038
3 1042 969 4910
3 4908 4911 4909
3 1038 4909 1059
3 4902 4910 4896
3 1061 4896 4910
3 969 1037 4910
3 1061 4910 1037
3 4897 1061 4912
3 4770 4764 4914
3 4884 4915 4913
3 4764 4885 4914
3 4913 4914 4885
3 4884 4913 4880
3 4880 4913 4885
3 4771 4885 4768
3 4768 4885 4764
3 4773 4880 4885
3 4899 4915 4884
3 4917 4916 4905
3 4919 4770 4914
3 4770 4830 4839
3 4915 4919 4913
3 4917 4905 4904
3 4919 4916 4920
3 4919 4920 4837
3 4919 4914 4913
3 4915 4916 4919
3 4770 4837 4830
3 4915 4899 4905
3 4915 4905 4916
3 4770 4839 4757
3 4919 4837 4770
3 4898 4904 4905
3 4924 4925 4926
3 4930 4923 4929
3 4922 4935 4923
3 4936 4937 4935
3 4932 4938 4939
3 4676 4708 4934
3 839 4714 4713
3 4939 4933 4932
3 4941 4706 4702
3 4942 4927 4925
3 4940 835 4930
3 4929 4935 4702
3 4945 4715 835
3 4929 4923 4935
3 4932 4931 4946
3 4934 4941 4943
3 4702 4935 4941
3 826 4930 828
3 4947 4938 4948
3 4939 4938 4949
3 4945 835 4940
3 839 4692 4714
3 4715 4945 4701
3 835 4715 838
3 4948 4952 4947
3 4929 4940 4930
3 4950 4951 4949
3 4933 4922 4953
3 4936 4925 4937
3 4926 4949 4924
3 4706 4941 4934
3 4928 4943 4944
3 4921 4953 4922
3 814 821 823
3 4951 4924 4949
3 4946 4952 4948
3 828 824 823
3 4690 4715 4701
3 838 824 828
3 4701 4940 4702
3 4953 4931 4932
3 4692 4715 4690
3 4953 4932 4933
3 4705 4706 4934
3 4953 4921 4954
3 4924 4942 4925
3 4941 4935 4937
3 839 4715 4692
3 826 827 4930
3 4934 4708 4707
3 828 835 838
3 4715 839 838
3 4943 4937 4927
3 4921 4923 4930
3 827 4921 4930
3 4926 4922 4933
3 4936 4935 4922
3 4934 4707 4705
3 4945 4940 4701
3 4934 4943 4928
3 4940 4929 4702
3 4928 4676 4934
3 828 4930 835
3 4936 4922 4926
3 4926 4925 4936
3 4943 4927 4944
3 4941 4937 4943
3 4932 4948 4938
3 4937 4925 4927
3 4939 4949 4926
3 4939 4926 4933
3 4946 4948 4932
3 1130 1125 1126
3 4959 4958 4956
3 4711 4955 1131
3 1126 4711 1131
3 1126 1137 4711
3 4959 4956 4957
3 4707 4708 4956
3 1112 1125 1130
3 4958 4955 4956
3 4711 4956 4955
3 4711 4707 4956
3 4958 1062 1131
3 1062 1138 1131
3 1131 4955 4958
3 4676 4928 4674
3 4676 4675 4708
3 4672 4674 4944
3 1131 1130 1126
3 4956 4708 4957
3 4944 4674 4928
3 4923 4921 4922
3 4962 4961 4963
3 4965 4966 4967
3 4964 4963 4972
3 4970 4960 4971
3 4963 4964 4962
3 4962 4968 4965
3 4960 4970 4965
3 4972 4963 4975
3 4968 4962 4969
3 4972 4976 4964
3 4981 4982 4969
3 4976 4981 4964
3 4987 4986 4985
3 4965 4967 4960
3 4960 4967 4979
3 4971 4960 4977
3 4968 4993 4978
3 4994 4992 4987
3 4963 4980 4975
3 4992 4967 4966
3 4993 4988 4978
3 4988 4993 4997
3 4996 4829 4841
3 4829 4996 4997
3 4997 4996 4988
3 4968 4978 4965
3 4970 4962 4965
3 4990 4991 4998
3 4967 4992 4995
3 4998 4991 4985
3 4962 4964 4969
3 4994 4987 4991
3 4985 4991 4987
3 4975 4989 4999
3 4965 4978 4966
3 4970 4961 4962
3 4978 4986 4966
3 4978 4988 4986
3 4942 5000 5001
3 4979 4967 4995
3 4944 4942 5001
3 5004 4977 4979
3 5005 5002 5003
3 5001 5005 4984
3 4950 4970 4951
3 4977 5000 4942
3 5005 5004 5002
3 5004 5000 4977
3 4977 4942 4924
3 4971 4977 4924
3 4951 4971 4924
3 4960 4979 4977
3 4950 4961 4970
3 4979 4995 5002
3 4944 4927 4942
3 5004 4979 5002
3 4970 4971 4951
3 5004 5005 5000
3 4972 4973 4976
3 4966 4986 4987
3 4981 4969 4964
3 4982 4993 4968
3 5005 5003 4984
3 4986 4988 4985
3 4992 4966 4987
3 4969 4982 4968
3 5001 5000 5005
3 4944 5001 4672
3 4973 4974 4976
3 5001 4984 4672
3 5007 4994 4991
3 5010 5003 5002
3 5010 5002 4995
3 5013 5014 5007
3 5012 5007 4991
3 5016 5017 5018
3 4916 4917 4918
3 5019 4992 4994
3 5015 5003 5010
3 5015 5010 5021
3 5018 5017 5022
3 4912 1061 5017
3 4990 5012 4991
3 4897 4912 4904
3 4992 5010 4995
3 1061 5023 5017
3 5022 5011 5014
3 4912 4917 4904
3 5006 5016 5013
3 4836 5012 4990
3 5022 5014 5018
3 4815 4834 4998
3 4815 4998 4812
3 5010 5019 5020
3 5019 5010 4992
3 5007 5006 5013
3 5010 5020 5021
3 5022 5017 5008
3 5024 5008 5025
3 5022 5009 5011
3 5025 5008 5023
3 4918 4920 4916
3 5017 5023 5008
3 4818 4990 4834
3 4988 4996 4985
3 4836 4920 5012
3 5012 4920 4918
3 4836 4837 4920
3 4841 4985 4996
3 4841 4998 4985
3 4990 4998 4834
3 4812 4998 4841
3 4917 5006 4918
3 5014 5013 5018
3 4836 4816 4837
3 5011 5024 5026
3 4912 5017 5016
3 4912 5016 5006
3 5022 5008 5009
3 5009 5008 5024
3 4836 4990 4818
3 5018 5013 5016
3 5007 4918 5006
3 5011 5026 5021
3 5009 5024 5011
3 5011 5021 5020
3 5021 5026 5015
3 4912 5006 4917
3 5007 5012 4918
3 1047 5029 5030
3 5031 1034 1011
3 5034 5030 5027
3 5035 5036 5028
3 5039 990 5040
3 5034 5041 5025
3 5045 5031 5033
3 5046 5043 5042
3 5025 5041 5049
3 5028 5048 5050
3 5040 990 5051
3 5032 5052 5033
3 5055 1132 1139
3 5032 5056 5052
3 5039 5057 5056
3 5057 5040 5058
3 5057 5059 5056
3 5037 5026 5038
3 5059 5054 5062
3 5030 5029 5047
3 5028 5047 5048
3 5025 5049 5024
3 5053 1132 5055
3 5036 5066 5037
3 990 1020 5051
3 5045 5033 5029
3 5024 5049 5026
3 5030 5047 5027
3 5045 1034 5031
3 5050 5046 5044
3 5048 5033 5052
3 1011 5032 5031
3 5041 5027 5028
3 5049 5041 5036
3 5049 5036 5038
3 5032 5033 5031
3 5039 5032 1011
3 1049 1050 5030
3 1017 5045 1047
3 5039 1011 990
3 1047 5045 5029
3 5048 5046 5050
3 5026 5049 5038
3 5048 5052 5046
3 5028 5050 5035
3 1049 5030 5034
3 5044 5065 5066
3 5041 5034 5027
3 5055 5063 5062
3 5046 5052 5068
3 5063 5055 1139
3 5035 5044 5066
3 5035 5066 5036
3 5041 5028 5036
3 5036 5037 5038
3 5054 5055 5062
3 5027 5047 5028
3 5033 5048 5029
3 1050 1047 5030
3 1017 1034 5045
3 5042 5065 5044
3 5056 5059 5064
3 5046 5068 5043
3 5043 1062 5042
3 5057 5061 5059
3 5039 5040 5057
3 5056 5064 5052
3 1139 1135 5063
3 5032 5039 5056
3 1102 5043 5068
3 5068 5064 5059
3 5068 5059 5062
3 1102 5068 5062
3 5060 5054 5059
3 1135 1102 5063
3 5054 5053 5055
3 1138 5043 1102
3 5063 1102 5062
3 5044 5046 5042
3 5035 5050 5044
3 5052 5064 5068
3 5042 1062 5065
3 5029 5048 5047
3 4675 5067 4959
3 4983 5037 5066
3 4983 5003 5015
3 5069 5067 4675
3 5037 4983 5015
3 1061 1036 5023
3 5026 5037 5015
3 5019 5014 5020
3 5014 5011 5020
3 5014 5019 4994
3 5023 5034 5025
3 5007 5014 4994
3 5043 1138 1062
3 4984 4983 4673
3 4959 5065 1062
3 4959 1062 4958
3 4673 4672 4984
3 4959 5067 5065
3 4675 4957 4708
3 5069 4675 4673
3 4675 4959 4957
3 4983 5069 4673
3 4984 5003 4983
3 5069 4983 5066
3 5069 5066 5065
3 5065 5067 5069
3 1036 1049 5034
3 5023 1036 5034
3 4436 5073 4451
3 5070 5072 5071
3 4861 5072 5070
3 4479 4451 5073
3 5077 4477 4479
3 5077 4479 5073
3 5071 5077 5073
3 5078 4481 5077
3 5075 5076 5078
3 5071 4450 4462
3 4450 4436 4448
3 4450 5073 4436
3 5071 5073 4450
3 5072 5074 5071
3 4862 4861 4857
3 4861 5070 4857
3 5074 5075 5078
3 4857 5070 4462
3 5071 5078 5077
3 4477 5077 4481
3 5071 4462 5070
3 5078 4482 4481
3 5074 5078 5071
3 5080 5085 5083
3 5090 5085 5080
3 5083 5079 5080
3 5086 5082 5087
3 5088 5092 5076
3 5081 5086 5087
3 5084 5082 5085
3 5087 5082 5088
3 4804 5079 5089
3 5072 4810 5081
3 5092 5091 5076
3 5072 4861 4810
3 5079 5083 5089
3 5086 4810 5083
3 5086 5083 5085
3 5087 5088 5075
3 5072 5081 5075
3 5081 4810 5086
3 5086 5085 5082
3 5076 5091 5078
3 5072 5075 5074
3 5088 5076 5075
3 5084 5085 5090
3 5079 4804 5094
3 5087 5075 5081
3 5080 5079 5094
3 5080 5094 5093
3 4804 5089 4799
3 5083 4810 4811
3 5089 4808 4807
3 4807 4799 5089
3 4811 4808 5089
3 5083 4811 5089
3 5097 5099 5098
3 5110 5106 5109
3 5113 5115 5114
3 5116 5090 5080
3 5103 5117 5112
3 5097 5119 5099
3 5099 5119 5113
3 5102 5103 5106
3 5102 5113 5103
3 5106 5112 5120
3 5102 5118 5101
3 5103 5112 5106
3 5120 5121 5093
3 5099 5113 5114
3 5112 5121 5120
3 5100 5108 5111
3 5100 5107 5108
3 5119 5100 5117
3 5112 5117 5121
3 5120 5093 5109
3 5114 5105 5098
3 5099 5114 5098
3 5093 5121 5116
3 5107 5100 5097
3 5111 5108 5084
3 5120 5109 5106
3 5121 5111 5116
3 5117 5100 5121
3 5090 5111 5084
3 5105 5104 5098
3 5103 5113 5117
3 5090 5116 5111
3 5115 5113 5102
3 5126 5109 5093
3 5119 5117 5113
3 5119 5097 5100
3 5121 5100 5111
3 5126 5093 5094
3 5109 5126 5127
3 5126 5094 5096
3 5093 5116 5080
3 5094 4804 5096
3 5115 5102 5101
3 5131 5128 5133
3 5129 5118 5131
3 5132 5134 5101
3 5135 5129 5131
3 5132 5118 5129
3 5132 5101 5118
3 5135 5132 5129
3 5115 5101 5136
3 5136 5101 5134
3 5106 5130 5128
3 5131 5118 5128
3 5106 5128 5102
3 5128 5118 5102
3 5136 5114 5115
3 5137 5135 5138
3 5132 5140 5134
3 5139 5135 5143
3 5145 5146 5137
3 5135 5131 5138
3 5132 5135 5140
3 5134 5141 5142
3 5141 5134 5140
3 5142 5136 5134
3 5135 5139 5140
3 5144 5133 5148
3 5144 5138 5133
3 5150 5149 5148
3 5133 5138 5131
3 5145 5137 5138
3 5148 5149 5151
3 5133 5150 5148
3 5145 5138 5144
3 5152 5153 4974
3 5153 5155 4981
3 5156 5158 5154
3 5155 4796 4797
3 5152 5127 5159
3 5156 5154 5150
3 5128 5130 5150
3 5130 5156 5150
3 4974 5158 5152
3 5095 4791 5160
3 5127 5152 5156
3 5159 5157 5153
3 5130 5110 5156
3 5156 5152 5158
3 5110 5127 5156
3 4804 4791 5095
3 5158 4974 4973
3 5149 5150 5154
3 4804 5095 5096
3 5157 5162 5160
3 4796 5160 4791
3 5153 5157 5155
3 4976 4974 4981
3 5152 5159 5153
3 5130 5106 5110
3 5109 5127 5110
3 5159 5162 5157
3 5160 4796 5155
3 5159 5127 5162
3 5095 5160 5162
3 5158 5161 5154
3 5127 5126 5096
3 5162 5096 5095
3 5128 5150 5133
3 4974 5153 4981
3 5127 5096 5162
3 5158 4973 5161
3 5149 5161 5151
3 5154 5161 5149
3 5160 5155 5157
3 4797 4798 5155
3 4981 5155 4982
3 4993 5163 4997
3 5155 5163 4993
3 5155 4798 5163
3 4997 4798 4829
3 4798 4794 4829
3 4982 5155 4993
3 5163 4798 4997
3 5164 5165 5166
3 5167 5168 5165
3 4954 4952 4946
3 5148 5151 5144
3 5165 5171 5166
3 5169 5165 5164
3 826 5180 5167
3 5175 4989 5177
3 5166 5181 5173
3 4938 4947 5177
3 4980 4989 4975
3 4952 5169 5164
3 5169 5167 5165
3 5147 5145 5144
3 5144 5151 5174
3 4961 4980 4963
3 5175 5164 5172
3 5171 5181 5166
3 4973 5183 5161
3 5185 5186 4989
3 5183 4973 4972
3 4961 5184 4980
3 4947 5164 5175
3 4972 4975 5183
3 5183 4975 5187
3 5187 4999 5179
3 5147 5144 5174
3 5187 5174 5151
3 5164 4947 4952
3 4975 4999 5187
3 4989 4980 5184
3 5175 5185 4989
3 5147 5176 5145
3 5177 4989 5184
3 4947 5175 5177
3 4950 5184 4961
3 5172 5178 5185
3 5178 5176 5179
3 5176 5166 5173
3 5186 5185 5178
3 5151 5161 5183
3 5166 5178 5172
3 5176 5178 5166
3 4999 5186 5178
3 4989 5186 4999
3 4999 5178 5179
3 4952 4954 5169
3 4921 827 5169
3 5187 5151 5183
3 4954 4921 5169
3 5179 5147 5174
3 5179 5176 5147
3 5187 5179 5174
3 5172 5164 5166
3 5185 5175 5172
3 5168 5167 5180
3 4950 4949 5184
3 5184 4949 5177
3 4954 4946 4931
3 4949 4938 5177
3 5193 730 5188
3 5198 5200 5199
3 5203 5192 5189
3 5204 5205 5195
3 5209 5210 5203
3 5209 5211 5210
3 5211 5202 5201
3 5196 735 3659
3 5188 735 5197
3 5196 5202 5209
3 5215 5205 5208
3 5204 5208 5205
3 5215 5195 5205
3 705 5215 707
3 5209 5202 5211
3 5188 5195 5215
3 5188 5215 5193
3 5218 5219 5220
3 704 5193 5215
3 5192 5194 5189
3 5221 5214 5222
3 713 5215 5208
3 704 730 5193
3 5192 5203 5210
3 5197 5190 5195
3 735 5188 730
3 5215 713 707
3 704 5215 705
3 5191 5189 5216
3 5196 5209 5197
3 5206 5192 5210
3 5224 5199 5200
3 5217 5224 5225
3 5227 5213 5196
3 5207 5199 5214
3 5230 5217 5225
3 5201 5229 5223
3 5211 5198 5207
3 5198 5199 5207
3 5198 5223 5200
3 5203 5190 5197
3 5201 5228 5229
3 5223 5211 5201
3 5224 5217 5199
3 5225 5219 5218
3 5211 5223 5198
3 5223 5229 5226
3 5217 5222 5199
3 5223 5226 5231
3 5197 5195 5188
3 5207 5212 5206
3 5213 5201 5202
3 5203 5197 5209
3 5190 5203 5189
3 5211 5207 5206
3 5228 5213 5227
3 5199 5222 5214
3 5201 5213 5228
3 5207 5214 5212
3 5196 5197 735
3 5223 5231 5200
3 5213 5202 5196
3 5211 5206 5210
3 5233 5235 5234
3 5192 5237 5194
3 5139 5141 5140
3 5141 5241 5240
3 5238 5235 5233
3 5235 5240 5241
3 5194 5236 5189
3 5139 5241 5141
3 5241 5242 5235
3 5139 5143 5241
3 5194 5237 5236
3 5243 5242 5143
3 5241 5143 5242
3 5216 5236 5232
3 5235 5242 5234
3 5233 5236 5237
3 5189 5236 5216
3 5232 5234 5243
3 5236 5234 5232
3 5232 5239 5216
3 5234 5236 5233
3 5244 5239 5232
3 5171 5247 5181
3 5180 826 829
3 5170 5249 5246
3 5182 5251 5249
3 5182 5250 5251
3 5249 5170 5252
3 5167 5169 827
3 5246 5249 5245
3 829 834 5180
3 836 5254 5253
3 5181 5247 5253
3 5253 5168 836
3 5165 5168 5171
3 4953 4954 4931
3 5253 5250 5181
3 5171 5168 5247
3 827 826 5167
3 5254 5255 5253
3 5247 5168 5253
3 5256 5245 5248
3 5249 5251 5245
3 5246 5245 5256
3 5180 834 836
3 5182 5173 5250
3 5250 5173 5181
3 5251 5248 5245
3 836 5168 5180
3 5248 5251 5250
3 5250 5253 5255
3 5252 5182 5249
3 5170 5246 5146
3 5258 744 5259
3 5262 5257 5259
3 5263 741 5258
3 5261 5260 714
3 741 744 5258
3 5258 5259 5264
3 713 708 709
3 5208 714 713
3 5261 5204 5266
3 708 714 5260
3 5266 5262 5261
3 5261 5208 5204
3 5262 5260 5261
3 713 709 707
3 5145 5176 5252
3 745 708 5260
3 5266 5204 5239
3 5254 5263 5255
3 5173 5182 5176
3 5263 5258 5255
3 5176 5182 5252
3 5257 5244 5248
3 5265 5248 5250
3 5265 5250 5255
3 5244 5256 5248
3 744 5260 5259
3 5265 5257 5248
3 744 745 5260
3 5265 5264 5257
3 5264 5259 5257
3 5259 5260 5262
3 5269 5146 5246
3 5269 5143 5137
3 5191 5267 5190
3 5190 5204 5195
3 5189 5191 5190
3 743 777 745
3 832 747 830
3 5256 5244 5268
3 5242 5243 5234
3 5239 5204 5267
3 5264 5265 5258
3 5135 5137 5143
3 5254 747 5263
3 5145 5170 5146
3 5269 5246 5268
3 5265 5255 5258
3 5146 5269 5137
3 5145 5252 5170
3 5269 5268 5243
3 5246 5256 5268
3 5232 5268 5244
3 5244 5262 5266
3 5143 5269 5243
3 5232 5243 5268
3 714 5208 5261
3 5266 5239 5244
3 5254 836 830
3 5257 5262 5244
3 5267 5216 5239
3 5216 5267 5191
3 5190 5267 5204
3 830 747 5254
3 747 741 5263
3 4497 4483 5270
3 4482 5270 4483
3 5108 5123 5092
3 5272 5273 5123
3 5123 5091 5092
3 5270 5091 5273
3 5092 5088 5082
3 5084 5108 5092
3 5270 4482 5091
3 5273 5091 5123
3 5091 4482 5078
3 5082 5084 5092
3 5280 5282 5281
3 5283 5284 5285
3 5107 5124 5123
3 5289 4494 4492
3 5287 5124 5290
3 5284 5276 5285
3 4492 4421 4497
3 5297 5298 5296
3 5285 5300 5301
3 5299 5289 5279
3 5277 5299 5291
3 5302 5280 5281
3 5301 5294 5292
3 5277 5303 5278
3 5289 4492 4497
3 5287 5290 5125
3 5304 5291 5295
3 5286 5279 5289
3 5289 5273 5286
3 5299 4494 5289
3 5273 5289 4497
3 5304 5281 5303
3 5288 5279 5286
3 5275 5305 5276
3 5274 5293 5295
3 5288 5272 5271
3 5280 5296 5282
3 5306 5301 5307
3 5124 5107 5097
3 5303 5281 5282
3 5280 5302 5306
3 5306 5294 5301
3 5288 5274 5295
3 5287 5274 5124
3 5293 5302 5304
3 5275 5308 5305
3 5279 5295 5291
3 5277 5291 5303
3 5285 5301 5283
3 5291 5299 5279
3 5307 5301 5300
3 5296 5280 5297
3 5272 5286 5273
3 5302 5281 5304
3 5294 5293 5292
3 5292 5274 5287
3 4494 5277 5309
3 5301 5292 5283
3 5287 5125 5292
3 5098 5290 5097
3 5271 5272 5123
3 5288 5271 5274
3 5293 5274 5292
3 4494 5299 5277
3 4497 5270 5273
3 5306 5302 5294
3 5294 5302 5293
3 5124 5097 5290
3 5304 5295 5293
3 5271 5123 5124
3 5271 5124 5274
3 5288 5286 5272
3 5123 5108 5107
3 5288 5295 5279
3 5303 5291 5304
3 5278 5303 5282
3 5284 5275 5276
3 4235 4238 4232
3 5315 4233 5314
3 4233 5310 5311
3 4238 5314 4232
3 5314 4233 4232
3 5311 5310 5312
3 5312 5315 5316
3 4233 5315 5310
3 5312 5316 5319
3 5319 5318 5312
3 5315 5312 5310
3 5318 5320 5317
3 5319 5320 5318
3 4238 5323 5314
3 5315 5314 5323
3 5315 5322 5316
3 5322 5315 5323
3 5323 4238 4245
3 5321 5323 4245
3 5326 5327 5324
3 5328 5326 5324
3 5329 5316 5325
3 5325 5328 5324
3 5331 5329 5325
3 5333 5329 5331
3 5325 5324 5331
3 5316 5329 5319
3 5331 5324 5332
3 5329 5320 5319
3 5325 5330 5328
3 5325 5316 5330
3 5330 5316 5322
3 5323 5335 5322
3 5335 5323 5321
3 5336 5339 5337
3 5337 5339 5312
3 5336 5340 5339
3 5339 5340 5338
3 5312 5339 5338
3 5343 4240 5342
3 5338 5313 5312
3 5313 5311 5312
3 5311 4244 4233
3 5341 5342 4244
3 5341 4244 5313
3 5337 5312 5317
3 5311 5313 4244
3 5344 5337 5317
3 5317 5312 5318
3 5345 5350 5348
3 5348 5349 5345
3 5346 5345 5347
3 5352 5351 5349
3 5355 5358 5357
3 5355 5357 5356
3 5333 5360 5344
3 5353 5359 5362
3 5359 5356 5363
3 5329 5344 5320
3 5344 5317 5320
3 5354 5364 5353
3 5364 5366 5361
3 5344 5360 5362
3 5372 5370 5371
3 5357 5358 5367
3 5362 5337 5344
3 5367 5373 5357
3 5367 5358 5369
3 5358 5374 5369
3 5371 5369 5374
3 5372 5374 5375
3 5357 5373 5368
3 5361 5376 5355
3 5374 5372 5371
3 5358 5365 5374
3 5360 5353 5362
3 5353 5360 5354
3 5356 5357 5363
3 5353 5356 5359
3 5333 5344 5329
3 5354 5360 5377
3 5362 5336 5337
3 5355 5376 5365
3 5358 5355 5365
3 5354 5366 5364
3 5364 5356 5353
3 5355 5356 5361
3 5364 5361 5356
3 5378 5371 5370
3 5374 5365 5375
3 5365 5379 5380
3 5380 5384 5385
3 5366 5381 5386
3 5381 5349 5379
3 5386 5376 5361
3 5386 5381 5379
3 5366 5386 5361
3 5380 5379 5351
3 5380 5385 5375
3 5365 5380 5375
3 5382 5380 5351
3 5382 5384 5380
3 5345 5381 5347
3 5349 5351 5379
3 5386 5379 5376
3 5365 5376 5379
3 5366 5347 5381
3 5349 5381 5345
3 4245 4247 5321
3 5388 4247 5387
3 5388 5321 4247
3 4247 4245 4237
3 4186 5387 4247
3 5388 5335 5321
3 4183 4186 4247
3 4183 4179 4172
3 4178 4183 4247
3 4183 4185 4186
3 4172 4185 4183
3 4166 5389 4184
3 4159 5389 4166
3 4186 4185 5389
3 5389 4185 4184
3 4186 5389 5390
3 4186 5390 5387
3 4159 4161 5390
3 4159 5390 5389
3 5391 5397 5394
3 4161 5394 5393
3 5391 5394 4161
3 5394 5392 5393
3 5399 5394 5395
3 5391 5403 5401
3 5400 5392 5394
3 5394 5399 5400
3 5397 5395 5394
3 4160 5391 4161
3 5395 5396 5399
3 4160 5403 5391
3 5405 5404 5406
3 5393 5392 5404
3 5393 5390 4161
3 5393 5405 5390
3 5405 5393 5404
3 5407 4167 5403
3 4150 4149 4162
3 4160 4162 5407
3 4149 4153 5407
3 4160 5407 5403
3 5407 4162 4149
3 5407 4153 4167
3 4167 5401 5403
3 4167 4151 5401
3 4630 4629 5408
3 4630 4501 4559
3 4559 4501 4502
3 5401 5402 5391
3 5391 5402 5397
3 5401 4501 5408
3 4623 4630 4565
3 5401 4151 4498
3 5398 5397 5402
3 5401 4498 4501
3 4501 4630 5408
3 4567 4623 4565
3 5408 5402 5401
3 5402 5408 4629
3 4565 4630 4559
3 4566 4567 4565
3 4151 4152 4498
3 5335 5388 5406
3 5334 5328 5330
3 5404 5392 5400
3 5409 5335 5406
3 5334 5330 5409
3 5396 5410 5411
3 5411 5334 5399
3 5390 5405 5388
3 5411 5399 5396
3 5411 5326 5328
3 5387 5390 5388
3 5330 5322 5335
3 5411 5328 5334
3 5335 5409 5330
3 5404 5409 5406
3 5388 5405 5406
3 5400 5334 5409
3 5404 5400 5409
3 5334 5400 5399
3 5413 4624 4628
3 5412 5414 5415
3 5413 4628 5416
3 5414 5412 5413
3 5412 4624 5413
3 5395 5397 5398
3 5395 5398 5417
3 5418 5417 5398
3 5395 5417 5415
3 5415 5417 5412
3 4627 4624 5418
3 5398 4629 5418
3 5418 4629 4627
3 5417 5418 5412
3 5418 4624 5412
3 5398 5402 4629
3 5413 5419 5414
3 5419 5421 5414
3 5423 5416 5422
3 4628 4632 5422
3 5416 4628 5422
3 5425 5424 5423
3 4632 4626 4625
3 4632 4649 5422
3 4626 4632 4628
3 4628 4624 4626
3 4603 4649 4632
3 5428 5429 5427
3 5427 5425 5430
3 5425 5427 5429
3 5424 5425 5426
3 5424 5416 5423
3 5416 5419 5413
3 5431 5427 5430
3 5433 5430 4643
3 5425 5432 5430
3 5352 5348 5436
3 5348 5435 5436
3 5348 5350 5435
3 5345 5437 5350
3 5327 5438 5332
3 5333 5377 5360
3 5346 5347 5366
3 5332 5333 5331
3 5439 5438 5437
3 5366 5439 5440
3 5377 5332 5438
3 5440 5439 5437
3 5377 5366 5354
3 5440 5346 5366
3 5346 5437 5345
3 5377 5438 5439
3 5332 5377 5333
3 5327 5332 5324
3 5377 5439 5366
3 5440 5437 5346
3 5327 5437 5438
3 5414 5421 5420
3 5437 5327 5350
3 5435 5350 5434
3 5350 5441 5434
3 5441 5350 5326
3 5441 5426 5434
3 5414 5420 5415
3 5396 5415 5410
3 5410 5420 5441
3 5420 5421 5441
3 5421 5426 5441
3 5327 5326 5350
3 5326 5410 5441
3 5326 5411 5410
3 5415 5396 5395
3 5410 5415 5420
3 5352 5442 5351
3 5442 5443 5351
3 5444 5442 5436
3 5442 5352 5436
3 5445 5446 5444
3 5445 5444 5431
3 5446 5445 5448
3 5446 5449 5447
3 5447 5442 5444
3 5446 5447 5444
3 5451 5429 5428
3 5434 5429 5451
3 5426 5429 5434
3 5431 5430 5433
3 5444 5450 5427
3 5445 5431 5433
3 5428 5427 5450
3 5433 5448 5445
3 5450 5451 5428
3 5431 5444 5427
3 5419 5424 5426
3 5419 5416 5424
3 5419 5426 5421
3 5426 5425 5429
3 5434 5451 5436
3 5435 5434 5436
3 5450 5444 5436
3 5451 5450 5436
3 5454 5455 5456
3 5453 5452 5455
3 5452 5458 5455
3 5453 5455 5454
3 5457 5455 5458
3 5462 5463 5466
3 5466 5461 5464
3 5461 5466 5463
3 5479 5468 5478
3 5470 5468 5467
3 5474 5467 5468
3 5472 5480 5471
3 5471 5467 5472
3 5476 5477 5472
3 5472 5463 5473
3 5472 5477 5480
3 5475 5474 5468
3 5474 5472 5467
3 5476 5472 5473
3 5463 5472 5474
3 5482 5478 5470
3 5475 5468 5479
3 5467 5469 5470
3 5468 5470 5478
3 5484 5486 5485
3 5485 5486 5488
3 5487 5486 5484
3 5489 5491 5490
3 5494 5497 5495
3 5497 5489 5493
3 5499 5500 5498
3 5504 5490 5491
3 5489 5490 5493
3 5489 5497 5494
3 5490 5496 5493
3 5494 5506 5505
3 5490 5501 5492
3 5504 5485 5501
3 5502 5507 5498
3 5501 5488 5503
3 5489 5494 5505
3 5500 5492 5498
3 5501 5490 5504
3 5496 5492 5500
3 5489 5505 5491
3 5504 5491 5485
3 5508 5507 5509
3 5499 5498 5507
3 5492 5501 5498
3 5501 5485 5488
3 5518 5514 5519
3 5514 5515 5512
3 5520 5512 5513
3 5516 5514 5518
3 5517 5520 5513
3 5513 5512 5515
3 5514 5521 5515
3 5514 5512 5519
3 5510 5487 5484
3 5506 5524 5520
3 5523 5510 5517
3 5510 5523 5487
3 5523 5517 5526
3 5520 5525 5519
3 5523 5526 5487
3 5520 5517 5510
3 5520 5524 5525
3 5491 5505 5484
3 5506 5522 5524
3 5491 5484 5485
3 5510 5505 5506
3 5522 5519 5524
3 5518 5528 5527
3 5525 5524 5519
3 5484 5505 5510
3 5494 5522 5506
3 5518 5519 5528
3 5512 5520 5519
3 5506 5520 5510
3 5529 5453 5502
3 5529 5502 5501
3 5529 5501 5503
3 5453 5454 5502
3 5502 5498 5501
3 5526 5531 5530
3 5529 5503 5486
3 5530 5462 5466
3 5517 5513 5526
3 5526 5513 5531
3 5526 5530 5487
3 5503 5488 5486
3 5529 5486 5466
3 5462 5473 5463
3 5466 5487 5530
3 5486 5487 5466
3 5453 5529 5464
3 5529 5466 5464
3 5496 5533 5532
3 5496 5534 5533
3 5535 5496 5532
3 5493 5496 5535
3 5537 5539 5538
3 5542 5538 5540
3 5543 5536 5544
3 5540 5538 5539
3 5546 5534 5541
3 5533 5534 5546
3 5544 5546 5543
3 5499 5534 5500
3 5492 5496 5490
3 5549 5548 5550
3 5538 5542 5545
3 5536 5537 5538
3 5499 5541 5534
3 5541 5499 5551
3 5551 5543 5546
3 5553 5536 5543
3 5537 5536 5552
3 5554 5539 5537
3 5536 5553 5552
3 5500 5534 5496
3 5542 5540 5548
3 5551 5546 5541
3 5536 5545 5555
3 5558 5557 5559
3 5511 5556 5557
3 5557 5556 5559
3 5557 5553 5508
3 5507 5502 5511
3 5557 5508 5511
3 5509 5511 5508
3 5499 5507 5508
3 5507 5511 5509
3 5543 5551 5553
3 5554 5537 5558
3 5552 5558 5537
3 5557 5558 5552
3 5553 5557 5552
3 5553 5551 5508
3 5551 5499 5508
3 5511 5502 5556
3 5456 5563 5454
3 5455 5457 5459
3 5560 5457 5460
3 5457 5561 5459
3 5562 5561 5560
3 5457 5560 5561
3 5564 5559 5563
3 5562 5564 5563
3 5563 5556 5454
3 5561 5563 5456
3 5563 5559 5556
3 5560 5565 5562
3 5562 5563 5561
3 5456 5455 5459
3 5502 5454 5556
3 5459 5561 5456
3 5536 5538 5545
3 5542 5549 5545
3 5548 5549 5542
3 5567 5568 5569
3 5569 5566 5567
3 5573 5568 5572
3 5573 5574 5568
3 5569 5576 5566
3 5570 5577 5567
3 5569 5575 5576
3 5567 5577 5579
3 5572 5568 5567
3 5575 5569 5578
3 5570 5567 5566
3 5585 5586 5582
3 5587 5581 5571
3 5582 5581 5580
3 5591 5581 5582
3 5582 5592 5593
3 5585 5582 5580
3 5583 5581 5591
3 5590 5589 5591
3 5583 5584 5581
3 5584 5571 5581
3 5587 5571 5566
3 5588 5591 5589
3 5590 5594 5589
3 5599 5578 5597
3 5595 5597 5578
3 5604 5601 5606
3 5595 5600 5597
3 5598 5597 5600
3 5600 5603 5598
3 5596 5597 5598
3 5603 5596 5598
3 5602 5596 5603
3 5604 5603 5601
3 5607 5608 5609
3 5610 5611 5609
3 5609 5611 5607
3 5597 5610 5599
3 5596 5610 5597
3 5609 5578 5599
3 5575 5578 5609
3 5610 5609 5599
3 5609 5608 5575
3 5605 5613 5614
3 5612 5605 5614
3 5600 5613 5605
3 5614 5617 5612
3 5613 5574 5614
3 5574 5613 5595
3 5615 5614 5574
3 5613 5600 5595
3 5569 5568 5578
3 5615 5574 5573
3 5568 5595 5578
3 5574 5595 5568
3 5619 5620 5621
3 5572 5567 5620
3 5579 5625 5621
3 5579 5577 5626
3 5623 5550 5548
3 5550 5623 5619
3 5621 5550 5619
3 5579 5621 5620
3 5549 5625 5626
3 5579 5626 5625
3 5567 5579 5620
3 5550 5621 5625
3 5627 5624 5623
3 5631 5629 5628
3 5629 5624 5628
3 5624 5627 5628
3 5631 5633 5616
3 5614 5618 5616
3 5618 5631 5616
3 5572 5634 5573
3 5573 5624 5629
3 5572 5620 5634
3 5622 5634 5619
3 5620 5619 5634
3 5624 5634 5622
3 5624 5573 5634
3 5618 5629 5631
3 5614 5615 5618
3 5573 5629 5618
3 5618 5615 5573
3 4636 5635 4648
3 4643 4642 5433
3 5432 4651 4650
3 5432 4643 5430
3 4634 4641 5432
3 4640 5432 4650
3 5432 4640 4634
3 5635 5637 4610
3 4631 5637 4650
3 4651 5423 4649
3 4642 4641 4372
3 4636 4638 5635
3 4639 4640 4650
3 4650 5636 4639
3 4638 5636 5635
3 5432 5425 4651
3 4608 4648 4610
3 5635 5636 5637
3 4641 4643 5432
3 4638 4637 5636
3 5636 4650 5637
3 4648 5635 4610
3 4631 4604 4610
3 4610 5637 4631
3 5636 4637 4639
3 4643 4641 4642
3 4641 4634 4353
3 4631 4650 4649
3 4649 5423 5422
3 4650 4651 4649
3 4603 4631 4649
3 5423 4651 5425
3 5446 5448 5449
3 5448 4401 5449
3 4396 4391 4393
3 5639 5640 4642
3 5640 5639 4391
3 4401 5640 4396
3 4401 5448 5640
3 4391 4372 4366
3 4391 4396 5640
3 4391 5639 4372
3 5639 4642 4372
3 4642 5640 5433
3 5433 5640 5448
3 5383 5443 5447
3 5643 5645 5638
3 5642 5646 5641
3 5643 5644 5645
3 5383 5382 5351
3 5645 5642 5383
3 5449 5645 5447
3 5645 5383 5447
3 5382 5383 5642
3 5349 5348 5352
3 5642 5645 5644
3 5351 5443 5383
3 5443 5442 5447
3 5642 5644 5646
3 4401 5638 5449
3 5449 5638 5645
3 5638 4401 5647
3 5647 4401 4397
3 5539 5650 5540
3 5651 5652 5539
3 5562 5649 5564
3 5652 5650 5539
3 5559 5564 5558
3 5649 5648 5564
3 5648 5651 5539
3 5641 5646 5649
3 5554 5558 5564
3 5554 5648 5539
3 5649 5646 5648
3 5646 5651 5648
3 5554 5564 5648
3 5382 5642 5641
3 5384 5382 5641
3 5657 5452 5658
3 5656 5372 5654
3 5457 5458 5460
3 5657 5653 5458
3 5458 5452 5657
3 5458 5653 5460
3 5385 5654 5372
3 5562 5655 5649
3 5565 5654 5655
3 5649 5655 5654
3 5565 5655 5562
3 5565 5656 5654
3 5654 5384 5649
3 5560 5656 5565
3 5641 5649 5384
3 5654 5385 5384
3 5385 5372 5375
3 5656 5370 5372
3 5656 5560 5653
3 5460 5653 5560
3 5548 5632 5623
3 5623 5622 5619
3 5622 5623 5624
3 5540 5659 5548
3 5638 5647 5643
3 5643 5647 5660
3 5660 5652 5651
3 5644 5660 5651
3 5643 5660 5644
3 5646 5644 5651
3 5662 5633 5628
3 5631 5628 5633
3 5664 5616 5633
3 5633 5663 5664
3 5630 5662 5628
3 5633 5662 5663
3 5663 4398 4400
3 5664 5663 4392
3 4399 5663 5662
3 4399 4398 5663
3 5630 4399 5662
3 4393 4398 4399
3 5666 5647 4397
3 4399 5630 4397
3 5630 5666 4397
3 5540 5650 5659
3 5659 5661 5632
3 5666 5632 5661
3 5647 5661 5660
3 5647 5666 5661
3 5660 5661 5652
3 5659 5650 5661
3 5661 5650 5652
3 5630 5632 5666
3 5659 5632 5548
3 5623 5630 5627
3 5623 5632 5630
3 5628 5627 5630
3 5668 5495 5497
3 5532 5667 5535
3 5497 5535 5669
3 5497 5493 5535
3 5535 5667 5669
3 5668 5497 5669
3 5528 5522 5670
3 5668 5670 5522
3 5671 5668 5673
3 5671 5670 5668
3 5673 5672 5671
3 5528 5519 5522
3 5671 5674 5670
3 5668 5522 5494
3 5668 5494 5495
3 5589 5594 5675
3 5675 5676 5589
3 5681 5682 5679
3 5679 5680 5684
3 5681 5683 5682
3 5586 5585 5687
3 5690 5688 5691
3 5695 5694 5696
3 5697 5698 5690
3 5696 5694 5698
3 5585 5693 5687
3 5692 5697 5691
3 5697 5690 5691
3 5695 5696 5699
3 5689 5688 5690
3 5687 5693 5688
3 5697 5699 5696
3 5697 5696 5698
3 5693 5691 5688
3 5699 5700 5695
3 5693 5585 5702
3 5585 5580 5702
3 5701 5586 5687
3 5703 5704 5694
3 5705 5706 5686
3 5686 5695 5700
3 5707 5695 5686
3 5688 5701 5687
3 5695 5707 5703
3 5695 5703 5694
3 5707 5686 5706
3 5592 5582 5586
3 5711 5684 5712
3 5713 5712 5680
3 5684 5717 5685
3 5680 5712 5684
3 5679 5684 5685
3 5698 5709 5690
3 5680 5679 5716
3 5689 5690 5709
3 5689 5685 5701
3 5689 5709 5714
3 5711 5717 5684
3 5689 5701 5688
3 5714 5685 5689
3 5711 5592 5717
3 5713 5680 5716
3 5717 5586 5701
3 5685 5717 5701
3 5715 5716 5679
3 5698 5710 5709
3 5718 5592 5711
3 5586 5717 5592
3 5722 5723 5719
3 5721 5713 5719
3 5724 5723 5722
3 5679 5682 5715
3 5682 5720 5715
3 5733 5727 5726
3 5728 5734 5729
3 5725 5732 5731
3 5733 5726 5730
3 5730 5728 5729
3 5726 5732 5725
3 5726 5727 5732
3 5725 5738 5737
3 5735 5732 5727
3 5731 5732 5735
3 5736 5730 5729
3 5728 5730 5726
3 5726 5725 5737
3 5745 5748 5744
3 5747 5745 5749
3 5747 5749 5731
3 5742 5741 5740
3 5749 5745 5746
3 5748 5745 5747
3 5742 5743 5741
3 5737 5742 5740
3 5744 5746 5745
3 5729 5734 5751
3 5726 5737 5728
3 5738 5743 5742
3 5738 5742 5737
3 5738 5749 5746
3 5746 5743 5738
3 5734 5737 5740
3 5737 5734 5728
3 5676 5677 5678
3 5677 5675 5752
3 5756 5758 5755
3 5759 5678 5755
3 5754 5678 5677
3 5675 5677 5676
3 5754 5755 5678
3 5736 5761 5739
3 5733 5730 5739
3 5757 5756 5754
3 5764 5757 5677
3 5765 5757 5762
3 5762 5764 5766
3 5757 5765 5756
3 5766 5760 5736
3 5754 5677 5757
3 5762 5757 5764
3 5756 5765 5763
3 5594 5752 5675
3 5767 5752 5753
3 5753 5752 5594
3 5756 5755 5754
3 5739 5730 5736
3 5752 5760 5764
3 5590 5753 5594
3 5761 5736 5760
3 5752 5764 5677
3 5752 5767 5760
3 5769 5770 5768
3 5769 5763 5765
3 5768 5763 5769
3 5763 5532 5756
3 5669 5667 5770
3 5763 5768 5667
3 5667 5532 5763
3 5770 5667 5768
3 5729 5771 5736
3 5766 5736 5771
3 5668 5669 5673
3 5770 5673 5669
3 5771 5729 5751
3 5769 5751 5770
3 5751 5673 5770
3 5751 5769 5771
3 5769 5766 5771
3 5740 5751 5734
3 5765 5762 5769
3 5760 5766 5764
3 5766 5769 5762
3 5580 5587 5702
3 5581 5587 5580
3 5576 5772 5702
3 5587 5576 5702
3 5576 5575 5772
3 5773 5692 5691
3 5773 5693 5772
3 5693 5773 5691
3 5566 5576 5587
3 5702 5772 5693
3 5575 5608 5772
3 5773 5772 5775
3 5608 5775 5772
3 5607 5775 5608
3 5607 5611 5776
3 5721 5712 5713
3 5712 5721 5711
3 5753 5777 5723
3 5777 5721 5719
3 5593 5590 5591
3 5721 5718 5711
3 5721 5777 5718
3 5582 5593 5591
3 5593 5592 5718
3 5590 5777 5753
3 5593 5718 5777
3 5593 5777 5590
3 5692 5774 5697
3 5700 5699 5774
3 5699 5697 5774
3 5570 5571 5584
3 5570 5566 5571
3 5779 5626 5778
3 5778 5584 5780
3 5584 5577 5570
3 5577 5778 5626
3 5778 5577 5584
3 5544 5555 5781
3 5547 5758 5533
3 5779 5678 5782
3 5591 5588 5583
3 5781 5547 5544
3 5759 5547 5781
3 5779 5782 5783
3 5755 5758 5759
3 5780 5676 5779
3 5759 5758 5547
3 5588 5780 5583
3 5756 5532 5758
3 5779 5676 5678
3 5589 5676 5588
3 5781 5782 5759
3 5583 5780 5584
3 5780 5588 5676
3 5544 5536 5555
3 5678 5759 5782
3 5533 5544 5547
3 5782 5781 5555
3 5533 5758 5532
3 5780 5779 5778
3 5533 5546 5544
3 5545 5549 5555
3 5555 5549 5783
3 5550 5625 5549
3 5783 5626 5779
3 5549 5626 5783
3 5783 5782 5555
3 5786 5787 5785
3 5786 5790 5787
3 5785 5784 5788
3 5785 5787 5792
3 5785 5788 5791
3 5786 5785 5791
3 5789 5788 5784
3 5794 5797 5796
3 5796 5799 5795
3 5798 5797 5794
3 3777 5797 5798
3 5794 5796 5795
3 5802 5804 5803
3 5807 5805 5801
3 5809 5805 5807
3 5806 5805 5809
3 5810 5812 5809
3 5802 5814 5804
3 5812 5810 5813
3 5812 5806 5809
3 5805 5816 5801
3 5817 5801 5816
3 5806 5818 5805
3 5805 5818 5808
3 5823 5824 5821
3 5826 5828 5827
3 5822 5821 5826
3 5826 5827 5822
3 5819 5818 5812
3 5818 5806 5812
3 5819 5812 5822
3 5821 5822 5829
3 5832 5833 5830
3 5830 5810 5803
3 5810 5830 5813
3 5831 5834 5832
3 5804 5831 5803
3 5829 5812 5813
3 5820 5813 5830
3 5829 5822 5812
3 5830 5803 5831
3 5832 5830 5831
3 5802 5803 5807
3 5809 5803 5810
3 5807 5803 5809
3 5824 5837 5836
3 5823 5821 5829
3 5838 5829 5820
3 5837 5824 5823
3 5823 5838 5837
3 5813 5820 5829
3 5838 5835 5837
3 5823 5829 5838
3 5820 5835 5838
3 5841 5843 5842
3 5843 5835 5842
3 5835 5833 5842
3 5841 5845 5843
3 5835 5820 5833
3 5835 5840 5837
3 5843 5840 5835
3 5833 5841 5842
3 5844 5840 5843
3 5851 5850 5855
3 5856 5848 5854
3 5848 5856 5859
3 5847 5848 5859
3 5848 5852 5834
3 5847 5852 5848
3 5853 5850 5851
3 5850 5848 5858
3 5848 5850 5854
3 5854 5850 5853
3 5860 5834 5804
3 5849 5855 5850
3 5857 5853 5851
3 5848 5834 5858
3 5834 5831 5804
3 5862 5815 5861
3 5867 5220 5868
3 5220 5867 5218
3 5230 5218 5865
3 5217 5230 5222
3 5867 5868 5872
3 5873 5874 5875
3 5865 5218 5867
3 5221 5865 5866
3 5221 5230 5865
3 5221 5222 5230
3 5230 5225 5218
3 5876 5875 5874
3 5876 5874 5870
3 5870 5874 5871
3 5870 5871 5878
3 5879 5881 5871
3 5879 5882 5883
3 5882 5879 5880
3 5874 5879 5871
3 5883 5884 5879
3 5098 5104 5290
3 5894 5886 5885
3 5122 5891 5864
3 5866 5894 5893
3 5206 5212 5192
3 5864 5892 5863
3 5894 5895 5886
3 5888 5896 5890
3 5221 5899 5214
3 5902 5212 5899
3 5214 5899 5212
3 5889 5122 5864
3 5891 5122 5890
3 5887 5885 5886
3 5866 5899 5221
3 5866 5893 5899
3 5283 5292 5125
3 5283 5125 5889
3 5865 5869 5866
3 5890 5897 5901
3 5896 5886 5892
3 5869 5865 5867
3 5104 5897 5122
3 5889 5125 5122
3 5894 5885 5893
3 5105 5897 5104
3 5284 5283 5889
3 5864 5284 5889
3 5275 5863 5308
3 5898 5141 5240
3 5125 5104 5122
3 5104 5125 5290
3 5238 5887 5240
3 5897 5105 5901
3 5888 5890 5898
3 5192 5212 5237
3 5238 5902 5893
3 5896 5892 5891
3 5142 5898 5901
3 5892 5864 5891
3 5887 5896 5888
3 5237 5212 5902
3 5275 5284 5864
3 5900 5105 5136
3 5136 5142 5900
3 5275 5864 5863
3 5898 5142 5141
3 5890 5896 5891
3 5238 5240 5235
3 5893 5885 5238
3 5890 5901 5898
3 5142 5901 5900
3 5901 5105 5900
3 5136 5105 5114
3 5899 5893 5902
3 5233 5902 5238
3 5888 5898 5240
3 5897 5890 5122
3 5233 5237 5902
3 5887 5886 5896
3 5240 5887 5888
3 5885 5887 5238
3 5877 5220 5219
3 5904 5883 5903
3 5905 5907 5906
3 5200 5910 5224
3 5877 5219 5909
3 5909 5219 5903
3 5913 5875 5916
3 5917 5863 5912
3 5907 5911 5906
3 5918 5912 5895
3 5904 5911 5907
3 5907 5905 5920
3 5909 5882 5877
3 5904 5903 5911
3 5224 5911 5225
3 5883 5909 5903
3 5907 5914 5904
3 5911 5903 5219
3 5907 5919 5914
3 5907 5920 5919
3 5892 5912 5863
3 5923 5873 5917
3 5915 5875 5913
3 5911 5219 5225
3 5868 5220 5921
3 5874 5880 5879
3 5915 5908 5873
3 5909 5883 5882
3 5874 5873 5880
3 5863 5908 5308
3 5866 5869 5894
3 5308 5913 5305
3 5913 5308 5915
3 5915 5308 5908
3 5869 5867 5872
3 5894 5922 5895
3 5869 5872 5922
3 5921 5877 5880
3 5872 5868 5923
3 5918 5895 5872
3 5880 5877 5882
3 5921 5923 5868
3 5910 5906 5224
3 5917 5873 5908
3 5877 5921 5220
3 5200 5231 5910
3 5922 5872 5895
3 5923 5917 5872
3 5918 5917 5912
3 5916 5875 5876
3 5880 5923 5921
3 5863 5917 5908
3 5875 5915 5873
3 5224 5906 5911
3 5906 5910 5231
3 5872 5917 5918
3 5923 5880 5873
3 5922 5894 5869
3 5886 5895 5912
3 5916 5305 5913
3 5886 5912 5892
3 5924 5925 5904
3 5883 5925 5884
3 5925 5883 5904
3 5879 5884 5881
3 5932 5930 5927
3 5932 5936 5930
3 5930 5933 5927
3 5931 5930 5928
3 5930 5936 5928
3 5937 5938 5939
3 5941 5929 5940
3 5940 5938 5941
3 5945 5940 5943
3 5931 5943 5929
3 5928 5942 5931
3 5943 5940 5929
3 5945 5939 5940
3 5938 5946 5941
3 5947 5943 5942
3 5942 5943 5931
3 5870 5949 5948
3 5951 5948 5949
3 5952 5948 5951
3 5952 5950 5948
3 5870 5878 5949
3 5870 5948 5950
3 5876 5950 5916
3 5870 5950 5876
3 5953 5949 5956
3 5957 5959 5958
3 5959 5960 5958
3 5959 5961 5960
3 5297 5962 5298
3 5962 5963 5298
3 5961 5298 5963
3 5953 5967 5966
3 5945 5943 5947
3 5276 5305 5977
3 5978 5975 5979
3 5942 5935 5973
3 5981 5982 5975
3 5280 5983 5297
3 5970 5975 5978
3 5980 5945 5947
3 5280 5306 5983
3 5306 5307 5983
3 5307 5984 5983
3 5916 5977 5305
3 5970 5976 5975
3 5970 5984 5307
3 5968 5951 5966
3 5300 5285 5276
3 5982 5979 5975
3 5978 5963 5962
3 5957 5958 5987
3 5939 5965 5985
3 5950 5952 5977
3 5970 5978 5984
3 5984 5962 5297
3 5978 5979 5963
3 5965 5945 5981
3 5983 5984 5297
3 5981 5964 5960
3 5937 5939 5985
3 5972 5300 5276
3 5942 5980 5947
3 5970 5307 5300
3 5986 5985 5965
3 5971 5972 5974
3 5985 5967 5937
3 5975 5976 5986
3 5980 5964 5945
3 5976 5971 5974
3 5980 5942 5973
3 5916 5950 5977
3 5961 5982 5960
3 5958 5960 5964
3 5968 5986 5951
3 5986 5965 5981
3 5982 5963 5979
3 5986 5976 5974
3 5963 5982 5961
3 5970 5300 5971
3 5986 5968 5985
3 5965 5939 5945
3 5958 5964 5980
3 5964 5981 5945
3 5968 5966 5967
3 5975 5986 5981
3 5985 5968 5967
3 5949 5966 5951
3 5972 5977 5952
3 5978 5962 5984
3 5953 5955 5967
3 5976 5970 5971
3 5300 5972 5971
3 5977 5972 5276
3 5974 5972 5952
3 5982 5981 5960
3 5974 5951 5986
3 5953 5966 5949
3 5951 5974 5952
3 3799 5989 3796
3 3796 5989 3798
3 5990 5991 5993
3 5991 3781 3774
3 5992 3781 5991
3 3781 5992 3801
3 3801 5995 3797
3 5995 3801 5994
3 3801 5992 5994
3 5992 5991 5990
3 5993 5798 5794
3 3774 5993 5991
3 3777 5798 3774
3 3774 5798 5993
3 3780 3775 3782
3 3782 3775 3781
3 5996 5856 5993
3 5999 5998 5996
3 5997 5996 5800
3 5999 5996 5997
3 5854 5992 5990
3 5993 5856 5990
3 5789 6000 5997
3 5996 5993 5800
3 5794 5800 5993
3 5853 5994 5992
3 5856 5854 5990
3 5856 5998 6001
3 5856 6001 5859
3 5800 5795 5793
3 5854 5853 5992
3 5996 5998 5856
3 5800 5794 5795
3 5999 6001 5998
3 6004 6006 6005
3 6005 6006 6009
3 5995 5994 6012
3 6012 6015 5995
3 6012 5853 5857
3 6016 5857 5851
3 5995 6015 6011
3 6012 6003 6015
3 6015 6003 6018
3 6012 5994 5853
3 6002 5857 6016
3 6012 6002 6003
3 6014 6013 6011
3 6013 5995 6011
3 6016 5851 6007
3 3797 6013 3799
3 3799 6013 5988
3 6012 5857 6002
3 5995 6013 3797
3 6024 6025 6026
3 6024 6026 6029
3 6022 6021 6023
3 6037 6039 6038
3 6039 6040 6038
3 6035 6022 6023
3 6028 6034 6020
3 6023 6031 6035
3 6043 6034 6028
3 6044 6045 6030
3 6041 6046 6024
3 6041 6024 6029
3 6021 6043 6028
3 6048 6049 6035
3 6025 6024 6033
3 6021 6028 6023
3 6033 6028 6020
3 6034 6047 6020
3 6051 6036 6050
3 6051 6052 6053
3 6036 6051 6053
3 6031 6046 6041
3 6048 6035 6041
3 6025 6033 6040
3 6031 6028 6046
3 6048 6041 6045
3 6038 6040 6019
3 6023 6028 6031
3 6057 6020 6047
3 6030 6045 6041
3 6031 6041 6035
3 6033 6020 6019
3 6058 6059 6054
3 6059 6052 6054
3 6033 6046 6028
3 6025 6039 6026
3 6055 6035 6049
3 6044 6030 6042
3 6046 6033 6024
3 6042 6027 6044
3 6045 6060 6048
3 6060 6049 6048
3 6025 6040 6039
3 6026 6039 6032
3 6058 6020 6057
3 6051 6038 6054
3 6052 6051 6054
3 6050 6038 6051
3 6061 6060 6062
3 6063 6064 6021
3 6022 6063 6021
3 6060 6061 6049
3 6019 6040 6033
3 6038 6050 6056
3 6062 6045 6066
3 6054 6019 6058
3 6058 6019 6020
3 6044 6066 6045
3 6060 6045 6062
3 6038 6019 6054
3 6038 6056 6037
3 6049 6061 6068
3 6055 6022 6035
3 6067 6064 6063
3 6069 6073 6072
3 6075 5946 6077
3 6075 6069 6072
3 5944 6071 6074
3 6074 5933 5944
3 6074 6071 5808
3 6081 6069 6075
3 6071 5816 5808
3 5946 6072 6073
3 5816 6078 5817
3 6072 5946 6075
3 6073 6069 6070
3 6069 6081 6070
3 6071 6084 5816
3 5944 6085 6071
3 6070 6055 6090
3 6087 6090 6091
3 5946 6076 5941
3 6076 5946 6092
3 5944 5931 6093
3 6093 6076 6085
3 6093 6085 5944
3 6092 6085 6076
3 6089 6087 6080
3 6077 5946 5938
3 6084 6085 6092
3 6085 6084 6071
3 6087 6070 6090
3 5816 6084 6088
3 6089 6088 6083
3 6080 6078 6089
3 6087 6073 6070
3 6080 6087 6091
3 6092 6073 6083
3 5941 6076 6093
3 6083 6088 6084
3 5941 6093 5929
3 6078 6088 6089
3 6093 5931 5929
3 5946 6073 6092
3 6087 6089 6073
3 6081 6075 6082
3 6083 6073 6089
3 6063 6022 6094
3 6022 6055 6094
3 6094 6081 6063
3 6055 6049 6068
3 6090 6055 6068
3 5816 5805 5808
3 6088 6078 5816
3 6070 6081 6094
3 6090 6068 6086
3 6070 6094 6055
3 6084 6092 6083
3 6096 6098 6097
3 6096 6099 6100
3 6095 6096 6101
3 6096 6100 6101
3 6104 6109 6108
3 6113 6114 6115
3 6116 6117 6104
3 6103 6102 6036
3 6120 6122 6121
3 6120 6123 6124
3 6117 6109 6104
3 6110 6127 6120
3 6103 6036 6126
3 6117 6102 6109
3 6103 6108 6109
3 6108 6121 6104
3 6036 6102 6112
3 6108 6110 6120
3 6110 6103 6126
3 6118 6052 6128
3 6134 6135 6125
3 6117 6137 6138
3 6132 6141 6140
3 6125 6135 6132
3 6132 6135 6141
3 6111 6132 6139
3 6125 6101 6100
3 6132 6111 6125
3 6125 6111 6101
3 6101 6148 6095
3 6053 6052 6118
3 6107 6102 6117
3 6105 6129 6104
3 6151 6129 6144
3 6116 6137 6117
3 6146 6138 6137
3 6117 6138 6107
3 6149 6137 6116
3 6144 6143 6151
3 6143 6154 6151
3 6112 6102 6107
3 6103 6110 6108
3 6102 6103 6109
3 6113 6122 6124
3 6114 6124 6155
3 6104 6121 6105
3 6108 6120 6121
3 6114 6113 6124
3 6120 6124 6122
3 6136 6115 6114
3 6129 6116 6104
3 6150 6107 6138
3 6146 6142 6138
3 6145 6131 6146
3 6101 6111 6153
3 6132 6140 6133
3 6148 6101 6153
3 6151 6149 6116
3 6134 6106 6135
3 6125 6100 6134
3 6134 6100 6099
3 6163 6158 6164
3 6162 6163 6105
3 6144 6163 6165
3 6169 6167 6164
3 6129 6105 6163
3 6165 6163 6164
3 6171 6172 6173
3 6174 6176 6175
3 6177 6173 6178
3 6122 6162 6105
3 6168 6143 6165
3 6144 6129 6163
3 6166 6168 6010
3 6144 6165 6143
3 6170 6161 6160
3 6166 6154 6143
3 6162 6113 6183
3 6181 6010 6170
3 6168 6165 6164
3 6179 6160 6167
3 6185 6007 6175
3 6166 6143 6168
3 6010 6154 6166
3 6186 6156 6157
3 6162 6159 6158
3 6168 6167 6160
3 6168 6160 6161
3 6169 6179 6167
3 6113 6189 6183
3 6168 6164 6167
3 6158 6169 6164
3 6191 6192 6193
3 6018 6180 6017
3 6172 6171 6195
3 6177 6196 6173
3 6189 6199 6198
3 6200 6172 6182
3 6182 6172 6195
3 6170 6160 6182
3 6206 6208 6207
3 6190 6003 6002
3 6157 6181 6170
3 6159 6211 6158
3 6196 6197 6173
3 6209 6196 6177
3 6193 6197 6196
3 6213 6196 6214
3 6197 6171 6173
3 6215 6203 6190
3 6191 6193 6213
3 6202 6195 6171
3 6214 6196 6209
3 6215 6216 6204
3 6215 6002 6218
3 6219 6175 6176
3 6192 6202 6193
3 6216 6218 6219
3 6208 6192 6221
3 6216 6219 6217
3 6185 6002 6007
3 6186 6182 6195
3 6208 6202 6192
3 6186 6170 6182
3 6201 6217 6176
3 6202 6212 6195
3 6204 6207 6205
3 6218 6185 6219
3 6212 6201 6186
3 6217 6219 6176
3 6018 6003 6190
3 6216 6215 6218
3 6185 6218 6002
3 6206 6216 6212
3 6002 6016 6007
3 6185 6175 6219
3 6170 6186 6157
3 6216 6217 6212
3 6206 6212 6202
3 6206 6202 6208
3 6207 6208 6221
3 6201 6156 6186
3 6204 6206 6207
3 6212 6186 6195
3 6201 6176 6156
3 6176 6174 6156
3 6161 6010 6168
3 6213 6193 6196
3 6194 6213 6214
3 6159 6198 6211
3 6170 6010 6161
3 6199 6222 6198
3 6159 6183 6189
3 6113 6162 6122
3 6105 6121 6122
3 6198 6222 6223
3 6202 6171 6197
3 6210 6173 6200
3 6163 6162 6158
3 6162 6183 6159
3 6115 6189 6113
3 6197 6193 6202
3 6189 6198 6159
3 6204 6203 6215
3 6199 6115 6147
3 6210 6200 6160
3 6189 6115 6199
3 6217 6201 6212
3 6215 6190 6002
3 6198 6223 6211
3 6177 6225 6209
3 6222 6199 6220
3 6178 6173 6210
3 6200 6173 6172
3 6182 6160 6200
3 6018 6187 6180
3 6216 6206 6204
3 6005 6009 6157
3 6229 6230 6231
3 6232 6233 6225
3 6209 6230 6229
3 6228 6233 6232
3 6156 6005 6157
3 6010 6181 6009
3 6225 6177 6236
3 6209 6229 6214
3 6225 6233 6230
3 6209 6225 6230
3 6230 6233 6231
3 6232 6225 6236
3 6177 6178 6236
3 6214 6229 6234
3 6181 6157 6009
3 6238 6242 6241
3 5860 6243 5849
3 6243 6244 5849
3 5850 5834 5860
3 5860 5804 6237
3 5850 5858 5834
3 5815 6237 5814
3 6242 6238 6245
3 6242 6245 5862
3 6245 6243 6237
3 6245 6238 6243
3 6239 6244 6240
3 6246 6238 6241
3 5860 5849 5850
3 6240 6244 6238
3 6245 6237 5815
3 6243 5860 6237
3 6243 6238 6244
3 5814 6237 5804
3 6240 6238 6246
3 6246 6239 6240
3 6007 5855 6008
3 6250 6242 5862
3 6246 6248 6252
3 6256 6257 6258
3 6262 6263 6264
3 6241 6259 6258
3 6248 6249 6252
3 6008 6244 6247
3 6251 6265 6154
3 6241 6258 6246
3 6267 6252 6268
3 6268 6252 6255
3 6266 6260 6251
3 6175 6007 6008
3 6246 6252 6239
3 6261 6253 6269
3 6253 6260 6266
3 6254 6268 6255
3 6241 6242 6259
3 6266 6009 6006
3 6249 6255 6252
3 6267 6004 6239
3 5849 6244 5855
3 6249 6269 6255
3 6244 6008 5855
3 6253 6266 6254
3 6259 6256 6258
3 6247 6175 6008
3 6239 6252 6267
3 6154 6265 6151
3 6248 6257 6249
3 6260 6253 6261
3 6257 6269 6249
3 6007 5851 5855
3 6006 6004 6267
3 6244 6239 6247
3 6156 6174 6004
3 6010 6009 6154
3 6248 6258 6257
3 6258 6248 6246
3 6259 6242 6264
3 6009 6251 6154
3 6247 6239 6004
3 6267 6268 6006
3 6004 6005 6156
3 6151 6265 6149
3 6116 6129 6151
3 6253 6255 6269
3 6263 6259 6264
3 6266 6251 6009
3 6268 6254 6006
3 6254 6266 6006
3 6174 6247 6004
3 6242 6250 6264
3 6175 6247 6174
3 6254 6255 6253
3 6256 6259 6263
3 6272 6149 6265
3 6256 6278 6277
3 6279 6280 6281
3 6285 6286 6287
3 6145 6146 6288
3 6270 5862 5861
3 6284 6283 6290
3 6130 6145 6062
3 6292 6284 6293
3 5807 5801 5802
3 6293 6290 6280
3 6137 6288 6146
3 6261 6285 6260
3 6289 6274 5861
3 6251 6260 6265
3 6257 6277 6269
3 6287 6294 6265
3 6262 6270 6274
3 6282 6283 6288
3 5861 5811 5817
3 6262 6274 6295
3 6296 6298 6297
3 6275 6276 6296
3 6289 5817 6291
3 6299 6281 6280
3 6294 6287 6300
3 6298 6302 6277
3 5811 5861 5815
3 5802 5811 5814
3 6270 6250 5862
3 6298 6296 6303
3 6303 6279 6281
3 6289 6291 6271
3 6078 6080 6291
3 6303 6281 6301
3 6297 6298 6277
3 6294 6282 6272
3 6145 6288 6283
3 6080 6271 6291
3 6264 6250 6270
3 6294 6299 6282
3 6283 6062 6145
3 6307 6061 6284
3 6264 6270 6262
3 6293 6284 6290
3 6091 6308 6080
3 6308 6271 6080
3 6091 6090 6086
3 6277 6302 6269
3 6294 6272 6265
3 6305 6304 6301
3 6295 6273 6292
3 6274 6271 6273
3 6086 6061 6307
3 6285 6287 6265
3 5811 5815 5814
3 5801 5817 5811
3 6295 6274 6273
3 6294 6301 6281
3 6302 6304 6286
3 6091 6086 6308
3 6284 6061 6062
3 6296 6280 6279
3 6301 6304 6303
3 6149 6288 6137
3 6262 6278 6263
3 6292 6293 6276
3 6269 6302 6309
3 6307 6306 6273
3 6260 6285 6265
3 6307 6273 6271
3 6270 5861 6274
3 6256 6277 6257
3 6269 6309 6261
3 6308 6086 6307
3 6296 6279 6303
3 6291 5817 6078
3 6298 6303 6304
3 6299 6294 6281
3 6297 6278 6275
3 6276 6293 6280
3 5801 5811 5802
3 6306 6284 6292
3 6297 6277 6278
3 6306 6307 6284
3 6272 6282 6288
3 6295 6292 6275
3 6292 6276 6275
3 6271 6308 6307
3 6295 6278 6262
3 6296 6297 6275
3 5815 5862 6245
3 6261 6309 6285
3 6284 6062 6283
3 6299 6290 6282
3 6299 6280 6290
3 6271 6274 6289
3 6298 6304 6302
3 6296 6276 6280
3 6290 6283 6282
3 6292 6273 6306
3 6086 6068 6061
3 6289 5861 5817
3 6278 6295 6275
3 6256 6263 6278
3 6149 6272 6288
3 6312 6314 6313
3 6312 6318 6314
3 6312 6310 6311
3 6320 6319 6322
3 6316 6315 6321
3 6314 6318 6317
3 6315 6312 6321
3 6312 6315 6318
3 6316 6321 6323
3 6324 6226 6184
3 6326 6325 6098
3 6328 6329 6327
3 6316 6330 6315
3 6095 6326 6096
3 6098 6096 6326
3 6332 6331 6316
3 6331 6334 6333
3 6330 6331 6333
3 6316 6331 6330
3 6324 6335 6329
3 6327 6326 6095
3 6226 6324 6328
3 6328 6324 6329
3 6326 6327 6329
3 6327 6095 6148
3 6326 6329 6335
3 6326 6335 6325
3 6335 6324 6224
3 6330 6333 6338
3 6334 6337 6333
3 6332 6316 6323
3 6336 6340 6339
3 6348 6350 6349
3 6344 6343 6341
3 6322 6340 6351
3 6351 6353 6352
3 6353 6350 6354
3 6351 6349 6353
3 6355 6328 6347
3 6043 6065 6034
3 6322 6339 6340
3 5969 6077 5967
3 6077 5937 5967
3 6327 6148 6347
3 5953 5954 5955
3 5956 5954 5953
3 6350 6358 6354
3 6351 6340 6349
3 6359 6322 6351
3 6360 6349 6340
3 6047 6342 6356
3 6356 6342 6357
3 6318 6339 6317
3 6346 6343 6345
3 6357 6361 6362
3 6358 6350 6363
3 6064 6043 6021
3 6364 6354 6358
3 6355 6330 6338
3 6346 6077 5969
3 6349 6350 6353
3 6347 6152 6360
3 6350 6348 6363
3 6355 6347 6360
3 6067 6063 6081
3 6344 6067 6345
3 6355 6338 6328
3 6360 6340 6355
3 6363 6348 6366
3 6336 6330 6355
3 6341 6361 6357
3 6336 6355 6340
3 6067 6081 6082
3 6344 6065 6043
3 6333 6337 6338
3 5938 5940 5939
3 6057 6367 6368
3 5954 6341 6343
3 6322 6319 6339
3 6357 6362 6119
3 6067 6043 6064
3 6128 6358 6363
3 6363 6118 6128
3 6317 6339 6319
3 6047 6356 6119
3 6318 6336 6339
3 6342 6065 6344
3 6368 6367 6370
3 6343 5955 5954
3 6034 6065 6047
3 6067 6082 6345
3 6065 6342 6047
3 6342 6341 6357
3 6341 6342 6344
3 6067 6344 6043
3 6366 6118 6363
3 6059 6057 6368
3 6059 6368 6052
3 6366 6369 6118
3 6057 6047 6119
3 5955 6346 5969
3 5937 6077 5938
3 6346 6075 6077
3 5955 5969 5967
3 6327 6347 6328
3 6352 6353 6371
3 6226 6328 6338
3 6148 6152 6347
3 6346 5955 6343
3 6343 6344 6345
3 6362 6361 6372
3 6057 6119 6367
3 5954 6361 6341
3 6318 6315 6336
3 6365 6349 6360
3 6058 6057 6059
3 6226 6338 6337
3 6368 6370 6128
3 6052 6368 6128
3 6345 6082 6346
3 6336 6315 6330
3 6346 6082 6075
3 6128 6370 6358
3 5954 6373 6374
3 5954 6374 6361
3 5925 5926 6376
3 6373 6375 6374
3 6380 6381 6377
3 6376 6372 6374
3 5884 5925 5881
3 6386 6380 6377
3 6354 6364 6387
3 6353 6354 6371
3 6377 6381 6378
3 6381 6394 6395
3 5949 5878 5956
3 6379 6371 6393
3 6396 6364 6391
3 6397 6399 6398
3 6400 6396 6390
3 5925 6376 6375
3 5881 5925 6375
3 5881 5878 5871
3 6401 6402 6403
3 6399 6390 6385
3 6119 6362 6392
3 6392 6396 6391
3 6367 6391 6370
3 6372 6376 6385
3 6392 6372 6384
3 6384 6372 6385
3 6406 6407 6408
3 6387 6364 6400
3 6405 6407 6409
3 6354 6387 6393
3 6392 6384 6396
3 6384 6385 6390
3 6401 6403 6397
3 6387 6403 6404
3 6404 6402 6411
3 6356 6357 6119
3 6380 6412 6381
3 6387 6400 6403
3 6401 6397 6382
3 6367 6119 6392
3 6396 6400 6364
3 6398 6410 6382
3 6383 6401 6382
3 6413 6412 6380
3 6382 6397 6398
3 6396 6384 6390
3 6399 6385 6398
3 6414 6402 6405
3 6400 6399 6403
3 6386 6377 6408
3 6408 6377 6378
3 6387 6404 6393
3 6401 6407 6405
3 5926 6388 6376
3 6385 6376 6388
3 6367 6392 6391
3 6371 6354 6393
3 6405 6402 6401
3 6379 6393 6404
3 6383 6408 6407
3 6403 6402 6404
3 6388 6410 6398
3 6397 6403 6399
3 6362 6372 6392
3 6399 6400 6390
3 6401 6383 6407
3 6382 6386 6383
3 6374 6372 6361
3 6410 6388 6389
3 6386 6408 6383
3 6385 6388 6398
3 6375 6376 6374
3 6412 6394 6381
3 5956 6373 5954
3 6370 6364 6358
3 6391 6364 6370
3 5881 6375 5878
3 5878 6373 5956
3 5878 6375 6373
3 6415 6417 6416
3 3566 3567 3802
3 3803 6415 6416
3 3803 6418 6415
3 3557 3802 6420
3 3566 3802 3557
3 6416 6419 6421
3 3803 6416 3802
3 6421 3802 6416
3 3795 3568 3769
3 3560 3568 3795
3 3784 3785 6422
3 3803 3784 6422
3 3803 6422 6418
3 3802 6421 6420
3 6420 6421 6425
3 6332 6426 6331
3 6421 6423 6425
3 6425 6424 6420
3 3796 3798 3786
3 6386 6427 6380
3 6389 5926 6432
3 6434 5920 5905
3 6436 6434 5226
3 6389 6432 6410
3 6440 6442 6441
3 6429 6443 6413
3 6444 6394 6440
3 6382 6439 6386
3 6445 6430 6395
3 6412 6446 6394
3 6438 6437 6447
3 6410 6435 6439
3 5914 5919 6435
3 6440 6446 6448
3 5914 6432 5924
3 6444 6445 6395
3 5905 5906 5231
3 6428 6434 6429
3 5914 6435 6432
3 6434 6436 6429
3 6429 6380 6433
3 3664 6449 3644
3 6382 6410 6439
3 5228 5227 6437
3 5926 6389 6388
3 6447 6449 3664
3 6446 6451 6448
3 6441 6444 6440
3 6438 6436 5229
3 6443 6438 6447
3 6450 6451 6446
3 6434 5231 5226
3 6449 3662 3644
3 3664 3663 6447
3 6412 6413 6450
3 6446 6412 6450
3 5229 6436 5226
3 5231 6434 5905
3 6429 6433 6428
3 6435 6428 6433
3 6435 5919 6428
3 5920 6428 5919
3 6413 6443 6447
3 6428 5920 6434
3 6436 6438 6443
3 6432 5926 5925
3 6429 6413 6380
3 6427 6435 6433
3 6439 6435 6427
3 6432 5925 5924
3 6437 6438 5228
3 6439 6427 6386
3 6440 6448 6442
3 6427 6433 6380
3 6437 3661 6449
3 6438 5229 5228
3 6413 3663 6450
3 6446 6440 6394
3 6449 3661 3662
3 6431 6381 6395
3 5227 5196 3659
3 5904 5914 5924
3 6437 5227 3661
3 6436 6443 6429
3 6413 6447 3663
3 3661 5227 3659
3 6444 6395 6394
3 6447 6437 6449
3 6410 6432 6435
3 6460 6461 6462
3 6463 6458 6459
3 6464 6463 6420
3 3557 6420 6459
3 6465 6462 6461
3 6458 3537 6459
3 6459 6420 6463
3 3649 3665 6461
3 3665 6466 6461
3 6460 6462 6455
3 3658 3537 3546
3 3546 6466 3658
3 3658 6466 3665
3 6455 6462 6468
3 6467 6470 6457
3 3652 3537 3646
3 6465 6471 6462
3 6469 6473 6472
3 6454 6455 6468
3 6454 6468 6473
3 3665 3649 3658
3 6468 6462 6471
3 3546 3537 6475
3 6457 6475 6458
3 6468 6471 6476
3 6465 6474 6471
3 6471 6474 6470
3 6476 6472 6473
3 6471 6472 6476
3 6476 6473 6468
3 3543 3557 6459
3 3548 3543 6459
3 6465 6461 6466
3 6460 6448 6451
3 3646 3537 3658
3 6471 6470 6472
3 6470 6475 6457
3 3537 3548 6459
3 6455 6448 6460
3 3546 6474 6466
3 6470 6474 6475
3 6458 6463 6456
3 3546 6475 6474
3 6450 3663 3649
3 6456 6457 6458
3 6460 6451 6450
3 3649 6460 6450
3 3649 6461 6460
3 6442 6448 6455
3 6458 6475 3537
3 6474 6465 6466
3 6478 6477 6479
3 6484 6485 6486
3 6477 6487 6479
3 6334 6489 6488
3 6223 6480 6491
3 6158 6211 6495
3 6500 6478 6485
3 6479 6487 6504
3 6506 6454 6473
3 6179 6210 6160
3 6179 6507 6210
3 6509 6510 6504
3 6496 6489 6511
3 6510 6509 6497
3 6505 6512 6503
3 6492 6514 6515
3 6236 6518 6484
3 6508 6480 6519
3 6520 6235 6521
3 6222 6480 6223
3 6522 6523 6524
3 6505 6526 6211
3 6510 6485 6478
3 6520 6525 6235
3 6495 6526 6503
3 6495 6507 6179
3 6495 6502 6507
3 6487 6477 6499
3 6505 6503 6526
3 6223 6491 6505
3 6495 6503 6502
3 6502 6503 6500
3 6223 6505 6211
3 6505 6533 6512
3 6178 6210 6507
3 6491 6533 6505
3 6235 6228 6232
3 6503 6512 6500
3 6518 6507 6502
3 6493 6491 6494
3 6235 6484 6521
3 6521 6486 6497
3 6520 6521 6497
3 6235 6232 6484
3 6337 6488 6188
3 6485 6484 6518
3 6486 6510 6497
3 6535 6524 6523
3 6508 6491 6480
3 6521 6484 6486
3 6226 6337 6188
3 6510 6479 6504
3 6482 6494 6524
3 6534 6532 6511
3 6477 6533 6499
3 6490 6520 6498
3 6486 6485 6510
3 6518 6500 6485
3 6478 6500 6512
3 6522 6524 6494
3 6497 6509 6498
3 6538 6524 6535
3 6491 6508 6494
3 6211 6526 6495
3 6487 6499 6527
3 6495 6179 6169
3 6232 6236 6484
3 6499 6493 6482
3 6508 6528 6494
3 6518 6178 6507
3 6518 6502 6500
3 6495 6169 6158
3 6517 6487 6527
3 6236 6178 6518
3 6489 6227 6488
3 6441 6530 6529
3 6516 6481 6530
3 6516 6442 6455
3 6540 6541 6538
3 6516 6517 6481
3 6529 6542 6539
3 6539 6538 6445
3 6331 6426 6534
3 6511 6334 6534
3 6452 6321 6311
3 6334 6331 6534
3 6530 6442 6516
3 6489 6334 6511
3 6542 6538 6539
3 6542 6481 6482
3 6482 6524 6542
3 6488 6337 6334
3 6482 6517 6527
3 6481 6517 6482
3 6445 6541 6453
3 6323 6483 6332
3 6441 6442 6530
3 6524 6538 6542
3 6513 6516 6454
3 6540 6538 6543
3 6445 6444 6539
3 6323 6321 6452
3 6529 6530 6542
3 6311 6321 6312
3 6493 6494 6482
3 6513 6487 6517
3 6543 6535 6537
3 6494 6528 6522
3 6477 6512 6533
3 6498 6520 6497
3 6479 6510 6478
3 6498 6514 6501
3 6499 6482 6527
3 6513 6504 6487
3 6513 6517 6516
3 6506 6546 6536
3 6538 6535 6543
3 6546 6473 6469
3 6504 6513 6545
3 6514 6536 6515
3 6506 6536 6545
3 6545 6454 6506
3 6504 6545 6536
3 6546 6544 6536
3 6498 6509 6514
3 6509 6504 6536
3 6546 6506 6473
3 6445 6538 6541
3 6454 6516 6455
3 6493 6533 6491
3 6545 6513 6454
3 6444 6529 6539
3 6481 6542 6530
3 6222 6531 6480
3 6441 6529 6444
3 6509 6536 6514
3 6544 6546 6469
3 6478 6512 6477
3 6533 6493 6499
3 6515 6536 6544
3 6547 6548 6549
3 4402 4404 6547
3 4404 6550 6547
3 4403 6550 4404
3 4411 6550 4403
3 6550 6555 6556
3 6549 6548 6559
3 6552 6553 6547
3 6547 6553 6548
3 6553 6552 6560
3 6553 6560 6554
3 6550 4411 6555
3 6550 6551 6552
3 6556 6551 6550
3 6553 6557 6548
3 6563 6562 6557
3 6557 6553 6558
3 6559 6548 6557
3 6547 6550 6552
3 6554 6558 6553
3 6562 6559 6557
3 6561 6557 6558
3 6564 6565 6566
3 5282 5957 5278
3 6569 5957 6566
3 6564 4411 6565
3 5309 6567 4494
3 6570 5278 5957
3 4411 4410 6567
3 5282 5959 5957
3 6565 6567 6569
3 6571 6570 6569
3 6571 5309 5278
3 6571 5278 6570
3 5309 5277 5278
3 6569 6566 6565
3 6569 6570 5957
3 6567 6571 6569
3 4411 6564 6568
3 6565 4411 6567
3 4410 4417 6567
3 4417 4494 6567
3 5309 6571 6567
3 5282 5296 5959
3 5959 5296 5961
3 5296 5298 5961
3 4411 6568 6555
3 5944 5933 5931
3 5932 5927 5934
3 6575 6574 5927
3 5934 5927 6574
3 5931 5933 5930
3 6575 5933 6074
3 6575 5927 5933
3 6578 6572 6576
3 6580 6581 6574
3 6577 6582 6583
3 6575 6079 5819
3 5827 5828 6574
3 6583 6578 6576
3 6580 6584 6581
3 6576 6579 6577
3 6576 6572 6573
3 6586 6584 6580
3 5828 6573 6580
3 5818 5819 6079
3 5819 5822 5827
3 6074 5808 6079
3 5808 5818 6079
3 6573 6572 6580
3 6576 6573 6579
3 5828 6580 6574
3 6575 6074 6079
3 6574 6581 5934
3 6583 6576 6577
3 5819 5827 6575
3 5827 6574 6575
3 6577 6579 6585
3 4379 4365 4368
3 4412 4373 4379
3 4365 4373 4370
3 4373 4365 4379
3 6588 4369 4370
3 4395 6588 6589
3 6588 4395 4369
3 5614 5616 5617
3 5617 5664 5665
3 5616 5664 5617
3 5664 4394 5665
3 4388 4394 5664
3 4392 5663 4400
3 5664 4392 4388
3 6590 5665 6589
3 6593 6591 6589
3 6591 6592 6590
3 5612 6592 5605
3 6590 6592 5612
3 4395 6589 5665
3 5665 4394 4395
3 5601 6595 6596
3 6595 5601 6594
3 5603 5600 6594
3 5605 6594 5600
3 5601 5603 6594
3 6594 5605 6592
3 6591 6590 6589
3 5665 6590 5617
3 6590 5612 5617
3 6595 6591 6597
3 6597 6591 6593
3 6592 6595 6594
3 6591 6595 6592
3 6598 4413 6599
3 6589 6588 4370
3 6563 6597 6562
3 6597 6593 6598
3 6598 6593 6589
3 6598 6599 6562
3 6549 6559 6599
3 4407 4402 6547
3 4407 6547 6549
3 4409 6549 6599
3 6549 4409 4407
3 6559 6562 6599
3 4413 4409 6599
3 6598 6589 4413
3 6562 6597 6598
3 4413 6589 4370
3 5936 6584 6601
3 6561 6600 6563
3 6603 5973 6551
3 5973 6602 6551
3 6561 6558 6587
3 6601 5935 5936
3 5936 5935 5928
3 5935 5942 5928
3 6600 6596 6597
3 6563 6557 6561
3 6601 5973 5935
3 6563 6600 6597
3 6601 6602 5973
3 6578 6558 6554
3 6587 6583 6600
3 6586 6572 6554
3 6578 6554 6572
3 6595 6597 6596
3 5606 6600 6604
3 6578 6583 6587
3 5936 5932 6584
3 6582 6604 6583
3 6587 6558 6578
3 6552 6602 6560
3 6586 6554 6560
3 6581 5932 5934
3 6602 6601 6586
3 6586 6580 6572
3 6586 6560 6602
3 6603 5980 5973
3 6587 6600 6561
3 6583 6604 6600
3 6581 6584 5932
3 6601 6584 6586
3 6552 6551 6602
3 6556 6603 6551
3 5980 6603 5987
3 6568 6556 6555
3 5957 5987 6566
3 6568 6603 6556
3 6568 5987 6603
3 6568 6566 5987
3 6564 6566 6568
3 5958 5980 5987
3 5821 5825 5826
3 6579 6605 6585
3 5828 6579 6573
3 5828 5825 6579
3 5825 6606 6605
3 5828 5826 5825
3 6606 5825 5821
3 5825 6605 6579
3 5776 6607 6608
3 6609 6608 6607
3 5774 5775 5607
3 5607 5776 5774
3 5775 5774 5692
3 5692 5773 5775
3 5776 6610 6607
3 5700 5774 6608
3 5774 5776 6608
3 6615 6609 6607
3 5700 6609 5686
3 6615 5705 6609
3 6613 6611 5604
3 6615 6617 5705
3 5705 5686 6609
3 5596 6612 6610
3 6582 6585 6614
3 6607 6617 6615
3 6614 6613 6582
3 6610 6612 6607
3 6614 6585 6616
3 6605 6616 6585
3 5610 5596 5611
3 6611 6613 6614
3 6612 5596 5602
3 6610 5611 5596
3 6609 5700 6608
3 5776 5611 6610
3 6611 6607 6612
3 6604 6582 6613
3 6582 6577 6585
3 5602 5603 5604
3 5604 6612 5602
3 6611 6612 5604
3 5606 6604 5604
3 6613 5604 6604
3 6600 5606 6596
3 5601 6596 5606
3 6611 6614 6617
3 6617 6614 6616
3 6607 6611 6617
3 6606 5821 5824
3 5708 6618 5705
3 6617 6616 5708
3 5708 5705 6617
3 5708 6606 6618
3 5706 5705 6618
3 6606 5824 5836
3 6605 5708 6616
3 6618 5836 5706
3 6605 6606 5708
3 6606 5836 6618
3 6623 6624 6622
3 6623 6619 6624
3 6622 6621 6625
3 6622 6624 6621
3 6625 5840 5844
3 6625 6626 6622
3 6627 6619 6623
3 5840 6625 6621
3 6619 6627 5704
3 6624 6619 6620
3 6624 6620 6621
3 6619 5703 6620
3 5837 5840 5839
3 6620 5839 5840
3 6620 5840 6621
3 5707 5839 6620
3 5707 6629 5839
3 5836 6629 5706
3 6629 5707 5706
3 5837 5839 5836
3 5839 6629 5836
3 5703 5707 6620
3 6630 6632 6631
3 6632 6630 6628
3 6630 6627 6628
3 5694 5704 6630
3 6631 5694 6630
3 6630 5704 6627
3 5703 6619 5704
3 6635 6633 6634
3 6637 6634 5846
3 6634 6633 6636
3 6626 6625 5844
3 6627 6623 6628
3 6636 6644 6638
3 6622 6641 6623
3 5846 6634 6626
3 6636 6647 6644
3 6644 6647 6646
3 6633 6647 6636
3 6638 6641 6636
3 6641 6638 6628
3 6626 6634 6622
3 6636 6641 6622
3 6623 6641 6628
3 6636 6622 6634
3 6638 6644 6645
3 6644 6646 6642
3 6639 6640 6645
3 6640 6638 6645
3 6652 6649 6650
3 6645 6643 6650
3 6645 6644 6642
3 6645 6642 6643
3 6652 6653 6649
3 6650 6643 6655
3 6650 6649 6645
3 6639 6649 6651
3 6660 6651 6659
3 6649 6653 6651
3 6649 6639 6645
3 6659 6651 6653
3 6640 6628 6638
3 6628 6640 6648
3 6661 6628 6648
3 6631 5710 5698
3 5698 5694 6631
3 6663 6648 6639
3 6663 6661 6648
3 6659 6662 6660
3 6663 6639 6651
3 5710 6664 5709
3 6663 6632 6661
3 6664 5710 6663
3 6632 6628 6661
3 6663 5710 6632
3 6639 6648 6640
3 5683 6659 6665
3 6660 6663 6651
3 6631 6632 5710
3 6664 6663 5714
3 5709 6664 5714
3 6660 6662 5714
3 5714 6663 6660
3 5685 5714 6662
3 5679 5685 5681
3 5685 6662 5681
3 6662 5683 5681
3 5683 6662 6659
3 6667 6666 6668
3 5715 5720 6669
3 6668 6671 6667
3 6672 6669 6671
3 5720 6667 6669
3 6659 6666 6665
3 5683 6665 5720
3 6667 6665 6666
3 6671 6669 6667
3 6665 6667 5720
3 5720 5682 5683
3 6670 6666 6653
3 6678 2694 2705
3 2705 6680 6678
3 6673 6681 6674
3 6673 6677 6676
3 6677 6673 6674
3 6676 6675 6673
3 6684 6686 6685
3 6687 6688 2705
3 6683 6689 6681
3 6693 6694 6677
3 6687 2716 6686
3 6686 6699 6685
3 6686 2716 6700
3 6701 6682 6684
3 6695 6703 6690
3 2705 2716 6687
3 6684 6687 6686
3 6704 6705 6683
3 6678 6706 2694
3 6695 6709 6708
3 6709 6690 6710
3 6701 6702 6682
3 6695 6690 6709
3 6691 6698 6701
3 6701 6698 6702
3 6677 6674 6697
3 6687 6684 6688
3 6711 6713 6712
3 6699 6695 6692
3 6685 6701 6684
3 6699 6692 6685
3 6696 6677 6697
3 6696 6693 6677
3 6692 6695 6708
3 6683 6681 6673
3 6685 6691 6701
3 6683 6673 6675
3 6691 6708 6698
3 6709 6710 6707
3 6685 6692 6691
3 6680 6688 6706
3 6682 6711 6712
3 6698 6707 6696
3 6709 6707 6698
3 6714 6702 6698
3 6696 6697 6714
3 6674 6681 6679
3 6716 6697 6674
3 6684 6682 6688
3 6698 6696 6714
3 6698 6708 6709
3 6714 6711 6702
3 6680 6706 6678
3 6692 6708 6691
3 6716 6715 6697
3 6718 6695 6699
3 6706 6688 6712
3 6696 6707 6693
3 6712 6688 6682
3 2705 6688 6680
3 6702 6711 6682
3 6676 6677 6694
3 6693 6720 6694
3 6721 6723 6720
3 6693 6722 6720
3 6724 6722 6693
3 6725 6726 6727
3 6728 6729 6726
3 6726 6729 6727
3 6721 6720 6722
3 6731 6721 6722
3 6732 6725 6727
3 6733 6734 6735
3 6738 6732 6736
3 6735 6723 6741
3 6743 6741 6721
3 6744 6739 6743
3 6739 6737 6743
3 6732 6740 6725
3 6675 6742 6729
3 6743 6721 6745
3 6734 6720 6723
3 6733 6727 6729
3 6740 6738 6739
3 6733 6736 6727
3 6735 6736 6733
3 6739 6738 6737
3 6735 6734 6723
3 6733 6742 6734
3 6743 6737 6741
3 6721 6741 6723
3 6736 6735 6738
3 6742 6675 6676
3 6738 6740 6732
3 6725 6740 6730
3 6704 6683 6675
3 6704 6675 6729
3 6704 6729 6746
3 6737 6738 6735
3 6737 6735 6741
3 6732 6727 6736
3 6733 6729 6742
3 6720 6676 6694
3 6740 6747 6730
3 6742 6676 6734
3 6719 6744 6743
3 6734 6676 6720
3 6755 6756 6757
3 6759 6760 6758
3 6753 6751 6759
3 6752 6757 6756
3 6752 6756 6761
3 6759 6751 6752
3 6753 6759 6758
3 6763 6750 6766
3 6749 6750 6763
3 6760 6767 6758
3 6750 6758 6765
3 6749 6754 6750
3 6764 6750 6765
3 6770 6769 6771
3 6759 6762 6760
3 6763 6770 6771
3 6752 6762 6759
3 6749 6768 6754
3 6758 6767 6765
3 6753 6758 6754
3 6763 6766 6770
3 6750 6754 6758
3 6781 6776 6773
3 6783 6768 6774
3 6753 6754 6785
3 6778 6783 6774
3 6784 6785 6768
3 6768 6783 6784
3 6777 6786 6788
3 6785 6751 6753
3 6784 6786 6785
3 6772 6779 6769
3 6780 6785 6786
3 6789 6792 6790
3 6782 6776 6791
3 6768 6749 6774
3 6785 6780 6751
3 6788 6786 6793
3 6779 6778 6771
3 6794 6796 6782
3 6791 6794 6782
3 6794 6791 6772
3 6797 6795 6794
3 6771 6778 6763
3 6779 6772 6791
3 6802 6803 6804
3 6795 6802 6790
3 6802 6804 6800
3 6795 6790 6796
3 6805 6775 6806
3 6775 6799 6806
3 6805 6773 6775
3 6798 6795 6797
3 6775 6782 6799
3 6790 6792 6796
3 6797 6794 6772
3 6791 6776 6779
3 6795 6796 6794
3 6779 6771 6769
3 6799 6782 6796
3 6799 6796 6792
3 6774 6763 6778
3 6774 6749 6763
3 6768 6785 6754
3 6779 6787 6778
3 6782 6775 6776
3 6779 6776 6787
3 6773 6776 6775
3 6788 6793 6808
3 6813 6811 6814
3 6813 6809 6811
3 6787 6783 6778
3 6809 6783 6787
3 6809 6781 6811
3 6776 6781 6787
3 6815 6786 6816
3 6811 6812 6814
3 6810 6784 6783
3 6786 6784 6810
3 6787 6781 6809
3 6809 6816 6810
3 6810 6816 6786
3 6810 6783 6809
3 6812 6819 6820
3 6818 6812 6811
3 6823 6824 6813
3 6705 6689 6683
3 6679 6681 6825
3 6828 6813 6824
3 6814 6823 6813
3 6681 6689 6825
3 6820 6825 6823
3 6827 6705 6829
3 6689 6705 6821
3 6823 6821 6822
3 6826 6812 6818
3 6826 6773 6805
3 6819 6812 6826
3 6817 6819 6826
3 6820 6819 6825
3 6717 6715 6716
3 6817 6717 6716
3 6819 6817 6679
3 6679 6817 6716
3 6679 6716 6674
3 6823 6825 6821
3 6822 6830 6823
3 6827 6821 6705
3 6821 6825 6689
3 6773 6818 6781
3 6679 6825 6819
3 6826 6818 6773
3 6826 6805 6817
3 6781 6818 6811
3 6831 6832 6833
3 6832 6837 6833
3 6842 6839 6838
3 6843 6839 6840
3 6832 6831 6836
3 6845 6840 6839
3 6843 6838 6839
3 6843 6841 6822
3 6840 6835 6836
3 6847 6846 6835
3 6840 6836 6841
3 6841 6843 6840
3 6831 6834 6836
3 6834 6830 6836
3 6847 6835 6840
3 6845 6847 6840
3 6848 6833 6844
3 6836 6830 6841
3 6824 6830 6834
3 6836 6835 6832
3 6816 6834 6831
3 6809 6813 6828
3 6815 6793 6786
3 6831 6815 6816
3 6849 6831 6833
3 6793 6850 6808
3 6848 6849 6833
3 6849 6815 6831
3 6780 6786 6777
3 6830 6822 6841
3 6828 6824 6834
3 6828 6816 6809
3 6812 6820 6814
3 6823 6814 6820
3 6830 6824 6823
3 6828 6834 6816
3 6832 6835 6837
3 6863 6855 6865
3 6866 6859 3025
3 6862 6865 6864
3 6853 6863 6865
3 3082 6866 3024
3 3008 3005 3082
3 6866 6858 6859
3 3082 3084 6866
3 3024 3008 3082
3 6866 3084 6858
3 6866 3025 3024
3 6855 6856 6857
3 6863 6856 6855
3 6857 6856 6869
3 6855 6864 6865
3 6851 6855 6852
3 6858 6854 6859
3 6862 6867 6865
3 6851 6860 6870
3 6862 6861 6867
3 6853 6865 6867
3 6860 2955 6870
3 6864 6851 6868
3 6864 6855 6851
3 6854 6863 6853
3 6859 6854 6853
3 6854 6856 6863
3 3092 6854 6858
3 3092 6856 6854
3 3088 3092 6858
3 6876 6874 6877
3 2991 2953 2971
3 3321 6878 6876
3 6871 6876 6878
3 6878 6879 6871
3 6873 6870 6872
3 3029 3030 6880
3 2991 6877 6875
3 3322 6878 3316
3 6868 6862 6864
3 6874 6871 6861
3 6872 2955 2947
3 6859 3030 3025
3 2955 6872 6870
3 2953 2991 6873
3 2953 6873 6872
3 2961 2991 2971
3 6873 6868 6870
3 6875 6873 2991
3 2953 6872 2947
3 6882 3017 3011
3 3322 3021 3016
3 3016 3017 6881
3 6878 3322 6879
3 6868 6875 6862
3 6882 3026 3029
3 2969 6876 6877
3 3026 3011 3009
3 6871 6880 6861
3 6871 3029 6880
3 6871 6874 6876
3 6880 6867 6861
3 3321 3316 6878
3 3016 6881 6879
3 6881 6882 3029
3 3011 3026 6882
3 6881 3017 6882
3 6879 6881 6871
3 6881 3029 6871
3 6875 6861 6862
3 6874 6875 6877
3 6873 6875 6868
3 2991 2961 6877
3 6876 2969 3321
3 6875 6874 6861
3 3030 6853 6880
3 6877 2961 2969
3 6853 3030 6859
3 6880 6853 6867
3 3322 3016 6879
3 6886 6883 6885
3 6887 6885 6888
3 6888 6885 3094
3 3086 3094 3091
3 6889 6886 6885
3 3091 3094 6883
3 6885 6887 6884
3 6889 6885 6890
3 3094 6885 6883
3 6890 6885 6884
3 6894 6895 6891
3 6891 6892 6893
3 3095 6894 6888
3 6894 6891 6888
3 6898 6897 6895
3 6898 6895 6894
3 6899 6898 6894
3 6895 6892 6891
3 6900 6892 6895
3 3095 6888 3094
3 6896 6891 6893
3 6888 6891 6887
3 6914 6916 6915
3 6899 3056 6898
3 6912 6917 6918
3 6916 6914 6924
3 3056 3057 3070
3 6916 6927 6928
3 6927 6916 6929
3 6903 6923 6904
3 2378 3106 3102
3 6924 6931 6932
3 6919 6908 6922
3 6914 6931 6924
3 6904 6923 6921
3 6919 6898 6935
3 3058 3070 3057
3 3070 6939 3056
3 6919 6927 6908
3 6927 6919 6935
3 6905 6926 6902
3 6897 6907 6911
3 3070 3079 6939
3 3056 6939 6935
3 6939 3079 6938
3 6913 6934 6930
3 6938 3079 3067
3 6935 6939 6938
3 6919 6922 6897
3 6905 6913 6926
3 6925 6905 6941
3 6943 6933 3107
3 6941 6905 6920
3 6929 6944 6930
3 6913 6905 6922
3 6907 6925 6911
3 6897 6922 6907
3 6927 6935 6938
3 6907 6922 6905
3 6895 6918 6900
3 6943 3106 6937
3 6932 6945 6946
3 6914 6933 6931
3 6933 6914 6947
3 6909 6941 6910
3 6925 6912 6911
3 6931 6933 6936
3 6928 3068 6915
3 6936 6933 6943
3 6942 6937 3106
3 6916 6924 6929
3 6945 6903 6948
3 6928 6938 3067
3 6942 6903 6937
3 6945 6931 6936
3 6932 6949 6924
3 6937 6936 6943
3 6915 3068 6950
3 6947 6950 3107
3 6915 6950 6947
3 6914 6915 6947
3 6934 6913 6908
3 6934 6929 6930
3 2378 2377 6942
3 2377 2376 6942
3 3105 3107 6950
3 6931 6945 6932
3 2376 6903 6942
3 6934 6927 6929
3 6913 6930 6926
3 3068 3081 6950
3 6929 6924 6944
3 6903 6904 6948
3 3106 6943 3107
3 6933 6947 3107
3 3105 6950 3081
3 6944 6924 6949
3 6911 6918 6897
3 6925 6907 6905
3 3067 3068 6928
3 6898 3056 6935
3 6899 3095 3056
3 3095 6899 6894
3 6940 6910 6920
3 6906 6901 6902
3 6904 6921 6948
3 6930 6902 6926
3 6937 6903 6936
3 3069 3081 3068
3 6936 6903 6945
3 6911 6912 6918
3 6928 6927 6938
3 6915 6916 6928
3 6934 6908 6927
3 6898 6919 6897
3 6945 6948 6946
3 6940 6902 6901
3 6942 3106 2378
3 6913 6922 6908
3 6932 6946 6949
3 6897 6918 6895
3 6896 6953 6952
3 6891 6952 6887
3 6952 6953 6955
3 6887 6954 6884
3 6887 6952 6954
3 6951 6884 6954
3 6845 6839 6958
3 6951 6954 6964
3 6964 6954 6961
3 6957 6951 6964
3 6963 6968 6969
3 6961 6955 6960
3 6964 6961 6965
3 6972 6960 6963
3 6955 6967 6959
3 6959 6960 6955
3 6955 6953 6967
3 6952 6955 6954
3 6962 6963 6969
3 6972 6975 6960
3 6967 6970 6959
3 6957 6964 6956
3 6973 6975 6974
3 6956 6964 6974
3 6964 6973 6974
3 6965 6973 6964
3 6965 6960 6975
3 6954 6955 6961
3 6966 6967 6953
3 6965 6961 6960
3 6959 6970 6968
3 6960 6968 6963
3 6960 6959 6968
3 6973 6965 6975
3 6983 6838 6827
3 6728 6980 6985
3 6982 6981 6985
3 6746 6981 6982
3 6977 6985 6980
3 6842 6977 6958
3 6726 6979 6728
3 6728 6979 6980
3 6957 6980 6984
3 6957 6956 6980
3 6725 6979 6726
3 6987 6958 6977
3 6956 6974 6987
3 6984 6978 6884
3 6845 6958 6972
3 6958 6987 6974
3 6979 6984 6980
3 6979 6978 6984
3 6984 6951 6957
3 6978 6988 6890
3 6951 6984 6884
3 6958 6974 6975
3 6845 6972 6989
3 6958 6975 6972
3 6956 6987 6977
3 6979 6986 6978
3 6725 6730 6979
3 6982 6985 6983
3 6842 6838 6983
3 6728 6746 6729
3 6728 6981 6746
3 6956 6977 6980
3 6981 6728 6985
3 6827 6838 6843
3 6977 6842 6985
3 6983 6746 6982
3 6979 6730 6986
3 6842 6983 6985
3 6842 6958 6839
3 6856 6889 6869
3 3092 6886 6856
3 6889 6856 6886
3 6884 6978 6890
3 6827 6843 6822
3 6704 6746 6705
3 6978 6986 6988
3 6883 6886 3092
3 6821 6827 6822
3 6883 3092 3091
3 6986 6990 6988
3 6746 6983 6829
3 6746 6829 6705
3 6983 6827 6829
3 6993 5790 6994
3 6993 2793 2711
3 3772 3942 3773
3 2791 2700 2793
3 3942 3777 3773
3 2794 2791 2793
3 5799 6996 5795
3 6993 6994 2793
3 3771 3772 3773
3 2791 2794 6992
3 2797 2791 6998
3 2799 2797 6998
3 5799 6997 6996
3 5796 2789 5799
3 2789 2798 2799
3 2790 3777 3942
3 6993 2711 2692
3 2789 2799 5799
3 2700 2675 2701
3 2711 2793 2701
3 6998 2791 6992
3 2700 2701 2793
3 6992 2793 6994
3 3777 2790 5797
3 6992 2794 2793
3 5799 2799 6997
3 2790 2782 5797
3 5797 2782 5796
3 6995 2692 2699
3 6997 2799 6998
3 3942 3789 2787
3 2787 2790 3942
3 2782 2789 5796
3 6995 6993 2692
3 6999 5787 5790
3 6999 6993 6995
3 6999 5790 6993
3 7000 5787 6999
3 5791 7002 7003
3 7001 5788 5793
3 6997 7002 5791
3 5791 7003 5786
3 6992 5790 7003
3 6996 7001 5795
3 7001 6997 5791
3 6997 7001 6996
3 7002 6998 6992
3 7003 7002 6992
3 5790 6992 6994
3 6997 6998 7002
3 5791 5788 7001
3 7003 5790 5786
3 5788 5789 5793
3 5997 5793 5789
3 7001 5793 5795
3 5792 5787 7000
3 5800 5793 5997
3 6851 6870 6868
3 7007 6857 7005
3 7005 6857 6990
3 6988 6889 6890
3 6869 6889 6988
3 6747 6986 6730
3 6986 6991 6990
3 7006 7005 6990
3 6990 6869 6988
3 6990 6857 6869
3 6991 7006 6990
3 6991 6986 6747
3 7009 7006 6991
3 6719 6747 6744
3 6747 6719 6991
3 6740 6739 6744
3 7008 6991 6719
3 6747 6740 6744
3 7008 7009 6991
3 6852 6855 6857
3 2955 6860 7011
3 2955 7012 2946
3 2954 7012 2951
3 2946 7012 2954
3 7011 7012 2955
3 6860 6852 7011
3 6860 6851 6852
3 2721 2950 7014
3 2647 2952 2648
3 2721 7013 2950
3 7013 2952 2950
3 7013 2648 2952
3 2648 7013 2660
3 7013 2682 2660
3 7013 2721 2682
3 7010 7011 7015
3 7010 7014 2950
3 7010 7016 7014
3 7021 7022 7019
3 2718 2721 7014
3 2951 7012 2950
3 7017 7021 7019
3 7006 7018 7015
3 7007 7011 6852
3 7010 7015 7016
3 7021 7016 7018
3 7017 7016 7021
3 7016 7015 7018
3 6748 7020 7019
3 7020 7017 7019
3 2718 7017 7024
3 7015 7005 7006
3 7020 7023 7017
3 7017 7023 7024
3 7014 7016 7017
3 6857 7007 6852
3 7007 7015 7011
3 7017 2718 7014
3 7015 7007 7005
3 7012 7011 7010
3 2950 7012 7010
3 7018 7006 7009
3 7021 7009 7008
3 7026 6748 7027
3 7027 7019 7022
3 6707 6710 6693
3 7026 7027 7025
3 6719 7025 7008
3 6748 7019 7027
3 7021 7018 7009
3 7022 7021 7008
3 7025 6731 7026
3 6710 6690 6724
3 6731 6745 6721
3 7025 6745 6731
3 7028 6722 6724
3 6722 7026 6731
3 7028 7026 6722
3 7028 6748 7026
3 7028 7020 6748
3 7022 7025 7027
3 7028 6724 6690
3 7025 6719 6743
3 6693 6710 6724
3 7022 7008 7025
3 7025 6743 6745
3 7030 2695 7029
3 2694 7036 7035
3 2695 7030 2710
3 7037 7038 7029
3 7033 7039 7034
3 7040 7034 7035
3 7031 2694 7035
3 7031 7035 7034
3 6706 7041 2694
3 2694 7041 7036
3 7040 7033 7034
3 7031 7034 7029
3 7039 7029 7034
3 7037 7029 7039
3 7040 7035 7036
3 7031 2695 2694
3 7038 7030 7029
3 7029 2695 7031
3 2714 6700 2713
3 2716 2705 2715
3 2713 6700 2715
3 6718 7020 6703
3 2716 2715 6700
3 7023 7020 2714
3 6718 6700 2714
3 6700 6718 6699
3 6703 6695 6718
3 7020 6718 2714
3 6686 6700 6699
3 7020 7028 6703
3 6703 7028 6690
3 7024 7023 2714
3 2709 2714 2713
3 7024 2714 2709
3 2718 7024 2709
3 2708 2706 2690
3 2699 2710 7042
3 2699 2690 2710
3 2710 2706 2695
3 7030 7032 2710
3 7032 7042 2710
3 6995 2699 7042
3 2690 2706 2710
3 2692 2691 2699
3 7044 7032 7030
3 7038 7044 7030
3 7044 7038 7043
3 7038 7037 7043
3 5859 5999 5847
3 5852 5832 5834
3 7046 5845 5841
3 7046 5841 5833
3 5833 5832 7046
3 7046 5832 5847
3 5847 5832 5852
3 7047 7046 5847
3 7047 5845 7046
3 5820 5830 5833
3 7048 6634 6637
3 7049 7050 7048
3 7047 7049 6637
3 7048 6656 6657
3 6626 5844 5845
3 7050 7052 7051
3 7047 6637 5845
3 5846 6626 5845
3 6656 7048 7051
3 7050 7051 7048
3 6635 7048 6657
3 5844 5843 5845
3 6637 5846 5845
3 5784 5785 5792
3 7052 6656 7051
3 7049 7048 6637
3 7053 7050 7049
3 6635 6634 7048
3 7052 5784 7004
3 5999 7053 7049
3 7000 7055 5792
3 7044 7000 6999
3 7044 7057 7000
3 5792 7055 7004
3 7032 6999 6995
3 7044 6999 7032
3 7000 7057 7055
3 7056 7004 7055
3 7043 7057 7044
3 6995 7042 7032
3 6646 6647 7058
3 7058 6647 7059
3 7056 7061 7060
3 7059 6647 6635
3 7061 7056 7043
3 7059 7060 7061
3 7059 7061 7062
3 7043 7056 7057
3 5792 7004 5784
3 7060 6658 7054
3 6658 6656 7054
3 7059 6658 7060
3 6635 6657 6658
3 7059 6635 6658
3 7057 7056 7055
3 6658 6657 6656
3 6647 6633 6635
3 7056 7060 7054
3 7054 6656 7004
3 7004 6656 7052
3 7056 7054 7004
3 7063 7064 7061
3 7061 7064 7062
3 7063 7061 7043
3 7045 7063 7043
3 7065 7064 7063
3 7043 7037 7045
3 7065 7066 7064
3 5859 6001 5999
3 7053 6000 7052
3 7053 7052 7050
3 5847 7049 7047
3 6000 7053 5999
3 6000 5999 5997
3 5999 7049 5847
3 5784 6000 5789
3 7052 6000 5784
3 7037 7039 7045
3 7040 7068 7033
3 7069 7067 7033
3 7069 7073 7072
3 7068 7069 7033
3 7067 7039 7033
3 6801 7073 7074
3 7074 6789 6800
3 7067 7063 7045
3 7075 6804 7076
3 7075 6801 6800
3 6800 6804 7075
3 7074 7069 7068
3 7072 7065 7069
3 6802 6789 6790
3 7063 7067 7065
3 6789 6802 6800
3 7071 7075 7076
3 7039 7067 7045
3 7074 7073 7069
3 7069 7065 7067
3 7074 6800 6801
3 7068 7040 7070
3 7070 7074 7068
3 7036 7070 7040
3 6789 7070 7077
3 6717 6806 7078
3 7079 7081 6799
3 7078 6806 7080
3 7077 7079 6792
3 7079 6799 6792
3 7077 7070 7082
3 7081 7082 6713
3 7082 7070 7036
3 7079 7077 7081
3 7081 7077 7082
3 6792 6789 7077
3 6717 6817 6806
3 6715 7078 6711
3 6713 7082 7041
3 6706 6712 7041
3 7078 6715 6717
3 6714 6697 6715
3 7070 6789 7074
3 6714 6715 6711
3 7036 7041 7082
3 7078 6713 6711
3 6713 7078 7080
3 7041 6712 6713
3 6806 6799 7080
3 7080 6799 7081
3 6805 6806 6817
3 6713 7080 7081
3 7072 7073 7066
3 7066 7065 7072
3 7083 7085 7084
3 7083 7086 7066
3 7073 7083 7066
3 7086 7064 7066
3 7086 7083 7088
3 7073 7085 7083
3 6801 7085 7073
3 6655 7088 7083
3 7091 6652 6655
3 7058 7059 7062
3 7058 7062 7089
3 6642 7058 7089
3 7089 7064 7086
3 6643 6642 7090
3 6655 6643 7090
3 6642 7089 7090
3 7090 7088 6655
3 7090 7089 7086
3 7089 7062 7064
3 7090 7086 7088
3 6642 6646 7058
3 7076 6804 6803
3 6668 6666 7092
3 6654 6670 6653
3 6666 6670 7092
3 6652 6654 6653
3 6670 6654 7092
3 7093 7094 7095
3 6666 6659 6653
3 7092 6654 7094
3 7093 7092 7094
3 7096 7071 7076
3 7097 7091 7098
3 7071 7099 7087
3 7100 7091 7097
3 7095 7103 7093
3 7087 7075 7071
3 7084 7087 7104
3 7075 7084 7085
3 7085 6801 7075
3 7087 7084 7075
3 7071 7096 7099
3 7091 7095 7094
3 7099 7098 7087
3 7100 7095 7091
3 7099 7102 7098
3 7102 7097 7098
3 6652 6650 6655
3 7084 7104 7083
3 7098 7104 7087
3 6655 7083 7104
3 6652 7091 7094
3 6655 7104 7091
3 7104 7098 7091
3 7094 6654 6652
3 6848 7105 6808
3 7106 7107 7105
3 7109 7105 7110
3 6808 7105 7108
3 7105 7107 7108
3 7107 7111 7112
3 7111 7107 7106
3 7113 7111 7106
3 7110 7105 6848
3 7113 7114 7116
3 7117 7118 7119
3 6807 7120 7119
3 7119 7118 6807
3 7121 7122 7117
3 7125 7123 7121
3 7117 7119 7127
3 7127 7125 7121
3 7128 7125 7127
3 7119 7120 7127
3 7121 7117 7127
3 7129 7112 7111
3 7125 7130 7126
3 7112 7129 7125
3 7127 7120 7128
3 7130 7125 7129
3 7129 7111 7116
3 7111 7113 7116
3 7116 7130 7129
3 7112 7125 7128
3 7107 7112 7131
3 7112 7128 7131
3 7128 7120 7131
3 7108 7107 7131
3 6808 7108 7131
3 7114 7133 7134
3 7114 7115 7116
3 7135 7138 7140
3 7133 7114 7113
3 7142 7137 7134
3 7130 7116 7145
3 7137 7142 7149
3 7141 7134 7137
3 7154 7137 7146
3 7149 7152 7146
3 7145 7139 7147
3 7137 7149 7146
3 7154 7146 7153
3 7138 7136 7145
3 7136 7139 7145
3 7134 7115 7114
3 7138 7150 7140
3 7144 7143 7148
3 7152 7153 7146
3 7138 7135 7136
3 7151 7152 7149
3 7115 7134 7141
3 7115 7141 7143
3 7115 7138 7116
3 7150 7138 7115
3 7155 7147 7139
3 7158 7147 7159
3 7155 7139 7136
3 7138 7145 7116
3 7150 7115 7143
3 7148 7143 7141
3 7162 7160 7161
3 7162 7165 7160
3 7162 7161 7141
3 7163 7133 7106
3 7133 7113 7106
3 7142 7134 7133
3 7154 7162 7137
3 7141 7137 7162
3 7132 7163 7164
3 7142 7133 7163
3 7132 7142 7163
3 7164 7109 7110
3 7163 7109 7164
3 7109 7106 7105
3 7163 7106 7109
3 7166 6976 6962
3 6846 7167 7168
3 6847 7167 6846
3 7166 7167 6847
3 6989 7166 6847
3 6989 7169 7166
3 6835 6846 6837
3 6989 6976 7169
3 6837 7168 7170
3 6976 7166 7169
3 6976 6972 6963
3 6976 6989 6972
3 6846 7168 6837
3 6976 6963 6962
3 6989 6847 6845
3 6833 6837 7170
3 6808 6850 6848
3 6815 6849 6850
3 6793 6815 6850
3 6848 6850 6849
3 7180 7175 7178
3 6844 7110 6848
3 7171 7173 7153
3 7173 7175 7153
3 7172 7173 7171
3 6844 6833 7170
3 6844 7179 7110
3 7171 7153 7152
3 7181 7182 7173
3 7176 7174 7177
3 7181 7173 7172
3 6969 7176 7177
3 6844 7170 7179
3 7182 7175 7173
3 7132 7164 7110
3 7174 7132 7179
3 7132 7110 7179
3 7151 7142 7132
3 7149 7142 7151
3 7151 7174 7176
3 7174 7151 7132
3 6969 7152 7176
3 7171 7152 7183
3 6969 7183 7152
3 7172 7171 7183
3 7152 7151 7176
3 6968 7183 6969
3 6971 7183 6968
3 6968 6970 6971
3 7170 7184 7177
3 6969 7177 6962
3 7170 7177 7179
3 7168 7167 7170
3 7179 7177 7174
3 7170 7167 7184
3 6962 7184 7166
3 6962 7177 7184
3 7167 7166 7184
3 7187 7188 7186
3 7135 7186 7157
3 7189 7191 7190
3 7189 7192 7191
3 7191 7135 7190
3 7186 7188 7157
3 7186 7135 7191
3 7196 7195 7194
3 7196 7193 7187
3 7196 7187 7199
3 7198 7196 7200
3 7200 7196 7194
3 7188 7187 7193
3 7201 7188 7193
3 7155 7136 7157
3 7193 7198 7202
3 7198 7193 7196
3 7135 7157 7136
3 7195 7199 7197
3 7196 7199 7195
3 7191 7192 7187
3 7199 7187 7192
3 7186 7191 7187
3 7204 7208 7207
3 7209 7210 7211
3 7210 7155 7157
3 7205 7212 7206
3 7203 7201 7205
3 7156 7155 7210
3 7202 7205 7201
3 7215 7208 7213
3 7188 7210 7157
3 7147 7155 7156
3 7206 7213 7205
3 7212 7205 7202
3 7217 7147 7156
3 7213 7203 7205
3 7211 7210 7188
3 7188 7201 7211
3 7215 7213 7206
3 7204 7211 7203
3 7215 7207 7208
3 7203 7213 7204
3 7209 7211 7204
3 7216 7218 7206
3 7216 7206 7212
3 7209 7214 7210
3 7211 7201 7203
3 7204 7213 7208
3 7156 7210 7214
3 7218 7215 7206
3 7219 7220 7221
3 7223 7225 7224
3 7223 7222 7225
3 7220 7224 7221
3 7226 7223 7224
3 7228 7220 7219
3 7224 7220 7226
3 7222 7148 7161
3 7160 7225 7161
3 7141 7161 7148
3 7222 7161 7225
3 7148 7222 7144
3 7190 7230 7189
3 7227 7150 7143
3 7189 7231 7192
3 7190 7140 7227
3 7140 7190 7135
3 7227 7143 7144
3 7232 7230 7223
3 7189 7230 7232
3 7223 7230 7227
3 7233 7197 7234
3 7222 7223 7227
3 7226 7232 7223
3 7227 7140 7150
3 7236 7233 7234
3 7237 7236 7234
3 7237 7234 7235
3 7199 7235 7197
3 7234 7197 7235
3 7231 7189 7232
3 7237 7235 7232
3 7231 7235 7199
3 7237 7232 7226
3 7190 7227 7230
3 7231 7199 7192
3 7232 7235 7231
3 7222 7227 7144
3 7195 7197 7238
3 7242 7233 7244
3 7233 7236 7244
3 7236 7220 7244
3 7244 7243 7242
3 7238 7233 7242
3 7197 7233 7238
3 7241 7245 7246
3 7241 7219 7245
3 7241 7246 7247
3 7240 7242 7247
3 7243 7241 7247
3 7243 7247 7242
3 7220 7236 7226
3 7241 7243 7228
3 7243 7244 7228
3 7244 7220 7228
3 7219 7241 7228
3 7237 7226 7236
3 7238 7248 7249
3 7250 7248 7240
3 7238 7242 7248
3 7219 7251 7245
3 7251 7252 7245
3 7249 7195 7238
3 7248 7242 7240
3 7247 7246 7239
3 7239 7250 7240
3 7247 7239 7240
3 7101 7256 7254
3 7100 7103 7095
3 7258 7100 7257
3 7254 7097 7102
3 7256 7255 7254
3 7100 7097 7254
3 7257 7254 7255
3 7259 7256 7101
3 7102 7101 7254
3 7254 7257 7100
3 7261 7268 7265
3 7261 7260 7268
3 7260 7264 7267
3 7260 6769 6770
3 6766 6750 6764
3 7260 7266 7268
3 7261 6769 7260
3 7261 7265 7262
3 7267 7266 7260
3 7259 7262 7265
3 6798 7262 7263
3 7262 6798 6797
3 7259 7255 7256
3 7265 7255 7259
3 6797 6772 7261
3 7268 7269 7265
3 7263 7262 7259
3 6772 6769 7261
3 6797 7261 7262
3 6798 7263 7271
3 6798 7271 7096
3 7267 7264 7272
3 7076 6803 7096
3 7260 6770 7264
3 6770 6766 7264
3 7272 6764 7270
3 7267 7272 7270
3 7096 7271 7273
3 6798 7096 6803
3 7264 6766 7272
3 6802 6795 6803
3 7096 7273 7099
3 6795 6798 6803
3 7272 6766 6764
3 7271 7101 7273
3 7099 7273 7101
3 7102 7099 7101
3 6764 6765 7270
3 7263 7259 7101
3 7263 7101 7271
3 7270 6765 6767
3 7266 7275 7277
3 7270 7274 7275
3 7274 7270 6767
3 7270 7275 7267
3 5761 5760 5767
3 5733 5739 5761
3 5777 5719 5723
3 5724 5733 5761
3 5723 5724 5761
3 5767 5753 5723
3 5761 5767 5723
3 7281 7282 7283
3 7283 7285 7279
3 7280 7286 7287
3 7287 7285 7283
3 7283 7282 7280
3 7288 7293 7292
3 7280 5727 7286
3 7278 7290 7294
3 7289 7295 7291
3 7278 7279 7285
3 7282 7281 7284
3 7279 7294 7283
3 7286 5727 5733
3 7279 7278 7294
3 7287 7283 7280
3 7296 7284 7281
3 7298 7296 7297
3 7283 7299 7281
3 7300 7276 7301
3 7291 7276 7300
3 7300 7296 7298
3 7298 7291 7300
3 5727 7280 7282
3 7284 5735 7282
3 5735 5727 7282
3 7297 7296 7281
3 7297 7299 7293
3 7294 7299 7283
3 7299 7297 7281
3 7297 7293 7298
3 7298 7289 7291
3 7298 7288 7289
3 7293 7288 7298
3 7294 7290 6672
3 5713 7305 5722
3 5719 5713 5722
3 6672 7290 7304
3 6672 7304 6669
3 6671 7302 6672
3 7290 7278 7306
3 7304 7290 7306
3 7286 5724 7305
3 5724 7286 5733
3 7305 5716 7304
3 7305 5713 5716
3 7278 7285 7306
3 7287 7286 7285
3 7286 7306 7285
3 7306 7305 7304
3 7286 7305 7306
3 5715 7304 5716
3 5715 6669 7304
3 5724 5722 7305
3 7294 7292 7299
3 7292 7293 7299
3 7309 7310 7288
3 7311 7289 7308
3 7312 7269 7311
3 7289 7311 7295
3 7257 7255 7312
3 7309 7292 7294
3 7258 7257 7312
3 7265 7269 7312
3 7275 7266 7267
3 7269 7268 7266
3 7294 6672 7309
3 7303 6672 7302
3 7277 7295 7266
3 7295 7311 7266
3 7289 7288 7308
3 7309 7288 7292
3 7315 7313 7103
3 7288 7307 7308
3 7265 7312 7255
3 7313 7314 7302
3 7315 7258 7314
3 7093 7103 7313
3 7103 7100 7315
3 7307 7258 7308
3 7308 7312 7311
3 7314 7258 7307
3 7315 7314 7313
3 6668 7313 6671
3 6671 7313 7302
3 7314 7307 7310
3 7308 7258 7312
3 7258 7315 7100
3 7313 6668 7093
3 6668 7092 7093
3 7314 7310 7303
3 7288 7310 7307
3 7302 7314 7303
3 7269 7266 7311
3 7309 6672 7303
3 7310 7309 7303
3 7274 6767 6760
3 6755 7318 6761
3 6752 6761 6762
3 6756 6755 6761
3 7317 7274 6762
3 6762 7318 7317
3 7319 7317 7318
3 7317 7321 7274
3 6762 7274 6760
3 7322 7321 7317
3 7319 7318 7320
3 7301 7320 7316
3 7301 7319 7320
3 7301 7322 7319
3 6762 6761 7318
3 7317 7319 7322
3 7323 7324 7316
3 7320 7323 7316
3 7316 7324 5735
3 7320 7325 7323
3 7295 7277 7322
3 7324 5731 5735
3 7277 7274 7321
3 7284 7296 5735
3 7301 7276 7322
3 7324 5747 5731
3 7276 7295 7322
3 7276 7291 7295
3 5735 7296 7327
3 7301 7316 7327
3 7275 7274 7277
3 7300 7301 7327
3 7327 7316 5735
3 7277 7321 7322
3 7300 7327 7296
3 7318 6755 7328
3 7318 7328 7325
3 7325 7328 7326
3 7329 7326 7328
3 7333 7334 7331
3 7336 7329 7330
3 7336 7326 7329
3 6755 7332 7328
3 7333 7331 7329
3 7332 7122 7335
3 6757 7122 7332
3 7333 7329 7337
3 7331 7330 7329
3 7332 6755 6757
3 7325 7326 7323
3 7320 7318 7325
3 7323 7326 7336
3 7323 7336 7324
3 7324 7336 5748
3 5748 5747 7324
3 5744 7330 7338
3 7339 7340 7217
3 7340 7334 7341
3 7330 5748 7336
3 7338 7330 7331
3 7340 7342 7334
3 7340 7344 7342
3 7342 7338 7331
3 7341 7217 7340
3 7345 7348 7346
3 7348 7347 7346
3 7343 5744 7338
3 5748 7330 5744
3 7334 7342 7331
3 7349 7346 7339
3 7347 7340 7339
3 7346 7347 7339
3 7343 5750 5744
3 7217 7349 7339
3 7344 7340 7347
3 7337 7335 7124
3 7126 7158 7351
3 7123 7125 7126
3 7349 7156 7214
3 7341 7350 7351
3 7332 7335 7328
3 7217 7159 7147
3 7158 7126 7147
3 7329 7328 7335
3 7335 7337 7329
3 7333 7337 7350
3 7145 7126 7130
3 7124 7350 7337
3 7147 7126 7145
3 7346 7349 7214
3 7334 7333 7341
3 7159 7217 7341
3 7333 7350 7341
3 7159 7341 7351
3 7122 7352 7124
3 7350 7124 7352
3 7349 7217 7156
3 7335 7122 7124
3 7159 7351 7158
3 7121 7123 7352
3 7351 7352 7123
3 7350 7352 7351
3 7126 7351 7123
3 7122 7121 7352
3 7131 7120 6788
3 6777 7120 6807
3 7131 6788 6808
3 6780 6777 6807
3 6751 6780 6807
3 6777 6788 7120
3 7122 6757 7117
3 7118 6751 6807
3 7117 6757 7118
3 6752 6751 6757
3 7118 6757 6751
3 7353 7354 2362
3 7358 7359 7360
3 7363 7364 7365
3 7366 7367 7368
3 7359 7372 7373
3 7361 7371 7366
3 7377 7356 7357
3 7375 7367 7366
3 7359 7355 7372
3 7371 7361 7362
3 7381 7379 7378
3 7367 7375 7360
3 7376 7381 7378
3 7367 7359 7373
3 7383 7365 7384
3 7375 7385 7364
3 7380 7378 7379
3 7383 7363 7365
3 7379 7363 7383
3 7360 7369 7386
3 7370 7360 7386
3 7359 7358 7355
3 7381 7363 7379
3 7371 7385 7375
3 7367 7373 7368
3 7371 7387 7385
3 7362 7387 7371
3 7359 7367 7360
3 7358 7360 7370
3 7388 7369 7376
3 7364 7376 7375
3 7364 7381 7376
3 7375 7376 7369
3 7387 7356 7377
3 7389 7390 7380
3 7371 7375 7366
3 7379 7383 7380
3 7393 7382 7380
3 7390 7393 7380
3 7394 7391 7395
3 7354 7353 7391
3 7362 7356 7387
3 7376 7378 7388
3 7391 7396 7395
3 7380 7394 7378
3 7394 7382 7391
3 7364 7363 7381
3 7355 7358 7374
3 7360 7375 7369
3 7364 7385 7365
3 7380 7382 7394
3 7391 7382 7354
3 7398 7395 7396
3 7370 7386 7397
3 7378 7394 7399
3 7388 7397 7386
3 7394 7395 7399
3 7392 7382 7393
3 7378 7399 7388
3 7389 7380 7383
3 7369 7388 7386
3 7400 1734 7401
3 1733 4303 7401
3 7406 7403 7404
3 1733 7401 1734
3 1734 7400 7403
3 7406 7405 7403
3 7355 7374 7404
3 7404 7403 7402
3 1732 1733 1734
3 1734 7403 7405
3 7408 7405 7406
3 7406 7404 7407
3 7405 7408 2028
3 7408 2364 7409
3 7408 7409 7410
3 2353 7409 2356
3 7409 7411 7410
3 7408 7406 2366
3 2356 7409 2364
3 7409 2353 7411
3 7408 2366 2364
3 7412 7406 7407
3 7412 2366 7406
3 7412 7413 2366
3 2028 1725 1732
3 2042 7411 2353
3 1829 7411 2042
3 2028 7410 1741
3 2042 1831 1829
3 7405 2028 1732
3 7411 1829 1828
3 7411 1828 1741
3 1741 7410 7411
3 1732 1734 7405
3 2028 7408 7410
3 7413 7417 2366
3 7413 7419 7417
3 7420 7414 7418
3 7421 7413 7412
3 7416 7414 7373
3 2366 7417 2364
3 7417 2365 2364
3 2364 2365 2356
3 7422 7420 7418
3 7374 7407 7404
3 7368 7414 7420
3 7423 7418 7414
3 7368 7373 7414
3 7423 7414 7415
3 7416 7415 7414
3 7424 7416 7373
3 7374 7397 7421
3 7407 7374 7412
3 7427 7398 7419
3 7397 7427 7426
3 7370 7397 7358
3 7421 7397 7426
3 7419 7396 7417
3 7398 7399 7395
3 7391 7353 7396
3 7397 7388 7427
3 7374 7421 7412
3 7421 7426 7413
3 7427 7399 7398
3 7356 7362 7430
3 7429 7357 7431
3 7431 7357 7428
3 7396 7353 7417
3 7428 7357 7356
3 7428 7356 7430
3 7368 7420 7361
3 7353 2362 2365
3 7388 7399 7427
3 7419 7398 7396
3 7362 7420 7430
3 7417 7353 2365
3 7397 7374 7358
3 7426 7427 7419
3 7413 7426 7419
3 7420 7422 7430
3 7429 7433 7357
3 7361 7420 7362
3 7368 7361 7366
3 7424 7425 7416
3 7434 7437 7415
3 7434 7415 7425
3 7436 7401 7424
3 7416 7425 7415
3 7438 7434 7425
3 7424 7401 7425
3 7436 7372 7402
3 7372 7424 7373
3 4305 4304 7435
3 7425 7401 7438
3 7435 4304 7437
3 4303 7435 7401
3 7402 7355 7404
3 7424 7372 7436
3 7436 7400 7401
3 7402 7372 7355
3 7403 7400 7402
3 4305 7435 4303
3 7435 7434 7438
3 7402 7400 7436
3 7435 7438 7401
3 1730 1733 1726
3 1733 1732 1726
3 4303 1733 1730
3 7178 7441 7439
3 7444 7154 7153
3 6940 6901 7441
3 6901 7440 7441
3 7442 7441 7178
3 7442 6940 7441
3 6905 6902 6940
3 7165 7444 7180
3 6901 7446 7440
3 7446 6901 6906
3 7165 7445 7229
3 7180 7445 7165
3 7175 7180 7444
3 7175 7444 7153
3 7165 7162 7154
3 6910 6940 7443
3 7444 7165 7154
3 7182 7442 7175
3 7442 7443 6940
3 7165 7229 7160
3 6940 6920 6905
3 7442 7178 7175
3 7440 7449 7439
3 7180 7178 7439
3 7450 7451 7449
3 7180 7439 7445
3 7450 7449 7448
3 7439 7449 7445
3 7448 7449 7440
3 7160 7229 7447
3 7447 7229 7445
3 7446 7448 7440
3 7440 7439 7441
3 7448 7453 7450
3 7457 7389 7455
3 7456 7384 7460
3 7458 7463 7459
3 7458 7464 7463
3 7451 7464 7466
3 7463 7464 7451
3 7389 7456 7468
3 7462 7454 7461
3 7470 7467 7466
3 7470 7462 7467
3 7459 7471 7454
3 7454 7471 7475
3 7458 7470 7466
3 7457 7465 7389
3 7468 7461 7455
3 7472 7461 7460
3 7454 7475 7473
3 7384 7469 7460
3 7470 7454 7462
3 7473 7475 7465
3 7457 7473 7465
3 7456 7389 7383
3 7461 7473 7455
3 7461 7454 7473
3 7461 7468 7460
3 7456 7460 7468
3 7472 7462 7461
3 7456 7383 7384
3 7458 7454 7470
3 7458 7459 7454
3 7464 7458 7466
3 7468 7455 7389
3 7476 7477 7474
3 7481 7483 7482
3 7484 7486 7485
3 7476 7447 7477
3 7246 7245 7485
3 7250 7239 7486
3 7385 7490 7365
3 7491 7478 7494
3 7489 7493 7496
3 7474 7488 7487
3 7493 7495 7496
3 7499 7500 7501
3 7494 7502 7498
3 7483 7481 7489
3 7466 7474 7477
3 7489 7496 7483
3 7460 7469 7472
3 7469 7495 7472
3 7479 7478 7491
3 7496 7480 7483
3 7474 7466 7488
3 7495 7480 7496
3 7433 7497 7377
3 7479 7252 7251
3 7501 7479 7476
3 7489 7488 7466
3 7447 7449 7477
3 7490 7384 7365
3 7480 7469 7497
3 7504 7499 7481
3 7479 7251 7476
3 7504 7481 7482
3 7433 7482 7480
3 7504 7505 7500
3 7476 7474 7501
3 7494 7498 7491
3 7387 7377 7385
3 7469 7490 7497
3 7493 7472 7495
3 7489 7466 7493
3 7466 7467 7493
3 7485 7239 7246
3 7477 7451 7466
3 7497 7490 7377
3 7486 7239 7485
3 7504 7500 7499
3 7487 7481 7499
3 7487 7488 7489
3 7384 7490 7469
3 7447 7445 7449
3 7495 7469 7480
3 7481 7487 7489
3 7451 7477 7449
3 7377 7357 7433
3 7377 7490 7385
3 7480 7497 7433
3 7494 7500 7507
3 7482 7483 7480
3 7478 7500 7494
3 7491 7252 7479
3 7501 7487 7499
3 7472 7493 7462
3 7432 7504 7482
3 7503 7494 7507
3 7474 7487 7501
3 7467 7462 7493
3 7478 7479 7501
3 7478 7501 7500
3 7432 7482 7433
3 7245 7252 7485
3 7492 7252 7491
3 7491 7498 7492
3 7485 7252 7492
3 7432 7433 7429
3 7484 7485 7492
3 7251 7508 7452
3 7251 7219 7221
3 7221 7508 7251
3 7452 7476 7251
3 7225 7508 7221
3 7225 7160 7452
3 7225 7452 7508
3 7224 7225 7221
3 7476 7452 7447
3 7452 7160 7447
3 7510 7511 7512
3 7390 7389 7509
3 7515 7514 7453
3 7509 7513 7516
3 7393 7516 7517
3 7509 7465 7475
3 7389 7465 7509
3 7511 7514 7519
3 7520 7510 7512
3 7519 7514 7515
3 7519 7512 7511
3 7471 7513 7475
3 7520 7512 7521
3 7510 7517 7516
3 7463 7453 7459
3 7509 7516 7390
3 7390 7516 7393
3 7510 7516 7513
3 7520 7517 7510
3 7463 7450 7453
3 7463 7451 7450
3 7511 7513 7471
3 7514 7459 7453
3 7510 7513 7511
3 7511 7471 7459
3 7514 7511 7459
3 7509 7475 7513
3 2379 2371 2370
3 2372 2373 2370
3 2379 2370 2374
3 2370 2373 2374
3 2374 2378 3102
3 2374 3102 3099
3 2376 2375 2360
3 6923 2376 2360
3 6923 6903 2376
3 6909 6910 7443
3 7182 6909 7443
3 6971 7185 7183
3 7443 7442 7182
3 7522 7181 7185
3 6909 7182 7181
3 6909 7181 7522
3 7172 7185 7181
3 7185 7172 7183
3 6941 6920 6910
3 3063 3060 3066
3 3084 3088 6858
3 6953 6896 6966
3 6892 7523 6893
3 6896 6893 6966
3 7523 6900 6917
3 6909 7522 7524
3 6892 6900 7523
3 6909 7524 6912
3 6917 6900 6918
3 6966 7523 6917
3 6966 6893 7523
3 6925 6941 6909
3 6912 6925 6909
3 6970 6966 6917
3 6917 6912 7524
3 6970 6917 7524
3 6967 6966 6970
3 6971 7522 7185
3 7524 7522 6971
3 6971 6970 7524
3 6891 6896 6952
3 7525 7526 7518
3 6902 6930 6944
3 6906 7527 7518
3 7528 7529 6921
3 7515 7453 7446
3 7453 7448 7446
3 6949 7530 6944
3 7536 7534 7531
3 7515 6906 7518
3 7536 7530 6949
3 7535 6921 7529
3 7532 7534 7533
3 7527 7530 7531
3 6923 7528 6921
3 7535 6948 6921
3 7536 7535 7534
3 7537 7521 7519
3 7535 7533 7534
3 7532 7533 7540
3 7517 7520 7541
3 7539 7542 7543
3 7532 7540 7525
3 7545 7543 7542
3 7392 7393 7545
3 7526 7537 7519
3 7541 7520 7521
3 7545 7517 7541
3 7543 7540 7539
3 7525 7537 7526
3 7537 7541 7521
3 7535 7529 7544
3 7393 7517 7545
3 7535 7544 7533
3 7543 7537 7540
3 6946 6948 7536
3 6946 7536 6949
3 7536 6948 7535
3 7527 6906 6944
3 7530 7527 6944
3 7536 7531 7530
3 7525 7518 7527
3 7521 7512 7519
3 7545 7542 7392
3 7354 7542 7538
3 7392 7542 7354
3 7354 7382 7392
3 7543 7545 7541
3 7546 7528 2360
3 7546 7538 7544
3 7354 7546 2362
3 7533 7544 7539
3 2360 2362 7546
3 7544 7528 7546
3 7544 7529 7528
3 7538 7539 7544
3 7354 7538 7546
3 6902 6944 6906
3 2360 7528 6923
3 7525 7527 7531
3 7532 7531 7534
3 7525 7540 7537
3 7540 7533 7539
3 7519 7515 7526
3 7525 7531 7532
3 7543 7541 7537
3 6906 7515 7446
3 7518 7526 7515
3 7539 7538 7542
3 7549 7550 7547
3 7554 7553 7552
3 7550 7549 7551
3 7552 7553 7551
3 7558 7549 7547
3 7559 7552 7551
3 7558 7559 7549
3 7549 7559 7551
3 7547 7548 7556
3 7557 7556 7548
3 7557 7555 7556
3 7558 7547 7556
3 7345 7209 7204
3 7346 7209 7345
3 7214 7209 7346
3 7560 7561 7563
3 7561 7562 7564
3 7560 7562 7561
3 7564 7562 7568
3 7564 7568 5528
3 7573 7563 7348
3 7207 7573 7348
3 7216 7570 7218
3 7565 7572 7571
3 7563 7565 7348
3 7575 7560 7563
3 7574 7575 7573
3 7563 7573 7575
3 7573 7215 7574
3 7560 7575 7562
3 7565 7571 7348
3 7563 7561 7565
3 7573 7207 7215
3 7571 7347 7348
3 7574 7215 7218
3 7218 7576 7574
3 7576 7575 7574
3 7344 7347 7571
3 7576 7562 7575
3 7207 7345 7204
3 7207 7348 7345
3 7556 7216 7577
3 7578 7555 7579
3 7578 7556 7555
3 7216 7578 7570
3 7577 7559 7558
3 7579 7569 7578
3 7558 7556 7577
3 7216 7556 7578
3 7569 7567 7568
3 7576 7569 7568
3 7583 7585 7582
3 7570 7569 7218
3 7580 7586 7584
3 7580 7584 7581
3 7587 5518 5527
3 7569 7576 7218
3 7585 5516 7587
3 7585 7588 5516
3 7567 7585 7587
3 7569 7579 7567
3 7585 7567 7582
3 5527 7568 7587
3 7567 7579 7582
3 7589 7588 7585
3 7578 7569 7570
3 7567 7587 7568
3 7562 7576 7568
3 5528 5670 7591
3 7566 7564 7590
3 7564 5528 7590
3 7591 5670 5674
3 7591 7590 5528
3 7591 5674 7590
3 7594 5741 7593
3 5672 5740 7596
3 5740 5741 7596
3 7566 5674 7595
3 7595 7596 5741
3 7590 5674 7566
3 5674 7596 7595
3 7595 5741 7594
3 5674 5671 5672
3 7596 5674 5672
3 5673 5740 5672
3 5673 5751 5740
3 5750 7593 5743
3 7593 5741 5743
3 7593 5750 7597
3 5744 5750 5746
3 5743 5746 5750
3 5749 5725 5731
3 5749 5738 5725
3 7343 7342 7597
3 7597 5750 7343
3 7338 7342 7343
3 7571 7597 7344
3 7597 7342 7344
3 7594 7565 7592
3 7592 7564 7595
3 7593 7572 7594
3 7597 7572 7593
3 7571 7572 7597
3 7561 7592 7565
3 7564 7592 7561
3 7592 7595 7594
3 7564 7566 7595
3 7594 7572 7565
3 7212 7577 7216
3 7559 7598 7552
3 7212 7598 7577
3 7198 7212 7202
3 7202 7201 7193
3 7577 7598 7559
3 4337 4336 7599
3 4336 7602 7600
3 4336 7600 7599
3 7605 4309 4310
3 4310 4338 7605
3 7599 7603 4337
3 7607 7604 7599
3 4338 7608 7605
3 4337 7603 4338
3 7599 7609 7607
3 7599 7604 7603
3 7605 7608 7606
3 7604 7607 7614
3 7611 7614 7613
3 7615 7613 7614
3 7611 7604 7614
3 7611 7610 7604
3 7613 7615 7616
3 7599 7600 7609
3 7618 7619 7620
3 7622 7621 7548
3 7622 7619 7621
3 7622 7620 7619
3 7617 7618 7615
3 7616 7615 7620
3 7555 7582 7579
3 7581 7583 7582
3 7625 7584 7586
3 7586 7619 7629
3 7620 7622 7623
3 7582 7580 7581
3 7615 7614 7617
3 7628 7584 7624
3 7618 7620 7615
3 7623 7622 7550
3 7553 7623 7550
3 7553 7627 7623
3 7553 7626 7627
3 7619 7586 7621
3 7621 7580 7557
3 7586 7580 7621
3 7557 7582 7555
3 7629 7619 7618
3 7616 7620 7623
3 7621 7557 7548
3 7548 7547 7550
3 7557 7580 7582
3 7550 7551 7553
3 7550 7622 7548
3 7630 7631 7632
3 7637 7634 7638
3 7639 7640 7641
3 7506 7636 7253
3 7646 7636 7506
3 7647 7648 7649
3 7647 7650 7648
3 7249 7633 7554
3 7634 7647 7638
3 7647 7649 7638
3 7651 7652 7631
3 7642 7641 7653
3 7632 7631 7652
3 7638 7644 7637
3 7253 7633 7248
3 7650 7626 7253
3 7656 7657 7634
3 7651 7631 7658
3 7253 7248 7506
3 7250 7506 7248
3 7635 7634 7657
3 7195 7249 7194
3 7654 7504 7432
3 7644 7639 7655
3 7637 7655 7634
3 7633 7249 7248
3 7636 7648 7253
3 7660 7659 7640
3 7653 7640 7632
3 7643 7642 7653
3 7642 7639 7641
3 7630 7632 7507
3 7661 7643 7652
3 7655 7639 7642
3 7194 7554 7552
3 7553 7633 7626
3 7642 7643 7656
3 7661 7657 7643
3 7643 7653 7652
3 7662 7507 7632
3 7198 7598 7212
3 7253 7626 7633
3 7655 7642 7656
3 7630 7507 7654
3 7651 7661 7652
3 7653 7641 7640
3 7639 7660 7640
3 7636 7649 7648
3 7653 7632 7652
3 7645 7649 7646
3 7552 7598 7200
3 7659 7503 7662
3 7640 7659 7662
3 7656 7643 7657
3 7656 7634 7655
3 7200 7598 7198
3 7659 7502 7503
3 7638 7645 7644
3 7638 7649 7645
3 7503 7502 7494
3 7554 7194 7249
3 7648 7650 7253
3 7644 7655 7637
3 7553 7554 7633
3 7662 7503 7507
3 7646 7649 7636
3 7662 7632 7640
3 7200 7194 7552
3 7635 7608 7611
3 7627 7616 7623
3 7613 7616 7647
3 7626 7650 7616
3 7635 7647 7634
3 7613 7647 7635
3 7616 7627 7626
3 7635 7611 7613
3 7664 7635 7657
3 7657 7661 7663
3 7664 7657 7663
3 7610 7611 7608
3 7616 7650 7647
3 7660 7639 7644
3 7665 7646 7666
3 7668 7669 7502
3 7668 7666 7669
3 7484 7666 7667
3 7492 7498 7484
3 7660 7665 7668
3 7646 7665 7645
3 7644 7645 7665
3 7646 7667 7666
3 7484 7669 7666
3 7669 7498 7502
3 7484 7498 7669
3 7668 7665 7666
3 7668 7502 7659
3 7660 7668 7659
3 7660 7644 7665
3 7506 7667 7646
3 7670 7486 7667
3 7486 7670 7250
3 7250 7670 7506
3 7670 7667 7506
3 7484 7667 7486
3 7654 7507 7505
3 7507 7500 7505
3 7504 7654 7505
3 7422 7672 7671
3 7671 7658 7673
3 7673 7658 7431
3 7673 7431 7428
3 7672 7658 7671
3 7663 7661 7674
3 7676 7418 7423
3 7428 7671 7673
3 7430 7671 7428
3 7430 7422 7671
3 7423 7437 7677
3 7677 7437 7675
3 7677 7676 7423
3 7422 7676 7672
3 7676 7422 7418
3 7672 7678 7674
3 7432 7429 7654
3 7672 7676 7678
3 7672 7674 7651
3 4304 7675 7437
3 7672 7651 7658
3 7678 7679 7674
3 7654 7429 7431
3 7651 7674 7661
3 4307 7675 4304
3 4307 4304 4306
3 7658 7631 7431
3 7431 7631 7630
3 7654 7431 7630
3 7435 7437 7434
3 7663 7674 7679
3 4308 7675 4307
3 7437 7423 7415
3 4308 4309 7605
3 7612 4308 7605
3 7678 7677 7680
3 7678 7680 7679
3 7677 7678 7676
3 7680 7612 7605
3 7677 7675 7612
3 7675 4308 7612
3 7677 7612 7680
3 7605 7606 7680
3 7679 7680 7606
3 7679 7606 7681
3 7608 7635 7681
3 7604 7610 7603
3 7610 4338 7603
3 7610 7608 4338
3 7664 7681 7635
3 7679 7681 7664
3 7681 7606 7608
3 7663 7679 7664
3 7682 7687 7683
3 5469 5471 7684
3 7687 7688 7686
3 7689 7686 7688
3 7690 7691 7688
3 7683 7685 7684
3 5469 7684 7685
3 5467 5471 5469
3 7685 7687 7686
3 5471 5480 7684
3 7683 7687 7685
3 5483 5476 5473
3 5462 5530 5531
3 5462 5531 5473
3 5483 5473 5531
3 5528 7568 5527
3 7583 7581 7589
3 7683 7684 7693
3 5477 5483 7696
3 7696 5483 7698
3 5476 5483 5477
3 7694 7696 7697
3 7684 5480 5477
3 7696 7694 5477
3 7694 7693 5477
3 7684 5477 7693
3 5483 5531 7698
3 5521 7698 5515
3 5515 7698 5531
3 7698 7697 7696
3 7698 5521 7697
3 5515 5531 5513
3 7694 7697 7695
3 7699 5521 5514
3 5521 7700 7697
3 7695 7697 7700
3 5516 5518 7587
3 7588 7699 5516
3 7699 5514 5516
3 7695 7701 7694
3 5521 7699 7700
3 7588 7589 7695
3 7628 7695 7589
3 7628 7701 7695
3 7583 7589 7585
3 7700 7699 7588
3 7700 7588 7695
3 7702 7693 7624
3 7694 7701 7693
3 7624 7701 7628
3 7624 7693 7701
3 7589 7581 7584
3 7589 7584 7628
3 7691 7690 4273
3 7690 7682 7703
3 7692 7703 7682
3 7682 7688 7687
3 7688 7682 7690
3 7691 4263 4272
3 7691 7704 4263
3 4268 7704 4273
3 4263 7704 4268
3 7706 7707 4266
3 4270 7705 7709
3 7708 7689 4270
3 4267 4266 7705
3 7707 7711 7710
3 4266 7707 7705
3 4270 4267 7705
3 7707 7706 7711
3 7705 7707 7710
3 7705 7710 7709
3 4270 7689 4272
3 4270 7709 7708
3 7717 7716 7714
3 7718 7714 7715
3 7709 7710 7720
3 7719 7721 7709
3 7718 5481 7714
3 7720 7719 7709
3 7719 7720 7717
3 5481 7713 7714
3 7717 7722 7719
3 7713 7717 7714
3 5469 5482 5470
3 7722 7721 7719
3 7709 7721 7708
3 7708 7686 7689
3 7685 7686 5482
3 7723 5478 7721
3 5482 7686 7708
3 5469 7685 5482
3 5482 7708 7721
3 5482 7721 5478
3 7723 7721 7722
3 7726 7713 5479
3 7718 7725 5481
3 5463 5474 7727
3 7725 5475 5481
3 7724 7729 7728
3 7729 7724 7725
3 7726 7723 7722
3 7726 7722 7713
3 7725 7724 5475
3 7713 7722 7717
3 7713 5481 5479
3 7729 7725 7718
3 7726 5479 5478
3 7726 5478 7723
3 5475 5479 5481
3 7724 5474 5475
3 5474 7724 7727
3 7727 7724 7728
3 5461 5463 7727
3 7715 7716 7734
3 7716 7737 7730
3 7738 7739 7733
3 7718 7715 7736
3 7733 7739 7712
3 5362 5359 5363
3 7712 5363 5357
3 7731 7732 5313
3 5340 7739 7731
3 7731 7738 7730
3 7735 5342 5341
3 5338 7731 5313
3 7716 7717 7737
3 7731 7739 7738
3 7738 7716 7730
3 7715 7714 7716
3 5357 5368 7712
3 7712 5340 5336
3 7730 7732 7731
3 7737 7740 7732
3 5340 7712 7739
3 7733 7734 7716
3 7736 7715 7734
3 7734 5373 7736
3 5363 7712 5336
3 7730 7737 7732
3 7733 7716 7738
3 5363 5336 5362
3 7735 5341 7732
3 7735 7732 7740
3 7732 5341 5313
3 7733 7712 5368
3 5340 7731 5338
3 7743 7741 7744
3 5464 7742 5465
3 5464 5461 7742
3 7742 7743 5658
3 7742 5658 5452
3 7741 5461 7727
3 7741 7743 7742
3 7742 5461 7741
3 7734 7733 5373
3 5658 7748 5657
3 5657 7747 5653
3 5657 7748 7747
3 7745 5367 5378
3 5373 5367 7745
3 5373 7745 7746
3 5378 5367 5369
3 5378 7747 7745
3 7727 7728 7741
3 5378 5369 5371
3 7744 7736 7743
3 7718 7736 7744
3 7748 7745 7747
3 5653 7747 5656
3 7743 7746 7748
3 7729 7744 7741
3 5373 7733 5368
3 5370 7747 5378
3 7741 7728 7729
3 7743 7736 7746
3 5656 7747 5370
3 7742 5452 5465
3 5465 5453 5464
3 5658 7743 7748
3 5465 5452 5453
3 7748 7746 7745
3 7729 7718 7744
3 7736 5373 7746
3 4257 7706 4265
3 7711 5342 7735
3 4252 4257 4259
3 4251 4257 4249
3 7706 4257 4251
3 7706 5343 7711
3 4240 5343 4251
3 4244 5342 4240
3 7710 7711 7735
3 4251 5343 7706
3 7710 7740 7720
3 7720 7737 7717
3 5342 7711 5343
3 7740 7737 7720
3 4265 7706 4266
3 7740 7710 7735
3 7757 7758 7755
3 7693 7756 7692
3 7629 7752 7625
3 7754 7703 7692
3 7756 7693 7702
3 7702 7754 7756
3 7753 7703 7754
3 7754 7759 7753
3 7624 7625 7759
3 7753 7759 7752
3 7758 7703 7753
3 7759 7754 7702
3 7755 7752 7760
3 7752 7759 7625
3 7625 7624 7584
3 7586 7629 7625
3 7749 7750 7751
3 7754 7692 7756
3 7692 7683 7693
3 7755 7751 7750
3 7692 7682 7683
3 7755 7758 7752
3 7752 7758 7753
3 7624 7759 7702
3 7601 7600 7602
3 4273 7704 7691
3 7761 4273 7757
3 7688 7691 4272
3 7689 7688 4272
3 4273 7690 7757
3 4268 4273 7761
3 7757 7690 7703
3 7757 7703 7758
3 7750 7757 7755
3 7602 4335 4332
3 7763 7762 7749
3 7602 4332 7764
3 7602 7764 7601
3 7750 7762 7761
3 7750 7761 7757
3 7601 7609 7600
3 7750 7749 7762
3 4332 4329 4326
3 7751 7760 7609
3 7760 7751 7755
3 7764 4332 4331
3 7749 7601 7764
3 4332 4335 4329
3 7749 7764 4331
3 4331 7763 7749
3 7601 7751 7609
3 7751 7601 7749
3 4336 4335 7602
3 4274 4271 7762
3 4315 4291 4274
3 4271 7761 7762
3 4274 7762 7763
3 7763 4330 4315
3 4268 7761 4269
3 7763 4315 4274
3 4330 4316 4315
3 4271 4269 7761
3 4331 4330 7763
3 7629 7766 7767
3 7607 7609 7765
3 7609 7760 7765
3 7765 7760 7766
3 7629 7767 7752
3 7765 7617 7607
3 7767 7760 7752
3 7760 7767 7766
3 7766 7617 7765
3 7614 7607 7617
3 7766 7618 7617
3 7618 7766 7629
3 4254 4255 4262
3 4262 4255 4288
